_type,_id,_revision,_page.next,regionas,telkinio_pav,m_vietos_kodas,m_vietos_pav,koord,data,vandens_temp,suspend_medziagos,sarmingumas,deguonis_istirpes,ph,skaidrumas,elektr_laidis,biochem_deg_suvartojimas,amonio_azotas,nitritu_azotas,nitratu_azotas,azotas_mineralinis,azotas_bendras,fosfatu_fosforas,fosforas_bendras,anglingumas,chlorofilas_a,kalcio_karbonatas,gyvsidabris,kadmis,nikelis,svinas,varis,chromas,vanadis,aliuminis,alavas,arsenas,cinkas,antracenas,fluorantenas,naftalenas,benz_a_pirenas,benz_b_fluorantenas,benz_k_fluorantenas,benz_ghi_perilenas,inden_123_cd_pirenas,p4_n_nonilfenolis,p4_n_oktilfenolis,p4_nonilfenolis_sakot,p4_tert_oktilfenolis,nonilfenoliai,pentachlorfenolis,benzenas,p12_dichloretanas,p123_trichlorbenzenas,p124_trichlorbenzenas,heksachlorbutadienas,trichloretilenas,tetrachlormetanas,dichlormetanas,tetrachloretilenas,trichlormetanas,aldrinas,dieldrinas,izodrinas,endrinas,alfa_heksachlorcikloheksanas,beta_heksachlorcikloheksanas,gama_heksachlorcikloheksanas,heksachlorbenzenas,pentachlorbenzenas,alfa_endosulfanas,beta_endosulfanas,o_p_ddt,p_p_ddd,p_p_ddt,p_p_dde,simazinas,atrazinas,diuronas,izoproturonas,chinoksifenas,aklonifenas,cibutrinas,terbutrinas,chlorpyrifosas,chlorfenvinfosas,trifluralinas,heptachloras,heptachloro_epoksidas,tributilalavo_katijonas,di2_etilheksilftalatas,bde_28,bde_47,bde_85,bde_99,bde_100,bde_153,bde_154,pcb_28,pcb_52,pcb_101,pcb_118,pcb_138,pcb_153,pcb_180,pfos,dikofolis,alachloras,bifenoksas,cipermetrinas,dichlorvosas,p4_t_oktilfenolio_dietoksilatas,p4_t_oktilfenolio_monoetoksilatas,p4_t_oktilfenolio_trietoksilatas
datasets/gov/aaa/ezeru_monitoringas/EzeruValstybinioMonitoringoDuomenys,002bca3b-d516-4368-8f3c-cf244aabee07,ef975f3d-0d87-4033-93f7-a091ee440635,,Vilniaus,Drabužis,LTL116,Drabužis,POINT (6048718 541867),2021-07-29,24.8,2.1,3.2,8.68,8.68,2.1,381.0,1.5,0.022,"<0,005",0.016,0.043,0.425,"<0,015","<0,015",,3.7,,,,,,,,,,,,,,,,,,,,,,,,,,,,,,,,,,,,,,,,,,,,,,,,,,,,,,,,,,,,,,,,,,,,,,,,,,,,,,,,,,,,,,,,,
datasets/gov/aaa/ezeru_monitoringas/EzeruValstybinioMonitoringoDuomenys,003f1aed-aeed-4eda-88e4-1131734cf555,a8ca5c99-8c5e-4d4a-a47e-3d822ad04dbb,,Marijampolės,Vištytis,LTL68,Vištytis,POINT (6035329 417565),2021-07-28,25.2,4,2.6,7.2,8.6,4.3,251.0,1,0.02,0.002,0.03,0.052,0.41,"<0,007",0.059,,4.0,,,,,,,,,,,,,,,,,,,,,,,,,,,,,,,,,,,,,,,,,,,,,,,,,,,,,,,,,,,,,,,,,,,,,,,,,,,,,,,,,,,,,,,,,
datasets/gov/aaa/ezeru_monitoringas/EzeruValstybinioMonitoringoDuomenys,0062734a-90a4-4d96-8ce6-fa4f55d8c86e,218d2b93-517d-4d62-b7a1-1876d9297b42,,Utenos,Šventosios tvenkinys,LTL536,Šventosios tvenkinys,POINT (6173459 614866),2018-08-20,21.3,4.7,4.1,110.353,8.5,1.6,363.0,2.3,"<0,014",0.003,0.04,0.057,0.64,0.004,0.029,,11.1,,,,,,,,,,,,,,,,,,,,,,,,,,,,,,,,,,,,,,,,,,,,,,,,,,,,,,,,,,,,,,,,,,,,,,,,,,,,,,,,,,,,,,,,,
datasets/gov/aaa/ezeru_monitoringas/EzeruValstybinioMonitoringoDuomenys,007f2c89-a5c7-4f97-aa1a-d0ca226db00f,f73ea06b-5b19-4f57-bedc-d02862428e9f,,Vilniaus,Baltas,LTL338,Baltas,POINT (6126393 617851),2021-07-22,24.9,<2,2.7,8.2,8.23,4.3,312.0,1,"<0,02","<0,005",0.016,0.041,0.122,"<0,015","<0,015",,2.8,,,,,,,,,,,,,,,,,,,,,,,,,,,,,,,,,,,,,,,,,,,,,,,,,,,,,,,,,,,,,,,,,,,,,,,,,,,,,,,,,,,,,,,,,
datasets/gov/aaa/ezeru_monitoringas/EzeruValstybinioMonitoringoDuomenys,008d3fda-c713-4c4d-85be-5d4be24a3ccc,7f81f16e-4e6e-433c-8b57-80245750c6bc,,Utenos,Išnarai,LTL344,Išnarai,POINT (6114181 602959),2020-07-27,22.3,3.4,3.7,9.8,8.68,1.4,327.0,2.1,"<0,015","<0,005",0.063,0.083,0.605,"<0,015",0.027,,5.0,,,,,,,,,,,,,,,,,,,,,,,,,,,,,,,,,,,,,,,,,,,,,,,,,,,,,,,,,,,,,,,,,,,,,,,,,,,,,,,,,,,,,,,,,
datasets/gov/aaa/ezeru_monitoringas/EzeruValstybinioMonitoringoDuomenys,00982328-b4ac-4b42-a8de-f4ce3ece74e8,edecfa6f-bed9-4884-bed6-06d5671509c4,,Utenos,Laukesas,LTL527,Laukesas,POINT (6181714 644152),2017-08-29,18.6,"<1,7",3.4,7.4,8.3,2.2,330.0,1.5,0.06,0.006,0.11,0.176,0.71,0.02,0.044,,7.6,,,,,,,,,,,,,,,,,,,,,,,,,,,,,,,,,,,,,,,,,,,,,,,,,,,,,,,,,,,,,,,,,,,,,,,,,,,,,,,,,,,,,,,,,
datasets/gov/aaa/ezeru_monitoringas/EzeruValstybinioMonitoringoDuomenys,009b4452-46ad-4438-858b-37a7d2df2782,1a8bb806-afee-4d7a-8365-479a65578519,,Utenos,Alnis,LTL65,Alnis,POINT (6127535 606156),2018-08-13,22.8,<2,1.9,113.716,9.0,6,155.0,1.2,0.03,"<0,001",0.01,0.041,0.59,0.003,0.012,,0.7,,,,,,,,,,,,,,,,,,,,,,,,,,,,,,,,,,,,,,,,,,,,,,,,,,,,,,,,,,,,,,,,,,,,,,,,,,,,,,,,,,,,,,,,,
datasets/gov/aaa/ezeru_monitoringas/EzeruValstybinioMonitoringoDuomenys,00ae33fd-28f2-45b9-8127-72af732fa028,178ccc26-17d1-4a6a-b8e6-b7fc9468d7bd,,Alytaus,Ilgis,LTL394,Ilgis,POINT (5988529 482829),2018-05-28,22.8,4,2.6,127.784,8.7,2,287.0,3.8,0.04,0.002,0.03,0.072,0.5,0.011,0.021,,17.7,,,,,,,,,,,,,,,,,,,,,,,,,,,,,,,,,,,,,,,,,,,,,,,,,,,,,,,,,,,,,,,,,,,,,,,,,,,,,,,,,,,,,,,,,
datasets/gov/aaa/ezeru_monitoringas/EzeruValstybinioMonitoringoDuomenys,00c24c35-6d7c-43b3-b6a2-9acda81572ec,797f9b07-bc32-460f-85df-8b9c53496e8d,,Alytaus,Kaviškis,LTL395,Kaviškis,POINT (5985400 472067),2019-07-23,21.7,5.5,2.3,13.5,8.6,2.6,253.0,3.4,0.05,0.005,0.07,0.121,0.6,0.016,0.038,,4.3,,,,,,,,,,,,,,,,,,,,,,,,,,,,,,,,,,,,,,,,,,,,,,,,,,,,,,,,,,,,,,,,,,,,,,,,,,,,,,,,,,,,,,,,,
datasets/gov/aaa/ezeru_monitoringas/EzeruValstybinioMonitoringoDuomenys,00d1f61f-e0dd-4d6f-a5c3-65587da2db1f,21e8c9fa-2cd0-4e1a-9a78-59d389cba4d5,,Utenos,Laukesas,LTL527,Laukesas,POINT (6181714 644152),2017-10-09,10.8,6,3.6,7.0,8.3,4.1,337.0,1.7,0.09,0.013,0.26,0.363,0.99,0.024,0.051,,25.6,,,,,,,,,,,,,,,,,,,,,,,,,,,,,,,,,,,,,,,,,,,,,,,,,,,,,,,,,,,,,,,,,,,,,,,,,,,,,,,,,,,,,,,,,
datasets/gov/aaa/ezeru_monitoringas/EzeruValstybinioMonitoringoDuomenys,00e3f3f9-4a37-4c82-bc53-336cea0c63ef,216782a2-b2e7-41ee-917c-79ed5368ea0b,,Utenos,Utenykštis,LTL320,Utenykštis,POINT (6147667 627613),2019-07-16,19.8,<2,3.7,10.3,8.5,3.6,332.0,1.8,"<0,014","<0,001",0.03,0.045,0.31,"<0,002",0.011,,32.6,,,,,,,,,,,,,,,,,,,,,,,,,,,,,,,,,,,,,,,,,,,,,,,,,,,,,,,,,,,,,,,,,,,,,,,,,,,,,,,,,,,,,,,,,
datasets/gov/aaa/ezeru_monitoringas/EzeruValstybinioMonitoringoDuomenys,010f4ea5-8569-43b3-a838-a34596d8dc4f,46845221-5551-42c4-b0f6-247547469f4d,,Alytaus RAAD,Latežeris,LTL513,Latežeris,,2022-09-26,14.0,4,3.7,12.5,8.9,0.9,263.0,5.7,0.09,0.002,0.1,0.192,0.89,"<0,007",0.048,,31.0,,,,,,,,,,,,,,,,,,,,,,,,,,,,,,,,,,,,,,,,,,,,,,,,,,,,,,,,,,,,,,,,,,,,,,,,,,,,,,,,,,,,,,,,,
datasets/gov/aaa/ezeru_monitoringas/EzeruValstybinioMonitoringoDuomenys,012765d2-3f42-4da6-924c-6dfece9d8275,a5f7ef16-189b-4183-94ab-4d47691d4d10,,Alytaus,Ančia,LTL195,Ančia,POINT (5994964 479239),2020-07-21,23.3,3,2.3,9.1,8.5,2.5,350.0,2.6,0.08,0.004,0.04,0.6,0.124,0.007,0.035,,3.7,,,,,,,,,,,,,,,,,,,,,,,,,,,,,,,,,,,,,,,,,,,,,,,,,,,,,,,,,,,,,,,,,,,,,,,,,,,,,,,,,,,,,,,,,
datasets/gov/aaa/ezeru_monitoringas/EzeruValstybinioMonitoringoDuomenys,012cc4aa-288a-4d0f-ad80-566fa450f5d2,ebd17c15-d249-4c00-bc06-217030f81dd5,,Alytaus RAAD,Šlavantėlis,LTL515,Šlavantėlis,,2022-08-25,25.9,2,2.8,10.4,8.1,6.9,312.0,2.4,0.06,0.005,0.05,0.115,0.39,"<0,007",0.029,,7.1,,,,,,,,,,,,,,,,,,,,,,,,,,,,,,,,,,,,,,,,,,,,,,,,,,,,,,,,,,,,,,,,,,,,,,,,,,,,,,,,,,,,,,,,,
datasets/gov/aaa/ezeru_monitoringas/EzeruValstybinioMonitoringoDuomenys,013b8e54-192f-4811-9576-e8231fc4f979,22cb3e90-69a4-4b87-8cfb-fa85b1d5be2e,,Vilniaus,Skaistis,LTL136,Skaistis,POINT (6059182 562859),2018-05-09,16.3,<2,2.6,,8.61,5.6,320.0,2.2,0.825,"<0,004",0.03,0.859,0.914,0.035,0.036,,2.27,,,,,,,,,,,,,,,,,,,,,,,,,,,,,,,,,,,,,,,,,,,,,,,,,,,,,,,,,,,,,,,,,,,,,,,,,,,,,,,,,,,,,,,,,
datasets/gov/aaa/ezeru_monitoringas/EzeruValstybinioMonitoringoDuomenys,0150214d-add8-4c2b-9a95-17dffbee2fb5,c733bfe6-7689-4adf-89e7-6f4174d1f7f2,,Vilniaus RAAD,Vilnoja,LTL365,Vilnoja,,2022-05-04,10.5,2,2.6,12.54,8.66,3.0,228.0,4.0,"<0,02","<0,005",0.096,0.121,0.454,"<0,015",0.026,,7.6,,,,,,,,,,,,,,,,,,,,,,,,,,,,,,,,,,,,,,,,,,,,,,,,,,,,,,,,,,,,,,,,,,,,,,,,,,,,,,,,,,,,,,,,,
datasets/gov/aaa/ezeru_monitoringas/EzeruValstybinioMonitoringoDuomenys,01637287-d8a0-4d3e-bb60-6c3bdaa90186,46ff26af-ed71-4350-a006-0b1191965d04,,Klaipėdos,Skuodo tvenkinys,LTL260,Skuodo tvenkinys,POINT (6239381 345922),2018-08-22,21.0,7.5,4.2,,7.3,0.85,402.0,5.5,0.017,0.003,"<0,003",0.023,1.3,"<0,005",0.05,,8.95,,,,,,,,,,,,,,,,,,,,,,,,,,,,,,,,,,,,,,,,,,,,,,,,,,,,,,,,,,,,,,,,,,,,,,,,,,,,,,,,,,,,,,,,,
datasets/gov/aaa/ezeru_monitoringas/EzeruValstybinioMonitoringoDuomenys,016dad0c-229e-4ccf-b6eb-4094e8b6e6fd,edbce24f-7074-4dbc-a9af-618e1f3831da,,Utenos,Kiementas,LTL450,Kiementas,POINT (6105240 581096),2019-09-19,15.3,7.3,3.7,8.97,8.34,1.0,377.0,3.4,0.016,"<0,005",0.021,0.042,0.27,"<0,015","<0,015",,52.6,,,,,,,,,,,,,,,,,,,,,,,,,,,,,,,,,,,,,,,,,,,,,,,,,,,,,,,,,,,,,,,,,,,,,,,,,,,,,,,,,,,,,,,,,
datasets/gov/aaa/ezeru_monitoringas/EzeruValstybinioMonitoringoDuomenys,01979aac-cea2-42d3-80f5-227db8104482,ae0ba5d6-2662-4362-8461-abdaca2af46d,,Marijampolės RAAD,Stebuliškių tvenkinys,LTL542,Stebuliškių tvenkinys,,2022-08-31,20.5,4.5,3.6,6.7,7.9,1.2,967.0,4.3,0.07,0.055,2.1,2.225,2.9,"<0,007",0.053,,17.3,,,,,,,,,,,,,,,,,,,,,,,,,,,,,,,,,,,,,,,,,,,,,,,,,,,,,,,,,,,,,,,,,,,,,,,,,,,,,,,,,,,,,,,,,
datasets/gov/aaa/ezeru_monitoringas/EzeruValstybinioMonitoringoDuomenys,01b198fa-a9b3-4d1b-8d15-541a8c860ddd,3eb4242f-1851-4bee-9817-3aff023cbd53,,Vilniaus RAAD,Mažasai Siaurys,LTL352,Mažasai Siaurys,,2022-08-31,23.0,<2,0.72,9.2,8.44,4.8,72.0,1.6,"<0,02","<0,005",0.036,0.061,0.14,"<0,015","<0,015",,5.6,,,,,,,,,,,,,,,,,,,,,,,,,,,,,,,,,,,,,,,,,,,,,,,,,,,,,,,,,,,,,,,,,,,,,,,,,,,,,,,,,,,,,,,,,
datasets/gov/aaa/ezeru_monitoringas/EzeruValstybinioMonitoringoDuomenys,01b41fa2-7415-4ba7-8995-ecf350ddcfe3,a94a3da6-ac7f-49a7-ba92-4271eacb4b83,,Šiaulių,Kivylių tvenkinys,LTL270,Kivylių,POINT (6246663 419282),2017-09-25,14.0,3.7,5.3,5.8,8.4,1.1,738.0,1.9,0.014,0.047,4.8,4.861,5.0,0.041,0.1,,40.9,,,,,,,,,,,,,,,,,,,,,,,,,,,,,,,,,,,,,,,,,,,,,,,,,,,,,,,,,,,,,,,,,,,,,,,,,,,,,,,,,,,,,,,,,
datasets/gov/aaa/ezeru_monitoringas/EzeruValstybinioMonitoringoDuomenys,01b4506a-6cd3-4575-8496-f45e5825cdfe,fe3baed5-ee9f-46d9-b5be-fa22f7c46213,,Utenos,Svirkų ežeras,LTL388,Svirkų ežeras,POINT (6130406 669588),2019-09-26,9.7,14,4.5,9.8,8.71,0.6,426.0,4.9,0.14,0.006,0.102,0.248,0.508,0.019,0.081,,60.6,,,,,,,,,,,,,,,,,,,,,,,,,,,,,,,,,,,,,,,,,,,,,,,,,,,,,,,,,,,,,,,,,,,,,,,,,,,,,,,,,,,,,,,,,
datasets/gov/aaa/ezeru_monitoringas/EzeruValstybinioMonitoringoDuomenys,01d2a9fa-a191-4d33-8312-8e3f2fd0eded,a2b4f6d6-1caa-4d8b-894a-9a9416696df1,,Alytaus,Ilgis,LTL394,Ilgis,POINT (5988529 482829),2018-08-30,21.6,5,2.8,104.119,8.5,3,278.0,3.1,0.06,0.001,0.11,0.171,0.6,0.018,0.051,,3.5,,,,,,,,,,,,,,,,,,,,,,,,,,,,,,,,,,,,,,,,,,,,,,,,,,,,,,,,,,,,,,,,,,,,,,,,,,,,,,,,,,,,,,,,,
datasets/gov/aaa/ezeru_monitoringas/EzeruValstybinioMonitoringoDuomenys,020d8474-ed3a-48b6-97ff-8d878aae7b49,a4ae2544-6c70-48a5-8887-2acf408d8ac1,,Alytaus,Ilgis,LTL374,Ilgis,POINT (6036751 525398),2018-05-14,20.2,6,2.0,94.655,8.0,1.4,228.0,3.8,0.02,0.005,0.14,0.165,0.8,0.013,0.049,,12.2,,,,,,,,,,,,,,,,,,,,,,,,,,,,,,,,,,,,,,,,,,,,,,,,,,,,,,,,,,,,,,,,,,,,,,,,,,,,,,,,,,,,,,,,,
datasets/gov/aaa/ezeru_monitoringas/EzeruValstybinioMonitoringoDuomenys,0225805b-8ee6-43af-8fab-68978025e815,d0b11131-c07a-48c2-b38e-dd0f7a2dd803,,Utenos,Šventas,LTL39,Šventas,POINT (6166706 644760),2020-01-20,1.2,<2,0.92,14.2,7.9,8.3,110.0,2.2,0.08,0.003,0.15,0.233,0.23,0.006,0.009,,,,,,,,,,,,,,,,,,,,,,,,,,,,,,,,,,,,,,,,,,,,,,,,,,,,,,,,,,,,,,,,,,,,,,,,,,,,,,,,,,,,,,,,,,,
datasets/gov/aaa/ezeru_monitoringas/EzeruValstybinioMonitoringoDuomenys,0284fcdd-c6dc-4a70-920d-d2ae341d9257,651bae2f-1fef-49fe-9a73-f3e2e0bfccc4,,Kauno,KAUNO MARIOS,LTL71,Kauno marios,POINT (6084954 505731),2021-08-18,20.6,6.3,3.6,7.900000000000001,8.44,1.3,421.0,3.1,0.126,"<0,005",0.243,0.374,0.871,0.069,0.084,12.3,33.35,231,"<0,01","<0,1",3.4,1,1.7,<1,<2,"<0,1",<30,"<0,1",<15,"<0,002","<0,003","<0,002","<0,002","<0,002","<0,002","<0,003","<0,003",-,"<0,1","<0,1",,,"<0,05","<0,2","<0,2","<0,2","<0,2","<0,1","<0,1","<0,2","<0,2","<0,1","<0,2","<0,005","<0,005","<0,005","<0,005","<0,005","<0,005","<0,005","<0,005","<0,005","<0,004","<0,004","<0,005","<0,005","<0,005","<0,005","<0,05","<0,05","<0,05","<0,05","<0,05","<0,05","<0,05",,"<0,5","<0,5","<0,5","<0,005","<0,005",,0.79,"<0,005","<0,005","<0,005","<0,005","<0,005","<0,005","<0,005",,,,,,,,,"<0,001","<0,001","<0,001","<0,00005","<0,00005",-,-,-
datasets/gov/aaa/ezeru_monitoringas/EzeruValstybinioMonitoringoDuomenys,028e2555-c926-4347-9cdb-4ff4ff0adc53,1e00503a-d774-4509-ad70-3c064c3be702,,Šiaulių,Ilgis,LTL204,Ilgis,POINT (6210196 364291),2021-01-19,2.0,1.9,1.8,8.1,8.5,,166.0,0.65,0.054,0.002,0.15,0.206,0.47,"<0,006",0.013,,,,,,,,,,,,,,,,,,,,,,,,,,,,,,,,,,,,,,,,,,,,,,,,,,,,,,,,,,,,,,,,,,,,,,,,,,,,,,,,,,,,,,,,,,,
datasets/gov/aaa/ezeru_monitoringas/EzeruValstybinioMonitoringoDuomenys,029b61a2-b280-4c8a-a0cb-661cc5e23b6b,4b01a6e2-df02-4c7a-83de-baf4278d7276,,Utenos,Žvernas,LTL357,Žvernas,POINT (6104640 596627),2020-05-13,12.1,3.6,2.9,10.9,8.78,1.8,300.0,4.2,0.025,"<0,005",0.177,0.207,0.328,"<0,015","<0,015",,7.3,,,,,,,,,,,,,,,,,,,,,,,,,,,,,,,,,,,,,,,,,,,,,,,,,,,,,,,,,,,,,,,,,,,,,,,,,,,,,,,,,,,,,,,,,
datasets/gov/aaa/ezeru_monitoringas/EzeruValstybinioMonitoringoDuomenys,02b8ba28-5215-4d08-9064-4f8b0f0ac5bc,f911f1d1-0823-4864-aae6-b281611d3b32,,Kauno,Labūnavos tvenkinys,LTL411,Labūnavos tvenkinys,POINT (6116308 494047),2018-08-13,25.1,7.3,4.6,,8.45,1.2,589.0,3,0.12,0.033,0.12,0.273,1.1,0.003,0.06,,28.7,,,,,,,,,,,,,,,,,,,,,,,,,,,,,,,,,,,,,,,,,,,,,,,,,,,,,,,,,,,,,,,,,,,,,,,,,,,,,,,,,,,,,,,,,
datasets/gov/aaa/ezeru_monitoringas/EzeruValstybinioMonitoringoDuomenys,02bbb999-36c7-444f-8f75-ca4eed485633,0ceb5829-5bfa-4051-8cde-63af538c4b42,,Šiaulių,Sablauskių tvenkinys,LTL271,Sablauskių tvenkinys,POINT (6236793 430028),2017-08-17,22.0,6.4,5.6,5.9,9.0,1.2,688.0,2.5,"<0,008",0.002,0.003,0.013,1.1,"<0,005",0.053,,26.1,,,,,,,,,,,,,,,,,,,,,,,,,,,,,,,,,,,,,,,,,,,,,,,,,,,,,,,,,,,,,,,,,,,,,,,,,,,,,,,,,,,,,,,,,
datasets/gov/aaa/ezeru_monitoringas/EzeruValstybinioMonitoringoDuomenys,0307b137-4ce8-4e41-a1c6-ae04d529e990,fa50ad28-8913-4276-80b1-ef985ac642eb,,Šiaulių,Kivylių tvenkinys,LTL270,Kivylių,POINT (6246663 419282),2017-04-25,7.0,5.2,5.3,7.7,8.8,1.4,766.0,0.6,"<0,008",0.024,4.6,4.632,4.9,"<0,005",0.041,,8.05,,,,,,,,,,,,,,,,,,,,,,,,,,,,,,,,,,,,,,,,,,,,,,,,,,,,,,,,,,,,,,,,,,,,,,,,,,,,,,,,,,,,,,,,,
datasets/gov/aaa/ezeru_monitoringas/EzeruValstybinioMonitoringoDuomenys,030fb6e2-3d22-4b68-8d02-9a62936914f7,97bb5477-4bc0-4cb2-b1df-86ce6745bb2b,,Alytaus,Niedus,LTL240,Niedus,POINT (5986223 475252),2017-08-22,21.7,3.5,2.5,8.9,8.4,1.8,324.0,3.1,0.04,0.003,0.06,0.103,0.6,0.007,0.046,,9.69,,,,,,,,,,,,,,,,,,,,,,,,,,,,,,,,,,,,,,,,,,,,,,,,,,,,,,,,,,,,,,,,,,,,,,,,,,,,,,,,,,,,,,,,,
datasets/gov/aaa/ezeru_monitoringas/EzeruValstybinioMonitoringoDuomenys,032ed467-469c-470d-9db7-1c176ceacac0,4753c5d5-f065-4c27-8216-36933ef6d0ed,,Alytaus,Gudelių ežeras,LTL253,Gudelių ež.,POINT (6030044 491260),2020-08-21,24.2,3,3.5,9.2,8.7,1.6,323.0,3.5,0.02,0.002,0.04,0.6,0.062,0.007,0.03,,7.7,,,,,,,,,,,,,,,,,,,,,,,,,,,,,,,,,,,,,,,,,,,,,,,,,,,,,,,,,,,,,,,,,,,,,,,,,,,,,,,,,,,,,,,,,
datasets/gov/aaa/ezeru_monitoringas/EzeruValstybinioMonitoringoDuomenys,03e554a9-9b29-4a14-a3cb-cfcbc1647c28,26833d68-2738-4998-9d1e-5ec9de1ac02d,,Vilniaus RAAD,Vaisietis,LTL371,Vaisietis,,2022-08-30,23.7,<2,1.8,8.9,8.58,3.4,230.0,1.5,"<0,02","<0,005",0.045,0.07,0.13,0.03,0.033,,4.9,,,,,,,,,,,,,,,,,,,,,,,,,,,,,,,,,,,,,,,,,,,,,,,,,,,,,,,,,,,,,,,,,,,,,,,,,,,,,,,,,,,,,,,,,
datasets/gov/aaa/ezeru_monitoringas/EzeruValstybinioMonitoringoDuomenys,03eb1011-13e2-45ac-a1c2-387bd49e95b3,d8a6cc0f-69e1-439b-b349-5fdad1a4bbf9,,Vilniaus,Aukštadvario HE tvenkinys(ež.Baluosis ež.Sienis),LTL110,Aukštadvario HE tvenkinys,POINT (6048892 535009),2018-08-30,21.1,<2,2.8,103.175,8.4,4.1,329.0,1.2,"<0,01","<0,004","<0,016",0.03,0.299,0.016,0.017,,4,,,,,,,,,,,,,,,,,,,,,,,,,,,,,,,,,,,,,,,,,,,,,,,,,,,,,,,,,,,,,,,,,,,,,,,,,,,,,,,,,,,,,,,,,
datasets/gov/aaa/ezeru_monitoringas/EzeruValstybinioMonitoringoDuomenys,03f25495-c474-4cd7-9f7e-4f4d22966f44,634d4b18-a852-4486-85eb-5ea249105efd,,Vilniaus,Spėra,LTL114,Spėra,POINT (6087485 557081),2017-08-09,21.8,12,2.7,12.3,8.86,0.4,256.0,8.0,0.036,0.008,0.053,0.097,1.48,"<0,014","<0,014",,76.7,,,,,,,,,,,,,,,,,,,,,,,,,,,,,,,,,,,,,,,,,,,,,,,,,,,,,,,,,,,,,,,,,,,,,,,,,,,,,,,,,,,,,,,,,
datasets/gov/aaa/ezeru_monitoringas/EzeruValstybinioMonitoringoDuomenys,03f26fd4-c20a-482a-a4e8-8dfa5423d1aa,1ad807d9-19a9-4f24-91ff-c23f63bd69fd,,Utenos,Stirniai,LTL343,Stirniai,POINT (6124518 605749),2020-10-26,9.8,<2,2.4,9.8,8.2,6.0,242.0,2.2,0.06,0.002,0.05,0.112,0.46,"<0,002","<0,0081",,1.4,,,,,,,,,,,,,,,,,,,,,,,,,,,,,,,,,,,,,,,,,,,,,,,,,,,,,,,,,,,,,,,,,,,,,,,,,,,,,,,,,,,,,,,,,
datasets/gov/aaa/ezeru_monitoringas/EzeruValstybinioMonitoringoDuomenys,040f7da8-9c70-487d-8401-d22bb467efbc,c25f45ea-d577-434e-bda2-2bb10588b0ad,,Alytaus RAAD,Guostus,LTL454,Guostus,,2022-05-18,12.0,1.5,2.6,10.6,8.5,4.6,288.0,1.9,0.02,0.002,0.18,0.202,0.65,0.009,0.029,,2.8,,,,,,,,,,,,,,,,,,,,,,,,,,,,,,,,,,,,,,,,,,,,,,,,,,,,,,,,,,,,,,,,,,,,,,,,,,,,,,,,,,,,,,,,,
datasets/gov/aaa/ezeru_monitoringas/EzeruValstybinioMonitoringoDuomenys,040fd51a-dd63-4fc9-b34e-0f69098db492,472033db-74e4-4573-aacf-6e0d27e37dbc,,Alytaus,Simno ežeras,LTL196,Simno ežeras,POINT (6029242 476810),2020-09-22,15.8,25,3.2,11.5,9.1,0.7,352.0,4.2,0.03,0.003,0.04,1.2,0.073,0.013,0.12,,43.5,,,,,,,,,,,,,,,,,,,,,,,,,,,,,,,,,,,,,,,,,,,,,,,,,,,,,,,,,,,,,,,,,,,,,,,,,,,,,,,,,,,,,,,,,
datasets/gov/aaa/ezeru_monitoringas/EzeruValstybinioMonitoringoDuomenys,041c53d2-81f7-4470-93e8-629147f677b6,44da0756-6209-4e6c-b005-6c405244dbaa,,Alytaus,Pluvija,LTL512,Pluvija,POINT (6030583 493559),2020-05-28,16.8,12,3.3,11.6,8.7,0.8,431.0,5.9,0.02,0.004,0.08,0.8,0.104,0.007,0.04,,17.4,,,,,,,,,,,,,,,,,,,,,,,,,,,,,,,,,,,,,,,,,,,,,,,,,,,,,,,,,,,,,,,,,,,,,,,,,,,,,,,,,,,,,,,,,
datasets/gov/aaa/ezeru_monitoringas/EzeruValstybinioMonitoringoDuomenys,04486820-0cd6-4e2f-a528-06e305463070,971e3554-a880-4a05-be23-398446646ba9,,Utenos,Asavas,LTL310,Asavas,POINT (6167521 638935),2021-04-22,9.2,<2,2.9,12.9,8.3,3.5,285.0,2.6,0.03,0.004,0.11,0.144,0.53,0.003,0.0081,,4.3,,,,,,,,,,,,,,,,,,,,,,,,,,,,,,,,,,,,,,,,,,,,,,,,,,,,,,,,,,,,,,,,,,,,,,,,,,,,,,,,,,,,,,,,,
datasets/gov/aaa/ezeru_monitoringas/EzeruValstybinioMonitoringoDuomenys,0470d56e-79d3-4647-90a4-bbcef9dce1ce,da7e7b51-58ca-454c-8e6d-2c00ca653512,,Utenos,Klykių ežeras,LTL539,Klykių,POINT (6149905 611418),2018-04-25,7.4,<2,1.5,90.682,8.6,5,158.0,2.5,"<0,014","<0,001",0.02,0.035,0.42,"<0,002",0.0083,,7.99,,,,,,,,,,,,,,,,,,,,,,,,,,,,,,,,,,,,,,,,,,,,,,,,,,,,,,,,,,,,,,,,,,,,,,,,,,,,,,,,,,,,,,,,,
datasets/gov/aaa/ezeru_monitoringas/EzeruValstybinioMonitoringoDuomenys,049654ff-aeb8-440c-b84d-ceee57e1126b,0080b354-d4ad-4b30-9920-27c84b243d42,,Utenos,Zaduojys,LTL295,Zaduojys,POINT (6185959 617222),2019-07-18,19.5,3.9,4.3,9.9,8.5,3.0,380.0,1.3,0.014,"<0,001",0.05,0.065,0.08,"<0,002",0.01,,7.1,,,,,,,,,,,,,,,,,,,,,,,,,,,,,,,,,,,,,,,,,,,,,,,,,,,,,,,,,,,,,,,,,,,,,,,,,,,,,,,,,,,,,,,,,
datasets/gov/aaa/ezeru_monitoringas/EzeruValstybinioMonitoringoDuomenys,04afdd06-f704-464d-94ce-6795c2627df1,8fc81723-7a7a-4966-8d3e-15e4c810f8f3,,Vilniaus,Širvintų tvenkinys,LTL540,Širvintų HE tvenkinys,POINT (6100669 562243),2017-08-30,15.2,4.6,4.7,6.1,7.91,0.8,446.0,4.5,0.052,0.017,1.2,1.269,1.84,0.022,0.061,,7.1,,,,,,,,,,,,,,,,,,,,,,,,,,,,,,,,,,,,,,,,,,,,,,,,,,,,,,,,,,,,,,,,,,,,,,,,,,,,,,,,,,,,,,,,,
datasets/gov/aaa/ezeru_monitoringas/EzeruValstybinioMonitoringoDuomenys,04caf026-93fb-4c70-9310-7642c70edaed,6451c53b-d73c-44dd-948c-8a4e4d154d3d,,Alytaus,Alovės ežeras,LTL192,Alovės ež.,POINT (6022198 511676),2019-05-15,13.6,5,2.9,9.2,8.5,1.3,363.0,4.9,0.06,0.009,0.54,0.609,1.5,0.009,0.053,,9.5,,,,,,,,,,,,,,,,,,,,,,,,,,,,,,,,,,,,,,,,,,,,,,,,,,,,,,,,,,,,,,,,,,,,,,,,,,,,,,,,,,,,,,,,,
datasets/gov/aaa/ezeru_monitoringas/EzeruValstybinioMonitoringoDuomenys,04e442a0-38af-45c8-b213-65fe2f042fb0,a1723788-e637-4ad3-a915-894cc5e70ac2,,Alytaus,Obelija,LTL247,Obelija,POINT (6017997 489174),2021-09-27,12.5,3.5,3.3,9.7,8.5,3.6,341.0,1.5,0.05,0.002,0.02,0.072,0.17,0.007,0.057,,5.77,,,,,,,,,,,,,,,,,,,,,,,,,,,,,,,,,,,,,,,,,,,,,,,,,,,,,,,,,,,,,,,,,,,,,,,,,,,,,,,,,,,,,,,,,
datasets/gov/aaa/ezeru_monitoringas/EzeruValstybinioMonitoringoDuomenys,04f7d82c-53c8-4e14-96d0-e1cbd300d09f,8d803e94-14c3-473d-bbf7-599c67979e2d,,Vilniaus,Jurgonių tvenkinys,LTL428,Jurgonių,POINT (6012555 579160),2021-07-26,24.5,8.8,3.7,11.1,8.48,1.3,466.0,4.5,0.022,"<0,005",0.044,0.071,0.184,"<0,015",0.028,,24.2,,,,,,,,,,,,,,,,,,,,,,,,,,,,,,,,,,,,,,,,,,,,,,,,,,,,,,,,,,,,,,,,,,,,,,,,,,,,,,,,,,,,,,,,,
datasets/gov/aaa/ezeru_monitoringas/EzeruValstybinioMonitoringoDuomenys,04fc700e-acf2-4987-9993-2979fc3d2713,dc24b783-263b-4442-9954-c4347a8e2cca,,Utenos,Ilgys,LTL316,Ilgys,POINT (6156794 621674),2021-10-05,11.4,<2,3.9,8.6,8.3,5.7,363.0,1.4,0.04,0.006,0.34,0.386,1.3,0.003,0.01,,1.78,,,,,,,,,,,,,,,,,,,,,,,,,,,,,,,,,,,,,,,,,,,,,,,,,,,,,,,,,,,,,,,,,,,,,,,,,,,,,,,,,,,,,,,,,
datasets/gov/aaa/ezeru_monitoringas/EzeruValstybinioMonitoringoDuomenys,052d4b39-1d6c-4bdc-b3b5-9281626deb80,9fd17252-5ea0-44fd-925e-9cf845e6d001,,Utenos,Stirniai,LTL343,Stirniai,POINT (6124518 605749),2018-01-24,1.0,<2,2.7,83.509,8.6,6.8,255.0,1.5,0.02,0.002,0.1,0.122,0.45,0.004,"<0,0083",,,,,,,,,,,,,,,,,,,,,,,,,,,,,,,,,,,,,,,,,,,,,,,,,,,,,,,,,,,,,,,,,,,,,,,,,,,,,,,,,,,,,,,,,,,
datasets/gov/aaa/ezeru_monitoringas/EzeruValstybinioMonitoringoDuomenys,0574bbe3-3bcf-4283-a7b4-c1f3d5a3414f,36c853b6-646d-4332-9f35-1da803618cca,,Kauno,KAUNO MARIOS,LTL71,Kauno marios,POINT (6084954 505731),2021-06-01,17.1,10,3.6,13.1,8.94,1.4,420.0,2.7,0.06,0.017,0.16,0.237,1.38,"<0,015",0.055,10.9,65.6,222,"<0,01","<0,1",1,<1,3.2,<1,<2,0.3,<30,"<0,1",<15,"<0,002","<0,003","<0,002","<0,002","<0,002","<0,002","<0,003","<0,003",-,"<0,1","<0,1",,,"<0,05","<0,2","<0,2","<0,2","<0,2","<0,1","<0,1","<0,2","<0,2","<0,1","<0,2","<0,005","<0,005","<0,005","<0,005","<0,005","<0,005","<0,005","<0,005","<0,005","<0,004","<0,004","<0,005","<0,005","<0,005","<0,005","<0,05","<0,05","<0,05","<0,05","<0,05","<0,05","<0,05",,"<0,5","<0,5","<0,5","<0,005","<0,005",,0.69,"<0,005","<0,005","<0,005","<0,005","<0,005","<0,005","<0,005",,,,,,,,,"<0,001","<0,001","<0,001","<0,00005","<0,00005","<0,01","<0,01","<0,01"
datasets/gov/aaa/ezeru_monitoringas/EzeruValstybinioMonitoringoDuomenys,057e2bae-0790-4d2c-849c-1f58544291fc,2af3a073-0a06-4270-92d0-ecc014940b05,,Vilniaus,Baluošai,LTL358,Baluošai,POINT (6102150 599957),2021-07-27,24.5,<2,2.9,9.0,8.31,4.4,333.0,1.9,"<0,02","<0,005",0.025,0.05,0.18,0.059,0.063,,2.8,,,,,,,,,,,,,,,,,,,,,,,,,,,,,,,,,,,,,,,,,,,,,,,,,,,,,,,,,,,,,,,,,,,,,,,,,,,,,,,,,,,,,,,,,
datasets/gov/aaa/ezeru_monitoringas/EzeruValstybinioMonitoringoDuomenys,0594e070-abd2-49f0-a757-19cc92bbf434,ec191901-5ede-4e9c-9593-4e329e340237,,Utenos,Asavas,LTL310,Asavas,POINT (6167521 638935),2018-09-19,17.9,<2,3.0,101.911,8.6,2.5,281.0,1.4,0.02,"<0,001",0.03,0.051,0.47,"<0,002",0.014,,4.7,,,,,,,,,,,,,,,,,,,,,,,,,,,,,,,,,,,,,,,,,,,,,,,,,,,,,,,,,,,,,,,,,,,,,,,,,,,,,,,,,,,,,,,,,
datasets/gov/aaa/ezeru_monitoringas/EzeruValstybinioMonitoringoDuomenys,0597bf85-ac82-48b9-8d7c-d9083c247ad8,c3bc8c68-d281-43b4-a143-ad3281b44c94,,Utenos,Šiurpys,LTL311,Šiurpys,POINT (6169946 635569),2019-06-18,23.5,<2,1.0,9.4,8.8,6.8,90.0,1.6,0.04,0.001,0.05,0.091,0.26,0.002,0.0083,,0.8,,,,,,,,,,,,,,,,,,,,,,,,,,,,,,,,,,,,,,,,,,,,,,,,,,,,,,,,,,,,,,,,,,,,,,,,,,,,,,,,,,,,,,,,,
datasets/gov/aaa/ezeru_monitoringas/EzeruValstybinioMonitoringoDuomenys,05a03617-ac09-475a-a3f6-e37f520bd392,fa824595-ec1c-4e34-b648-ac870205f6f2,,Vilniaus,Šventas,LTL446,Šventas,POINT (6121795 629748),2020-10-08,14.3,7.3,4.1,9.0,8.42,1.2,432.0,2.3,0.065,"<0,005",0.065,0.135,0.691,"<0,015",0.016,,27.9,,,,,,,,,,,,,,,,,,,,,,,,,,,,,,,,,,,,,,,,,,,,,,,,,,,,,,,,,,,,,,,,,,,,,,,,,,,,,,,,,,,,,,,,,
datasets/gov/aaa/ezeru_monitoringas/EzeruValstybinioMonitoringoDuomenys,05aebade-fd5e-405f-9ac4-e1436e8c818f,8fdcce05-dcd8-4671-b04c-69685091308e,,Vilniaus,Vievis,LTL137,Vievis,POINT (6069040 552921),2018-09-24,17.5,<2,2.6,82.947,8.49,4.5,303.0,2.04,0.024,"<0,004",0.033,0.061,0.252,"<0,014","<0,014",,4.7,,,,,,,,,,,,,,,,,,,,,,,,,,,,,,,,,,,,,,,,,,,,,,,,,,,,,,,,,,,,,,,,,,,,,,,,,,,,,,,,,,,,,,,,,
datasets/gov/aaa/ezeru_monitoringas/EzeruValstybinioMonitoringoDuomenys,05f08970-0c32-4726-8816-6f68d14950a3,bfd22b8d-cf85-4d38-93bb-4f0cd5a6318f,,Utenos,Čičirys,LTL222,Čičirys,POINT (6187704 628556),2018-01-23,0.8,<2,3.4,94.208,8.7,6.8,323.0,2.5,0.02,0.003,0.22,0.243,0.5,0.003,0.011,,,,,,,,,,,,,,,,,,,,,,,,,,,,,,,,,,,,,,,,,,,,,,,,,,,,,,,,,,,,,,,,,,,,,,,,,,,,,,,,,,,,,,,,,,,
datasets/gov/aaa/ezeru_monitoringas/EzeruValstybinioMonitoringoDuomenys,063b5344-5d69-4693-9ca4-d27a3c1545e2,846eaf54-4343-4cf3-b0b4-e13ec0a6bd4d,,Utenos,Šventas,LTL39,Šventas,POINT (6166706 644760),2019-10-07,11.1,<2,0.98,8.9,8.2,8.6,95.0,0.9,0.03,0.001,0.02,0.051,0.18,0.002,"<0,0081",,1.6,,,,,,,,,,,,,,,,,,,,,,,,,,,,,,,,,,,,,,,,,,,,,,,,,,,,,,,,,,,,,,,,,,,,,,,,,,,,,,,,,,,,,,,,,
datasets/gov/aaa/ezeru_monitoringas/EzeruValstybinioMonitoringoDuomenys,065685fa-192a-42c1-b638-e4a5962c57e3,e4a03a81-16dd-4851-ab58-905f8aec0edb,,Vilniaus RAAD,Monis,LTL370,Monis,,2022-08-23,24.5,<2,0.92,7.94,8.57,5.4,108.0,0.9,"<0,02","<0,005","<0,015",0.04,0.241,"<0,015","<0,015",,1.8,,,,,,,,,,,,,,,,,,,,,,,,,,,,,,,,,,,,,,,,,,,,,,,,,,,,,,,,,,,,,,,,,,,,,,,,,,,,,,,,,,,,,,,,,
datasets/gov/aaa/ezeru_monitoringas/EzeruValstybinioMonitoringoDuomenys,065b0ded-4939-4d96-ae24-41626fde7028,15ecab8f-bacc-4191-a3a4-8d9123e6bfb4,,Utenos,Stirniai,LTL343,Stirniai,POINT (6124518 605749),2019-10-08,10.0,<2,2.4,8.1,8.4,6.2,245.0,1.1,0.03,0.003,0.05,0.083,0.33,"<0,002","<0,0081",,3.4,,,,,,,,,,,,,,,,,,,,,,,,,,,,,,,,,,,,,,,,,,,,,,,,,,,,,,,,,,,,,,,,,,,,,,,,,,,,,,,,,,,,,,,,,
datasets/gov/aaa/ezeru_monitoringas/EzeruValstybinioMonitoringoDuomenys,065fd445-e12c-4fb3-9eb1-b487f4fdfa78,759e539a-4168-48d8-881f-f5f561950670,,Panevėžio,Širvėnos ežeras,LTL437,Širvėnos ežeras,POINT (6231517 547007),2017-05-10,11.4,5.1,5.6,11.2,8.5,1.3,613.0,2.7,0.02,0.011,2.6,2.631,2.8,0.003,0.015,,35.8,,,,,,,,,,,,,,,,,,,,,,,,,,,,,,,,,,,,,,,,,,,,,,,,,,,,,,,,,,,,,,,,,,,,,,,,,,,,,,,,,,,,,,,,,
datasets/gov/aaa/ezeru_monitoringas/EzeruValstybinioMonitoringoDuomenys,0676b134-8d30-4126-8d7b-d8e6f682d005,441c198e-1e4a-426e-a2b1-886af693323e,,Vilniaus,Sarių ežeras,LTL381,Sarių,POINT (6106781 630411),2018-04-25,9.5,<2,3.6,,8.18,2.4,338.0,2.3,0.03,"<0,004",0.294,0.327,0.436,0.028,0.032,,0.58,,,,,,,,,,,,,,,,,,,,,,,,,,,,,,,,,,,,,,,,,,,,,,,,,,,,,,,,,,,,,,,,,,,,,,,,,,,,,,,,,,,,,,,,,
datasets/gov/aaa/ezeru_monitoringas/EzeruValstybinioMonitoringoDuomenys,068c1ad0-f40a-474f-a466-e33827f6a968,e1383e02-bf23-4d02-9c06-ef8d53332c25,,Alytaus,Seirijis,LTL193,Seirijis,POINT (6006959 489294),2018-08-21,23.1,5,3.2,107.311,8.6,5.1,268.0,2.8,0.06,0.001,0.04,0.101,0.6,0.018,0.054,,3.3,,,,,,,,,,,,,,,,,,,,,,,,,,,,,,,,,,,,,,,,,,,,,,,,,,,,,,,,,,,,,,,,,,,,,,,,,,,,,,,,,,,,,,,,,
datasets/gov/aaa/ezeru_monitoringas/EzeruValstybinioMonitoringoDuomenys,06d241ea-23e2-428d-98db-17db68e981e1,7cf9f420-2686-48fe-99fb-1179db6103ea,,Alytaus RAAD,Guostus,LTL454,Guostus,,2022-07-22,22.6,2,2.5,10.2,8.9,1.7,268.0,4.2,0.02,0.005,0.13,0.155,0.6,0.018,0.035,,11.9,,,,,,,,,,,,,,,,,,,,,,,,,,,,,,,,,,,,,,,,,,,,,,,,,,,,,,,,,,,,,,,,,,,,,,,,,,,,,,,,,,,,,,,,,
datasets/gov/aaa/ezeru_monitoringas/EzeruValstybinioMonitoringoDuomenys,06e0bb49-3a95-4184-b11d-cd94ad5a04ee,35918748-a176-4bb9-8b5e-64c1455ad9ee,,Utenos,Laukesas,LTL527,Laukesas,POINT (6181714 644152),2017-05-17,14.7,"<1,7",3.5,11.1,8.4,2.8,353.0,2.4,0.02,0.006,0.39,0.416,0.9,"<0,002",0.011,,19.4,,,,,,,,,,,,,,,,,,,,,,,,,,,,,,,,,,,,,,,,,,,,,,,,,,,,,,,,,,,,,,,,,,,,,,,,,,,,,,,,,,,,,,,,,
datasets/gov/aaa/ezeru_monitoringas/EzeruValstybinioMonitoringoDuomenys,06fb15fa-ef81-48a6-ab9b-1abd2c7493e3,0312178e-7196-4663-8351-c96cef14a767,,Šiaulių,Rėkyvos ežeras,LTL64,Rėkyvos,POINT (6192439 456065),2021-08-24,18.0,34,2.3,9.2,8.6,0.5,230.0,7.9,0.019,0.001,0.013,0.033,2.3,"<0,006",0.045,,76.96,,,,,,,,,,,,,,,,,,,,,,,,,,,,,,,,,,,,,,,,,,,,,,,,,,,,,,,,,,,,,,,,,,,,,,,,,,,,,,,,,,,,,,,,,
datasets/gov/aaa/ezeru_monitoringas/EzeruValstybinioMonitoringoDuomenys,075b7d32-56b6-4c1d-8ddc-a2fe8c8df76e,ae6a0e12-56ab-4a90-91f1-ecad13ba2bd8,,Vilniaus,Kančioginas,LTL386,Kančioginas,POINT (6122858 648752),2018-04-25,10.9,2.9,3.8,,8.13,1.8,309.0,2.3,0.043,0.008,0.573,0.624,0.731,"<0,014",0.019,,8.53,,,,,,,,,,,,,,,,,,,,,,,,,,,,,,,,,,,,,,,,,,,,,,,,,,,,,,,,,,,,,,,,,,,,,,,,,,,,,,,,,,,,,,,,,
datasets/gov/aaa/ezeru_monitoringas/EzeruValstybinioMonitoringoDuomenys,0786a20d-83c2-478f-9383-e8320b7c0500,cae6ee9c-2b76-4d91-827a-7e8b3d77582c,,Alytaus,Zapsys,LTL241,Zapsys,POINT (5998028 471189),2017-08-28,19.1,5,2.4,6.8,8.1,2.6,388.0,2.9,0.03,0.002,0.07,0.102,0.8,0.011,0.016,,23.92,,,,,,,,,,,,,,,,,,,,,,,,,,,,,,,,,,,,,,,,,,,,,,,,,,,,,,,,,,,,,,,,,,,,,,,,,,,,,,,,,,,,,,,,,
datasets/gov/aaa/ezeru_monitoringas/EzeruValstybinioMonitoringoDuomenys,07c3c51a-6b57-4ea0-97ed-309df2aa758b,db4577a8-0e38-4eda-afd0-845afba1020a,,Vilniaus RAAD,Galvė,LTL168,Galvė,,2022-07-19,19.8,<2,2.4,10.2,8.52,6.1,299.0,1.0,0.024,0.005,0.064,0.093,0.77,"<0,015",0.025,,5.4,,,,,,,,,,,,,,,,,,,,,,,,,,,,,,,,,,,,,,,,,,,,,,,,,,,,,,,,,,,,,,,,,,,,,,,,,,,,,,,,,,,,,,,,,
datasets/gov/aaa/ezeru_monitoringas/EzeruValstybinioMonitoringoDuomenys,07c63fe8-8145-42a6-9ca3-8452857cfa75,2b413263-d91a-48b9-bce1-235b402c5b31,,Šiaulių,Petraičių tvenkinys,LTL545,Petraičių tvenkinys,POINT (6198329 474729),2020-08-18,23.0,56,4.8,7.1,9.0,0.35,737.0,9.4,0.038,"<0,001",0.033,0.072,4.9,0.15,0.58,,74.49,,,,,,,,,,,,,,,,,,,,,,,,,,,,,,,,,,,,,,,,,,,,,,,,,,,,,,,,,,,,,,,,,,,,,,,,,,,,,,,,,,,,,,,,,
datasets/gov/aaa/ezeru_monitoringas/EzeruValstybinioMonitoringoDuomenys,07c7368d-a502-4035-a4e6-4cb90996e824,281f1197-6e54-4989-8089-b63e0e0f5083,,Klaipėdos,Lazdininkų tvenkinys,LTL263,Lazdininkų tvenkinys,POINT (6213336 324740),2019-08-22,22.0,1.7,3.2,8.1,7.6,2.8,309.0,4.1,0.039,"<0,001",0.013,0.053,1.0,0.01,0.032,,5.03,,,,,,,,,,,,,,,,,,,,,,,,,,,,,,,,,,,,,,,,,,,,,,,,,,,,,,,,,,,,,,,,,,,,,,,,,,,,,,,,,,,,,,,,,
datasets/gov/aaa/ezeru_monitoringas/EzeruValstybinioMonitoringoDuomenys,0832ed2a-4729-42a3-a0e7-c238ccc31d88,acc7e0dd-05c2-4e11-9def-a999ce1b2bf1,,Alytaus,Juodas Kauknoris,LTL174,Juodas Kauknoris,POINT (5987342 470399),2017-05-15,15.2,3.5,2.7,10.8,8.3,3.1,306.0,3.5,0.03,0.004,0.05,0.084,0.5,"<0,006",0.023,,7.1,,,,,,,,,,,,,,,,,,,,,,,,,,,,,,,,,,,,,,,,,,,,,,,,,,,,,,,,,,,,,,,,,,,,,,,,,,,,,,,,,,,,,,,,,
datasets/gov/aaa/ezeru_monitoringas/EzeruValstybinioMonitoringoDuomenys,08fa50ff-f301-4858-ae68-67a807ddf1e3,01dea75f-8608-4ea9-9c00-31e9de8ef065,,Šiaulių,Paežerių ežeras,LTL461,Paežerių,POINT (6202156 424935),2018-10-23,10.0,8,2.9,,8.6,1.4,420.0,2.9,0.019,0.003,"<0,003",0.025,0.93,"<0,005",0.037,,14.49,,,,,,,,,,,,,,,,,,,,,,,,,,,,,,,,,,,,,,,,,,,,,,,,,,,,,,,,,,,,,,,,,,,,,,,,,,,,,,,,,,,,,,,,,
datasets/gov/aaa/ezeru_monitoringas/EzeruValstybinioMonitoringoDuomenys,09b11564-4ed1-4301-beab-05ba216374e4,429d3fc4-e444-4007-81df-270ec7f5934d,,Alytaus,Baltosios Ančios HE tvenkinys,LTL189,Baltosios Ančios HE tvenkinys,POINT (5981346 485415),2017-07-19,21.0,4,1.5,10.3,8.5,2.1,345.0,2.6,0.07,0.003,0.1,0.173,0.5,0.009,0.074,,13.6,,,,,,,,,,,,,,,,,,,,,,,,,,,,,,,,,,,,,,,,,,,,,,,,,,,,,,,,,,,,,,,,,,,,,,,,,,,,,,,,,,,,,,,,,
datasets/gov/aaa/ezeru_monitoringas/EzeruValstybinioMonitoringoDuomenys,09e15aa3-f81a-4a58-be2c-b059aa07cf52,9de0dc0f-57cf-4ba4-8e67-02f046951c5c,,Vilniaus,Lazdinių ežeras,LTL389,Lazdinių ežeras,POINT (6121375 667846),2019-08-22,20.5,5,4.5,8.4,8.66,1.6,467.0,2.9,0.018,"<0,005",0.123,0.146,0.612,"<0,015",0.064,,22.5,,,,,,,,,,,,,,,,,,,,,,,,,,,,,,,,,,,,,,,,,,,,,,,,,,,,,,,,,,,,,,,,,,,,,,,,,,,,,,,,,,,,,,,,,
datasets/gov/aaa/ezeru_monitoringas/EzeruValstybinioMonitoringoDuomenys,09ef0e19-da38-4082-bb11-7956af8063e4,7f5e355e-1a1b-474a-9eb7-cd8eaff97f92,,Utenos,Svirkų ežeras,LTL388,Svirkų ežeras,POINT (6130406 669588),2019-08-22,20.7,11,3.9,8.2,8.43,0.6,430.0,8.7,0.019,"<0,005",0.069,0.093,0.475,"<0,015",0.069,,89.0,,,,,,,,,,,,,,,,,,,,,,,,,,,,,,,,,,,,,,,,,,,,,,,,,,,,,,,,,,,,,,,,,,,,,,,,,,,,,,,,,,,,,,,,,
datasets/gov/aaa/ezeru_monitoringas/EzeruValstybinioMonitoringoDuomenys,0a199842-7cac-4297-bfea-1c8b8934abe0,eda07347-a335-4649-a9a2-d447a6e3a13e,,Aplinkos apsaugos departamento Šiaulių valdyba,Juodeikių tvenkinys,LTL268,Juodeikių,,2022-08-17,24.0,6.2,4,6.3,7.9,4.0,392.0,3.0,0.04,0.003,0.011,0.054,0.83,"<0,006",0.038,,9.18,,,,,,,,,,,,,,,,,,,,,,,,,,,,,,,,,,,,,,,,,,,,,,,,,,,,,,,,,,,,,,,,,,,,,,,,,,,,,,,,,,,,,,,,,
datasets/gov/aaa/ezeru_monitoringas/EzeruValstybinioMonitoringoDuomenys,0a2e800d-2600-46ff-9b37-4960ff433260,a19b44a2-ce18-43dd-993a-f1b9d78df940,,Vilniaus,Kadrėnų tvenkinys,LTL162,Kadrėnų tvenkinys,POINT (6130624 552576),2017-07-25,20.1,3.2,4.2,10.7,8.41,1.1,530.0,4.8,0.049,0.044,1.827,1.92,2.43,0.04,0.042,,31.4,,,,,,,,,,,,,,,,,,,,,,,,,,,,,,,,,,,,,,,,,,,,,,,,,,,,,,,,,,,,,,,,,,,,,,,,,,,,,,,,,,,,,,,,,
datasets/gov/aaa/ezeru_monitoringas/EzeruValstybinioMonitoringoDuomenys,0a2f7afe-26ab-440e-8014-dacd203f53d3,fd5ef8a8-86e2-4704-ac9b-582d21a2207a,,Vilniaus,Jurgonių tvenkinys,LTL428,Jurgonių,POINT (6012555 579160),2021-10-06,10.2,3.7,3.6,10.4,8.3,2.1,469.0,3.9,"<0,02",0.014,0.727,0.761,0.77,"<0,015",0.024,,32.41,,,,,,,,,,,,,,,,,,,,,,,,,,,,,,,,,,,,,,,,,,,,,,,,,,,,,,,,,,,,,,,,,,,,,,,,,,,,,,,,,,,,,,,,,
datasets/gov/aaa/ezeru_monitoringas/EzeruValstybinioMonitoringoDuomenys,0a5e55a8-290d-49da-b173-b69e3b6a7e3c,119bfc53-bacd-4c20-bf3f-466fb5421336,,Vilniaus,Šventas,LTL446,Šventas,POINT (6121795 629748),2020-05-20,12.8,6.2,4.4,11.8,8.61,0.7,476.0,6,0.038,0.006,1.76,1.804,2.23,"<0,015",0.023,,9.2,,,,,,,,,,,,,,,,,,,,,,,,,,,,,,,,,,,,,,,,,,,,,,,,,,,,,,,,,,,,,,,,,,,,,,,,,,,,,,,,,,,,,,,,,
datasets/gov/aaa/ezeru_monitoringas/EzeruValstybinioMonitoringoDuomenys,0a610ff9-7526-4e40-930e-bfb67f4cdec2,ef95d5b1-642b-4c17-8372-25a90cba4d38,,Panevėžio,Kupiškio tvenkinys,LTL417,Kupiškio,POINT (6191998 561083),2017-05-10,11.4,4.7,4.8,12.1,8.6,1.7,509.0,1.2,0.014,0.015,3.4,3.429,4.1,"<0,002",0.017,,4.1,,,,,,,,,,,,,,,,,,,,,,,,,,,,,,,,,,,,,,,,,,,,,,,,,,,,,,,,,,,,,,,,,,,,,,,,,,,,,,,,,,,,,,,,,
datasets/gov/aaa/ezeru_monitoringas/EzeruValstybinioMonitoringoDuomenys,0a8462c7-f1f9-4f4a-8e56-bb2467153b88,36a6eb1f-298b-4b3b-9dea-9d2a61a3c20d,,Alytaus,Sagavas,LTL249,Sagavas,POINT (6009029 490181),2019-07-17,19.6,6,3.2,9.6,8.6,4.0,415.0,3,0.03,0.002,0.1,0.127,0.9,0.014,0.059,,8.9,,,,,,,,,,,,,,,,,,,,,,,,,,,,,,,,,,,,,,,,,,,,,,,,,,,,,,,,,,,,,,,,,,,,,,,,,,,,,,,,,,,,,,,,,
datasets/gov/aaa/ezeru_monitoringas/EzeruValstybinioMonitoringoDuomenys,0a9bd12a-9744-47dd-a19f-4fd04150ebf7,4baa9052-96b4-4a31-a8cf-76c2c79a5cef,,Marijampolės,Paežerių ežeras,LTL246,Paežerių ež.,POINT (6057176 434711),2020-07-29,20.7,6,3.5,8.3,8.5,1.9,468.0,2.4,0.03,0.004,0.21,0.244,1.2,0.031,0.051,,5.7,,,,,,,,,,,,,,,,,,,,,,,,,,,,,,,,,,,,,,,,,,,,,,,,,,,,,,,,,,,,,,,,,,,,,,,,,,,,,,,,,,,,,,,,,
datasets/gov/aaa/ezeru_monitoringas/EzeruValstybinioMonitoringoDuomenys,0ac9c9a9-f357-47e3-879b-080a7d6aacd3,bbe7c04e-e14a-497c-96f0-9d6c68de7475,,Vilniaus,Spėra,LTL114,Spėra,POINT (6087485 557081),2019-05-22,20.2,3.8,2.5,9.15,8.15,0.8,273.0,3.6,0.022,0.014,0.105,0.141,0.619,"<0,015",0.021,,30.3,,,,,,,,,,,,,,,,,,,,,,,,,,,,,,,,,,,,,,,,,,,,,,,,,,,,,,,,,,,,,,,,,,,,,,,,,,,,,,,,,,,,,,,,,
datasets/gov/aaa/ezeru_monitoringas/EzeruValstybinioMonitoringoDuomenys,0af9b78c-3571-453c-9aec-31c9b48a3ea9,ea79eef7-300c-4c5c-bc86-68ee26d12531,,Alytaus,Vabalių ežeras,LTL379,Vabalių ežeras,POINT (6016717 507296),2018-05-23,19.6,3.5,1.0,109.89,8.5,3,99.0,1.8,0.02,0.004,0.05,0.074,0.4,"<0,007",0.012,,6.7,,,,,,,,,,,,,,,,,,,,,,,,,,,,,,,,,,,,,,,,,,,,,,,,,,,,,,,,,,,,,,,,,,,,,,,,,,,,,,,,,,,,,,,,,
datasets/gov/aaa/ezeru_monitoringas/EzeruValstybinioMonitoringoDuomenys,0b2b4953-41fc-4050-b464-fd44ef414111,dae07008-4f4e-421b-9690-1d2107049ab0,,Utenos,Drūkšiai,LTL52,Drūkšiai,POINT (6169167 664078),2021-05-25,11.9,<2,2.6,9.4,8.4,5.8,271.0,1.3,"<0,014",0.043,0.08,0.137,0.48,0.002,0.016,,2.3,,,,,,,,,,,,,,,,,,,,,,,,,,,,,,,,,,,,,,,,,,,,,,,,,,,,,,,,,,,,,,,,,,,,,,,,,,,,,,,,,,,,,,,,,
datasets/gov/aaa/ezeru_monitoringas/EzeruValstybinioMonitoringoDuomenys,0b372394-be06-4bb8-a364-4e63fa5771d1,9283ff53-5e30-4578-8f18-9233dab21063,,Utenos,Nemeikščių tvenkinys,LTL432,Nemeikščių tvenkinys,POINT (6149167 604368),2018-10-11,11.7,<2,4.7,83.179,8.4,1.7,448.0,1.3,0.14,0.004,0.09,0.234,0.7,0.008,0.035,,7.4,,,,,,,,,,,,,,,,,,,,,,,,,,,,,,,,,,,,,,,,,,,,,,,,,,,,,,,,,,,,,,,,,,,,,,,,,,,,,,,,,,,,,,,,,
datasets/gov/aaa/ezeru_monitoringas/EzeruValstybinioMonitoringoDuomenys,0b69d857-ed64-45af-ba6d-9968551a119b,7cafb1b6-744e-4bc1-8cdd-e32ce3166f9f,,Utenos,Baltis,LTL342,Baltis,POINT (6129458 600626),2018-05-16,18.7,<2,0.4,102.481,8.4,7.7,38.0,1,0.1,0.001,0.06,0.161,0.3,0.005,"<0,0083",,4.97,,,,,,,,,,,,,,,,,,,,,,,,,,,,,,,,,,,,,,,,,,,,,,,,,,,,,,,,,,,,,,,,,,,,,,,,,,,,,,,,,,,,,,,,,
datasets/gov/aaa/ezeru_monitoringas/EzeruValstybinioMonitoringoDuomenys,0b83d803-6b49-46ab-b067-c8a940b94ff2,1b7af510-f594-48e9-ab36-03a1c40997cf,,Utenos,Šiurpys,LTL311,Šiurpys,POINT (6169946 635569),2021-08-18,20.7,<2,1.0,9.1,8.8,5.9,88.0,3.2,0.09,"<0,001",0.06,0.151,0.5,0.003,"<0,0081",,0.49,,,,,,,,,,,,,,,,,,,,,,,,,,,,,,,,,,,,,,,,,,,,,,,,,,,,,,,,,,,,,,,,,,,,,,,,,,,,,,,,,,,,,,,,,
datasets/gov/aaa/ezeru_monitoringas/EzeruValstybinioMonitoringoDuomenys,0b9ff7ab-8bd2-4055-8e2e-03733fb93086,f7b69633-85ee-4f39-98cc-18c656d76f40,,Alytaus,Rimietis,LTL254,Rimietis,POINT (6018075 468017),2020-07-23,20.5,6,3.5,8.2,8.1,1.2,533.0,5.7,0.05,0.006,0.17,1.0,0.226,0.011,0.068,,44.3,,,,,,,,,,,,,,,,,,,,,,,,,,,,,,,,,,,,,,,,,,,,,,,,,,,,,,,,,,,,,,,,,,,,,,,,,,,,,,,,,,,,,,,,,
datasets/gov/aaa/ezeru_monitoringas/EzeruValstybinioMonitoringoDuomenys,0ba76327-69ab-4432-bef1-492dbdcef553,5fac2b59-d272-46db-819a-80c37db72d16,,Utenos,Asavas,LTL310,Asavas,POINT (6167521 638935),2017-10-16,10.5,"<1,7",2.9,4.7,8.4,4.0,276.0,1.4,0.05,0.003,0.05,0.103,0.68,0.002,0.012,,3.7,,,,,,,,,,,,,,,,,,,,,,,,,,,,,,,,,,,,,,,,,,,,,,,,,,,,,,,,,,,,,,,,,,,,,,,,,,,,,,,,,,,,,,,,,
datasets/gov/aaa/ezeru_monitoringas/EzeruValstybinioMonitoringoDuomenys,0bb9b3a0-58f3-4e6b-a0e6-550935897dd0,4b982f1d-7235-4406-b911-5cf27c580d6d,,Vilniaus,Ilgės,LTL135,Ilgės,POINT (6071412 538048),2020-07-14,20.0,9.5,3.8,8.7,8.55,1.0,399.0,2.3,0.019,"<0,005",0.039,0.063,0.403,"<0,015",0.064,,15.6,,,,,,,,,,,,,,,,,,,,,,,,,,,,,,,,,,,,,,,,,,,,,,,,,,,,,,,,,,,,,,,,,,,,,,,,,,,,,,,,,,,,,,,,,
datasets/gov/aaa/ezeru_monitoringas/EzeruValstybinioMonitoringoDuomenys,0bcbf3de-7299-46e9-9209-0925a882dd54,b3bcdac3-46c0-47ef-9312-2fb6d3912f7c,,Panevėžio,Notigalė,LTL147,Notigalė,POINT (6201907 581493),2017-07-31,22.0,"<1,7","<0,049",7.7,6.1,0.8,15.0,3.9,0.02,0.003,0.25,0.273,0.38,0.015,0.083,,10.7,,,,,,,,,,,,,,,,,,,,,,,,,,,,,,,,,,,,,,,,,,,,,,,,,,,,,,,,,,,,,,,,,,,,,,,,,,,,,,,,,,,,,,,,,
datasets/gov/aaa/ezeru_monitoringas/EzeruValstybinioMonitoringoDuomenys,0c28ff3b-ed62-4c6a-97b2-cbbb0b86409b,c7550cf0-f354-41e2-aa2f-8010322ab734,,Utenos,Šventas,LTL39,Šventas,POINT (6166706 644760),2020-06-11,19.8,<2,0.93,10.2,8.3,8.0,109.0,"<0,5",0.02,"<0,001",0.04,0.061,0.48,"<0,002","<0,0081",,1.6,,,,,,,,,,,,,,,,,,,,,,,,,,,,,,,,,,,,,,,,,,,,,,,,,,,,,,,,,,,,,,,,,,,,,,,,,,,,,,,,,,,,,,,,,
datasets/gov/aaa/ezeru_monitoringas/EzeruValstybinioMonitoringoDuomenys,0c359de9-e0ba-4773-9718-b77628099b81,aca92ced-b95f-4937-9137-16eb681e1784,,Alytaus RAAD,Aviris,LTL181,Aviris,,2022-05-09,13.8,1,2.4,12.3,8.6,4.1,320.0,2.3,0.03,0.002,0.06,0.092,0.79,0.025,0.044,,6.5,,,,,,,,,,,,,,,,,,,,,,,,,,,,,,,,,,,,,,,,,,,,,,,,,,,,,,,,,,,,,,,,,,,,,,,,,,,,,,,,,,,,,,,,,
datasets/gov/aaa/ezeru_monitoringas/EzeruValstybinioMonitoringoDuomenys,0c4a278e-0407-4446-bef6-b2e675924e60,d6e7f5ae-b67d-4e80-8571-4d8b1cdb1110,,Marijampolės,Pilvės-Vabalkšnės tvenkinys,LTL543,Pilvės-Vabalkšnės tvenkinys,POINT (6064130 466346),2017-08-29,16.7,3.6,5.2,4.3,7.96,0.7,544.0,6.5,0.06,"<0,002","<0,008",0.07,1.3,0.01,0.099,,2.4,,,,,,,,,,,,,,,,,,,,,,,,,,,,,,,,,,,,,,,,,,,,,,,,,,,,,,,,,,,,,,,,,,,,,,,,,,,,,,,,,,,,,,,,,
datasets/gov/aaa/ezeru_monitoringas/EzeruValstybinioMonitoringoDuomenys,0c8e716b-aad1-4b39-baaa-3c5e4f6083d0,f9d8980f-be8e-4c3c-8b28-6c6a9fa9103c,,Šiaulių,Platelių ežeras,LTL34,Plateliai,POINT (6214390 366955),2017-01-12,1.0,<2,1.8,8.0,8.5,,207.0,3.2,"<0,008",0.002,0.086,0.096,0.49,"<0,005",0.01,,4.5,,,,,,,,,,,,,,,,,,,,,,,,,,,,,,,,,,,,,,,,,,,,,,,,,,,,,,,,,,,,,,,,,,,,,,,,,,,,,,,,,,,,,,,,,
datasets/gov/aaa/ezeru_monitoringas/EzeruValstybinioMonitoringoDuomenys,0c983274-66be-4c90-b497-70cd7db110e2,8f935fcd-1d25-476a-9d41-5672869935ea,,Utenos,Mūšėjus,LTL288,Mušėjus,POINT (6149216 582296),2020-08-24,21.9,3.4,3.8,7.8,8.4,1.6,388.0,4.5,"<0,014","<0,001",0.008,0.023,0.29,"<0,002",0.028,,18.4,,,,,,,,,,,,,,,,,,,,,,,,,,,,,,,,,,,,,,,,,,,,,,,,,,,,,,,,,,,,,,,,,,,,,,,,,,,,,,,,,,,,,,,,,
datasets/gov/aaa/ezeru_monitoringas/EzeruValstybinioMonitoringoDuomenys,0ca76068-2983-476b-b89d-b2bd1cb3c9ee,5ad16e7a-0289-4187-9349-71e30e68b2d5,,Utenos,Visaginas,LTL314,Visaginas,POINT (6164202 653012),2020-10-08,14.0,6,2.3,9.9,8.5,1.5,238.0,2.5,"<0,014",0.001,0.03,0.045,0.29,0.002,0.022,,21.8,,,,,,,,,,,,,,,,,,,,,,,,,,,,,,,,,,,,,,,,,,,,,,,,,,,,,,,,,,,,,,,,,,,,,,,,,,,,,,,,,,,,,,,,,
datasets/gov/aaa/ezeru_monitoringas/EzeruValstybinioMonitoringoDuomenys,0ca79310-8eb9-4a81-9c50-e3fb52aa717c,953d94e4-9799-4460-ada0-e35f1b12a690,,Utenos,Zalvas,LTL523,Zalvas,POINT (6169360 632093),2020-08-26,21.1,<2,2.6,8.7,8.5,6.3,249.0,1.5,0.02,"<0,001",0.02,0.041,0.3,"<0,002","<0,0081",,3.6,,,,,,,,,,,,,,,,,,,,,,,,,,,,,,,,,,,,,,,,,,,,,,,,,,,,,,,,,,,,,,,,,,,,,,,,,,,,,,,,,,,,,,,,,
datasets/gov/aaa/ezeru_monitoringas/EzeruValstybinioMonitoringoDuomenys,0cad7c79-766d-4efe-ab6a-8487e8789354,79d67bad-279f-4666-a822-16d629a814d0,,Utenos,Luodis,LTL312,Luodis,POINT (6163284 639476),2020-07-20,23.1,<2,2.7,7.6,8.7,3.8,253.0,1.5,0.02,0.005,0.03,0.055,0.57,0.004,0.011,,4.3,,,,,,,,,,,,,,,,,,,,,,,,,,,,,,,,,,,,,,,,,,,,,,,,,,,,,,,,,,,,,,,,,,,,,,,,,,,,,,,,,,,,,,,,,
datasets/gov/aaa/ezeru_monitoringas/EzeruValstybinioMonitoringoDuomenys,0cb72cd9-91b3-4389-ab05-d126c085fab6,606276a2-4ece-4ac5-b3be-96cda24f56fd,,Kauno RAAD,KAUNO MARIOS,LTL71,Kauno HE tvenkinys,,2022-10-11,12.5,4.5,4.5,8.9,8.23,1.7,453.0,1.8,0.15,0.016,0.37,0.536,0.853,0.061,0.113,,4.4,,,,,,,,,,,,,,,,,,,,,,,,,,,,,,,,,,,,,,,,,,,,,,,,,,,,,,,,,,,,,,,,,,,,,,,,,,,,,,,,,,,,,,,,,
datasets/gov/aaa/ezeru_monitoringas/EzeruValstybinioMonitoringoDuomenys,0cc67f27-0af4-4249-86a5-009009242013,17042bd9-b343-4563-9a0a-1eacef1da5e3,,Vilniaus,Akmena,LTL460,Akmena,POINT (6058884 557077),2021-05-11,8.8,<2,2.0,11.7,8.5,4.6,242.0,2.4,0.026,"<0,005",0.189,0.22,0.508,"<0,015",0.019,,2.8,,,,,,,,,,,,,,,,,,,,,,,,,,,,,,,,,,,,,,,,,,,,,,,,,,,,,,,,,,,,,,,,,,,,,,,,,,,,,,,,,,,,,,,,,
datasets/gov/aaa/ezeru_monitoringas/EzeruValstybinioMonitoringoDuomenys,0cf3c22b-b809-42cf-979a-30fe8f66d36d,1718b394-d1d5-4d2d-a028-7eb3c67bc085,,Alytaus,Metelys,LTL236,Metelys,POINT (6017659 485553),2021-09-27,13.2,3,3.0,8.7,8.4,5.4,349.0,1.4,0.06,0.002,0.05,0.112,0.23,0.007,0.04,,4.14,,,,,,,,,,,,,,,,,,,,,,,,,,,,,,,,,,,,,,,,,,,,,,,,,,,,,,,,,,,,,,,,,,,,,,,,,,,,,,,,,,,,,,,,,
datasets/gov/aaa/ezeru_monitoringas/EzeruValstybinioMonitoringoDuomenys,0d082758-e5ef-4386-98df-a970bd468056,2817d34d-767a-4292-ac21-7b74be7ce31f,,Vilniaus,Spėra,LTL114,Spėra,POINT (6087485 557081),2019-07-30,21.8,3.3,2.5,9.25,8.23,0.6,276.0,6,0.03,0.005,0.074,0.109,0.115,0.043,0.081,,75.3,,,,,,,,,,,,,,,,,,,,,,,,,,,,,,,,,,,,,,,,,,,,,,,,,,,,,,,,,,,,,,,,,,,,,,,,,,,,,,,,,,,,,,,,,
datasets/gov/aaa/ezeru_monitoringas/EzeruValstybinioMonitoringoDuomenys,0d423a4d-537d-4420-ae6f-f3f616141807,4a93cbc8-2ac1-46e5-beb3-c221e8da7310,,Vilniaus,Baluošai,LTL358,Baluošai,POINT (6102150 599957),2021-10-07,11.2,<2,2.9,9.83,8.21,6.1,330.0,1.6,"<0,02","<0,005",0.04,0.065,0.565,"<0,015",0.015,,2.96,,,,,,,,,,,,,,,,,,,,,,,,,,,,,,,,,,,,,,,,,,,,,,,,,,,,,,,,,,,,,,,,,,,,,,,,,,,,,,,,,,,,,,,,,
datasets/gov/aaa/ezeru_monitoringas/EzeruValstybinioMonitoringoDuomenys,0d94c6b5-be2c-471d-ba11-ad867995fc5d,d2178509-562a-4ad2-819f-e027a1e37195,,Utenos,Baltis,LTL342,Baltis,POINT (6129458 600626),2018-10-09,12.0,<2,0.42,96.744,7.8,6,39.0,1,0.05,"<0,001",0.02,0.071,0.6,"<0,002","<0,0083",,3,,,,,,,,,,,,,,,,,,,,,,,,,,,,,,,,,,,,,,,,,,,,,,,,,,,,,,,,,,,,,,,,,,,,,,,,,,,,,,,,,,,,,,,,,
datasets/gov/aaa/ezeru_monitoringas/EzeruValstybinioMonitoringoDuomenys,0db2ca99-7f28-4847-9e11-6ef3986a5f11,51745edc-be92-424a-9e2a-8011e37d35cc,,Utenos,Karališkių ežeras,LTL282,Karališkių ež.,POINT (6131847 569674),2020-08-26,21.3,3.4,2.7,7.7,8.46,1.4,312.0,2.2,"<0,015","<0,005",0.048,0.068,0.497,"<0,015",0.043,,16.1,,,,,,,,,,,,,,,,,,,,,,,,,,,,,,,,,,,,,,,,,,,,,,,,,,,,,,,,,,,,,,,,,,,,,,,,,,,,,,,,,,,,,,,,,
datasets/gov/aaa/ezeru_monitoringas/EzeruValstybinioMonitoringoDuomenys,0dcbdeb8-1e44-409b-ba08-d364557ba66e,a0b484c1-8214-44f0-bcc3-9592abddbfa3,,Utenos,Asveja(Dubingių ežeras),LTL449,Asveja,POINT (6101954 596299),2019-05-21,15.6,"<1,9",3.4,11.26,8.5,4.4,386.0,1.8,0.027,"<0,005",0.039,0.071,0.079,"<0,015","<0,015",,3.0,,,,,,,,,,,,,,,,,,,,,,,,,,,,,,,,,,,,,,,,,,,,,,,,,,,,,,,,,,,,,,,,,,,,,,,,,,,,,,,,,,,,,,,,,
datasets/gov/aaa/ezeru_monitoringas/EzeruValstybinioMonitoringoDuomenys,0df1504d-4558-490c-92ee-205233d12ca8,73a9cee4-bd34-4f09-af0b-03e90af00256,,Utenos,Kertuojai,LTL227,Kertuojai,POINT (6117291 603553),2019-07-22,22.1,3.4,2.7,9.3,8.63,1.6,337.0,3.8,0.027,"<0,005",0.031,0.063,0.094,"<0,015",0.045,,9.2,,,,,,,,,,,,,,,,,,,,,,,,,,,,,,,,,,,,,,,,,,,,,,,,,,,,,,,,,,,,,,,,,,,,,,,,,,,,,,,,,,,,,,,,,
datasets/gov/aaa/ezeru_monitoringas/EzeruValstybinioMonitoringoDuomenys,0dfd8d4e-c0f3-4f09-b86f-282d8388a83e,0049d8c8-b4b0-4ba4-ba4b-fb75007e122f,,Alytaus RAAD,Dusia,LTL43,Dusia,,2022-07-21,20.3,3.5,2.7,9.2,8.7,5.1,342.0,2.0,0.02,0.003,0.06,0.083,0.35,"<0,007",0.026,,4.2,,,,,,,,,,,,,,,,,,,,,,,,,,,,,,,,,,,,,,,,,,,,,,,,,,,,,,,,,,,,,,,,,,,,,,,,,,,,,,,,,,,,,,,,,
datasets/gov/aaa/ezeru_monitoringas/EzeruValstybinioMonitoringoDuomenys,0dff72b0-a90d-4068-be08-88c86b5706a9,d361b85d-7c26-41d4-84c7-eb4dcc7ee6cf,,Utenos,Ilmėdas,LTL351,Ilmėdas,POINT (6126210 598293),2021-09-01,18.1,<2,2.7,9.0,8.39,4.4,303.0,3,0.023,"<0,005",0.031,0.059,0.227,0.015,0.047,,5.72,,,,,,,,,,,,,,,,,,,,,,,,,,,,,,,,,,,,,,,,,,,,,,,,,,,,,,,,,,,,,,,,,,,,,,,,,,,,,,,,,,,,,,,,,
datasets/gov/aaa/ezeru_monitoringas/EzeruValstybinioMonitoringoDuomenys,0e0b9b71-16ae-4c6c-93dc-7e741a6ccaae,abe14b19-8050-48fe-b79e-0b8e959046df,,Utenos RAAD,Auslas,LTL303,Auslas,,2022-10-18,10.3,3,2.3,10.0,8.1,3.5,255.0,1.6,"<0,014",0.002,0.05,0.066,0.17,0.003,0.017,,4.3,,,,,,,,,,,,,,,,,,,,,,,,,,,,,,,,,,,,,,,,,,,,,,,,,,,,,,,,,,,,,,,,,,,,,,,,,,,,,,,,,,,,,,,,,
datasets/gov/aaa/ezeru_monitoringas/EzeruValstybinioMonitoringoDuomenys,0e1bce07-98a9-4a08-b912-06b8bf7d8017,66724d47-b5d4-448f-8e8c-d3634d21e855,,Utenos,Vasaknas,LTL297,Vasaknas,POINT (6173874 612109),2020-08-19,22.3,3.7,2.7,9.0,8.6,2.0,252.0,2.7,"<0,014","<0,001",0.04,0.055,0.74,"<0,002",0.036,,15.7,,,,,,,,,,,,,,,,,,,,,,,,,,,,,,,,,,,,,,,,,,,,,,,,,,,,,,,,,,,,,,,,,,,,,,,,,,,,,,,,,,,,,,,,,
datasets/gov/aaa/ezeru_monitoringas/EzeruValstybinioMonitoringoDuomenys,0e302bda-89a8-4616-9c08-23ef126032e8,da755a35-d1ec-4c43-893d-1278ac3c05d3,,Kauno,KAUNO MARIOS,LTL71,Kauno marios,POINT (6084954 505731),2020-01-23,2.7,4.2,3.8,9.6,8.59,1.6,467.0,2.5,"<0,015",0.015,1.73,1.76,1.87,0.051,0.075,,,,,,,,,,,,,,,,,,,,,,,,,,,,,,,,,,,,,,,,,,,,,,,,,,,,,,,,,,,,,,,,,,,,,,,,,,,,,,,,,,,,,,,,,,,
datasets/gov/aaa/ezeru_monitoringas/EzeruValstybinioMonitoringoDuomenys,0e38b94b-0ab8-405d-a73e-e1b18c125a36,dc962a41-6856-46ac-81cf-e656dfa9c5c2,,Klaipėdos,Skuodo tvenkinys,LTL260,Skuodo tvenkinys,POINT (6239381 345922),2018-04-26,11.0,4.3,1.6,,8.3,2,445.0,4.5,0.025,0.01,1,1.035,1.7,0.006,0.036,,18.97,,,,,,,,,,,,,,,,,,,,,,,,,,,,,,,,,,,,,,,,,,,,,,,,,,,,,,,,,,,,,,,,,,,,,,,,,,,,,,,,,,,,,,,,,
datasets/gov/aaa/ezeru_monitoringas/EzeruValstybinioMonitoringoDuomenys,0e481ed7-4918-43f7-9de9-60e8a5bc965c,323eec56-f18c-4ef1-88aa-db5da077abf8,,Šiaulių,Ubiškės tvenkinys,LTL400,Ubiškės tvenkinys,POINT (6207317 405961),2019-08-22,21.0,1.9,5.5,7.3,7.3,2.1,592.0,4.2,0.034,0.002,0.014,0.05,2.0,0.13,0.2,,18.35,,,,,,,,,,,,,,,,,,,,,,,,,,,,,,,,,,,,,,,,,,,,,,,,,,,,,,,,,,,,,,,,,,,,,,,,,,,,,,,,,,,,,,,,,
datasets/gov/aaa/ezeru_monitoringas/EzeruValstybinioMonitoringoDuomenys,0e7c8e4b-b5b0-4615-83b1-3c046ac0dd53,2e5ee391-e34b-4768-926f-44acfa2485ca,,Utenos,Laukesas,LTL527,Laukesas,POINT (6181714 644152),2020-08-25,20.9,3,3.3,7.8,8.2,2.8,345.0,3,0.02,0.002,0.07,0.092,0.69,0.003,0.055,,16.5,,,,,,,,,,,,,,,,,,,,,,,,,,,,,,,,,,,,,,,,,,,,,,,,,,,,,,,,,,,,,,,,,,,,,,,,,,,,,,,,,,,,,,,,,
datasets/gov/aaa/ezeru_monitoringas/EzeruValstybinioMonitoringoDuomenys,0e9bf42a-75b0-4b45-a039-46c4ae8f6668,aad094a9-ad6f-4ba4-8ae5-bbba9b3a7b02,,Klaipėdos,Kernų tvenkinys,LTL261,Kernų tvenkinys,POINT (6236006 345893),2021-07-22,26.0,6.1,4.0,5.5,7.9,1.0,462.0,5.8,0.012,0.001,0.006,0.019,0.77,"<0,006",0.048,,24.17,,,,,,,,,,,,,,,,,,,,,,,,,,,,,,,,,,,,,,,,,,,,,,,,,,,,,,,,,,,,,,,,,,,,,,,,,,,,,,,,,,,,,,,,,
datasets/gov/aaa/ezeru_monitoringas/EzeruValstybinioMonitoringoDuomenys,0ec15881-5a1c-4054-b5ce-23999d39c36c,7c24db82-c1e4-46ba-95ec-721dc810e968,,Vilniaus,Nikajis,LTL355,Nikajis,POINT (6103950 603917),2021-10-07,11.0,2.6,3.0,9.23,8.26,3.0,324.0,2.1,0.091,0.006,0.053,0.15,0.77,"<0,015",0.016,,9.62,,,,,,,,,,,,,,,,,,,,,,,,,,,,,,,,,,,,,,,,,,,,,,,,,,,,,,,,,,,,,,,,,,,,,,,,,,,,,,,,,,,,,,,,,
datasets/gov/aaa/ezeru_monitoringas/EzeruValstybinioMonitoringoDuomenys,0ee0e998-091c-417f-8283-b9c64cd9c2e7,3b14372b-992c-413c-aee0-5dd585f806eb,,Šiaulių,Ilgis,LTL204,Ilgis,POINT (6210196 364291),2018-04-24,9.0,<2,1.6,,7.8,1.9,173.0,2.5,0.025,0.004,0.051,0.08,0.71,"<0,005",0.021,,25.78,,,,,,,,,,,,,,,,,,,,,,,,,,,,,,,,,,,,,,,,,,,,,,,,,,,,,,,,,,,,,,,,,,,,,,,,,,,,,,,,,,,,,,,,,
datasets/gov/aaa/ezeru_monitoringas/EzeruValstybinioMonitoringoDuomenys,0ee4eae1-1639-4f99-baba-7ac8ca560571,45289034-48d8-41a3-b6ba-997eb66d9bce,,Utenos,Visaginas,LTL314,Visaginas,POINT (6164202 653012),2020-07-16,21.2,6,2.3,8.4,8.7,1.3,220.0,2.4,"<0,014","<0,001",0.05,0.065,0.68,0.002,0.024,,10.6,,,,,,,,,,,,,,,,,,,,,,,,,,,,,,,,,,,,,,,,,,,,,,,,,,,,,,,,,,,,,,,,,,,,,,,,,,,,,,,,,,,,,,,,,
datasets/gov/aaa/ezeru_monitoringas/EzeruValstybinioMonitoringoDuomenys,0f204704-4597-4e32-b0b6-4bc88e93f98b,468e1d9b-1b2b-409e-a92a-6c35480d5d1b,,Alytaus,Babrų ežeras,LTL235,Babrai,POINT (6008912 480234),2021-05-10,9.0,12,2.8,11.5,8.6,2.5,356.0,3.3,0.07,0.005,0.21,0.285,0.44,0.011,0.029,,15.0,,,,,,,,,,,,,,,,,,,,,,,,,,,,,,,,,,,,,,,,,,,,,,,,,,,,,,,,,,,,,,,,,,,,,,,,,,,,,,,,,,,,,,,,,
datasets/gov/aaa/ezeru_monitoringas/EzeruValstybinioMonitoringoDuomenys,0f39ed6c-8ab8-4c26-86bd-3996dd0b8d59,201fe3d9-55e5-44ff-912f-680db904433a,,Šiaulių,Vaitiekūnų tvenkinys,LTL408,Vaitiekūnų tvenkinys,POINT (6150901 477949),2017-07-26,20.0,3.1,5.7,5.7,9.1,2.2,645.0,5.2,0.014,0.026,0.89,0.93,2.2,0.005,0.031,,18.6,,,,,,,,,,,,,,,,,,,,,,,,,,,,,,,,,,,,,,,,,,,,,,,,,,,,,,,,,,,,,,,,,,,,,,,,,,,,,,,,,,,,,,,,,
datasets/gov/aaa/ezeru_monitoringas/EzeruValstybinioMonitoringoDuomenys,0f3a9eb4-0c9a-48df-ad14-4d0c448166ab,ab68c826-61df-4d82-ba0e-331da3aa0bf9,,Utenos RAAD,Alnis,LTL65,Alnis,,2022-01-25,1.0,<2,1.7,12.9,8.0,9.5,187.0,1.4,0.16,0.003,0.09,0.253,0.43,"<0,002",0.015,,,,,,,,,,,,,,,,,,,,,,,,,,,,,,,,,,,,,,,,,,,,,,,,,,,,,,,,,,,,,,,,,,,,,,,,,,,,,,,,,,,,,,,,,,,
datasets/gov/aaa/ezeru_monitoringas/EzeruValstybinioMonitoringoDuomenys,0f575c24-f67b-4c2e-b4f2-7cac89d6f994,f2cca348-3c9d-44c4-a493-12e4f0a96be6,,Vilniaus,Žirnajai,LTL154,Žirnajai,POINT (6109520 547965),2019-05-15,13.0,"<1,9",3.3,12.5,8.48,2.6,381.0,1.8,0.017,0.007,0.33,0.354,1.26,"<0,015","<0,015",,0.7,,,,,,,,,,,,,,,,,,,,,,,,,,,,,,,,,,,,,,,,,,,,,,,,,,,,,,,,,,,,,,,,,,,,,,,,,,,,,,,,,,,,,,,,,
datasets/gov/aaa/ezeru_monitoringas/EzeruValstybinioMonitoringoDuomenys,0f66e701-830c-4ab6-8a97-abe71bf4104b,af591e1a-4194-4072-9a50-7bca7d61bf8b,,Šiaulių,Sablauskių tvenkinys,LTL271,Sablauskių tvenkinys,POINT (6236793 430028),2020-09-17,17.0,8.1,4.2,8.5,8.4,0.9,579.0,3.9,0.027,0.004,"<0,002",0.033,1.2,"<0,005",0.055,,32.86,,,,,,,,,,,,,,,,,,,,,,,,,,,,,,,,,,,,,,,,,,,,,,,,,,,,,,,,,,,,,,,,,,,,,,,,,,,,,,,,,,,,,,,,,
datasets/gov/aaa/ezeru_monitoringas/EzeruValstybinioMonitoringoDuomenys,0f8f9187-0b04-42d4-b372-8aae45795ee3,2b21cfaa-dc3e-4516-8560-604136bf8547,,Panevėžio,Beičių tvenkinys,LTL524,Beičių tvenkinys,POINT (6192057 600805),2018-08-21,20.7,2.2,3.9,57.303,8.2,1,377.0,2.6,0.06,0.002,0.08,0.142,1.1,0.2,0.23,,3.3,,,,,,,,,,,,,,,,,,,,,,,,,,,,,,,,,,,,,,,,,,,,,,,,,,,,,,,,,,,,,,,,,,,,,,,,,,,,,,,,,,,,,,,,,
datasets/gov/aaa/ezeru_monitoringas/EzeruValstybinioMonitoringoDuomenys,0f96b2c6-610a-4a47-a3a3-27cd256ca307,305b95c8-647d-403e-87e7-edca090cbd8d,,Utenos,Grabuostas,LTL360,Grabuostas,POINT (6114414 584709),2020-04-23,8.6,2.8,2.6,11.55,8.13,2.0,273.0,2.7,0.084,0.006,0.282,0.372,0.781,"<0,015",0.023,,8.1,,,,,,,,,,,,,,,,,,,,,,,,,,,,,,,,,,,,,,,,,,,,,,,,,,,,,,,,,,,,,,,,,,,,,,,,,,,,,,,,,,,,,,,,,
datasets/gov/aaa/ezeru_monitoringas/EzeruValstybinioMonitoringoDuomenys,1021710d-0093-4067-a00e-2ea222a6c24b,f5556f31-bcd4-46ca-ab46-c28a30c8e04a,,Utenos,Rūžas,LTL399,Rūžas,POINT (6152597 657313),2017-05-22,18.4,3.1,2.7,9.5,8.4,0.8,255.0,1.7,"<0,014","<0,001",0.05,0.065,0.39,0.002,0.011,,55.7,,,,,,,,,,,,,,,,,,,,,,,,,,,,,,,,,,,,,,,,,,,,,,,,,,,,,,,,,,,,,,,,,,,,,,,,,,,,,,,,,,,,,,,,,
datasets/gov/aaa/ezeru_monitoringas/EzeruValstybinioMonitoringoDuomenys,1027e7e3-45ed-41b0-b411-bd88a511b6d8,e61ef867-f6f2-44ea-9e76-ab924de9afd0,,Vilniaus RAAD,Žeimenys,LTL445,Žeimenys,,2022-08-24,24.0,<2,3.1,8.49,8.39,3.7,315.0,0.6,"<0,02","<0,005",0.019,0.044,0.263,"<0,015","<0,015",,1.4,,,,,,,,,,,,,,,,,,,,,,,,,,,,,,,,,,,,,,,,,,,,,,,,,,,,,,,,,,,,,,,,,,,,,,,,,,,,,,,,,,,,,,,,,
datasets/gov/aaa/ezeru_monitoringas/EzeruValstybinioMonitoringoDuomenys,102ca34b-483f-4b90-9d3b-aacc70600497,80719221-ba42-44d0-a52f-a000df65f251,,Utenos RAAD,Šventas,LTL39,Šventas,,2022-09-07,18.4,<2,0.92,8.7,8.0,7.4,111.0,0.95,0.04,"<0,001",0.11,0.151,0.58,0.003,"<0,0081",,1.1,,,,,,,,,,,,,,,,,,,,,,,,,,,,,,,,,,,,,,,,,,,,,,,,,,,,,,,,,,,,,,,,,,,,,,,,,,,,,,,,,,,,,,,,,
datasets/gov/aaa/ezeru_monitoringas/EzeruValstybinioMonitoringoDuomenys,1036e57a-5001-460e-8345-42a35a67f084,caa2416f-cb0c-4379-ae1d-3d7aa4a2abaa,,Utenos,Pienionių tvenkinys,LTL430,Pienionių tvenkinys,POINT (6146819 555740),2019-10-04,11.4,8.4,4.7,8.1,8.5,0.9,498.0,3.4,0.02,"<0,001",0.06,0.081,1.1,0.005,0.035,,38.2,,,,,,,,,,,,,,,,,,,,,,,,,,,,,,,,,,,,,,,,,,,,,,,,,,,,,,,,,,,,,,,,,,,,,,,,,,,,,,,,,,,,,,,,,
datasets/gov/aaa/ezeru_monitoringas/EzeruValstybinioMonitoringoDuomenys,105f29b0-378d-4149-9aa2-ef34376b0cda,eafc9d67-7291-421c-9419-2526b897d53e,,Panevėžio,Juodis,LTL541,Juodis,POINT (6148577 529911),2017-07-27,21.2,5.1,3.3,8.4,8.6,1.3,341.0,2.5,0.014,0.015,0.94,0.969,2.1,0.002,0.034,,5.92,,,,,,,,,,,,,,,,,,,,,,,,,,,,,,,,,,,,,,,,,,,,,,,,,,,,,,,,,,,,,,,,,,,,,,,,,,,,,,,,,,,,,,,,,
datasets/gov/aaa/ezeru_monitoringas/EzeruValstybinioMonitoringoDuomenys,10609740-ba52-4146-b8ab-62a1bfb7e2e5,6b2c1d49-b83a-4eee-900f-bff64014364b,,Klaipėdos,Mosėdžio I tvenkinys,LTL262,Mosėdžio I tvenkinys,POINT (6227142 350031),2018-08-22,21.0,<2,4.3,,7.2,1.6,387.0,1.9,0.021,0.002,"<0,003",0.026,0.89,"<0,005",0.033,,0.54,,,,,,,,,,,,,,,,,,,,,,,,,,,,,,,,,,,,,,,,,,,,,,,,,,,,,,,,,,,,,,,,,,,,,,,,,,,,,,,,,,,,,,,,,
datasets/gov/aaa/ezeru_monitoringas/EzeruValstybinioMonitoringoDuomenys,108c1408-28dd-4732-a9d5-9380e6694af6,891d8770-3185-4068-86cb-de3336a83e08,,Marijampolės,Marijampolės II tvenkinys,LTL198,Marijampolės II tvenkinys,POINT (6043689 457690),2019-08-28,22.6,6,3.3,16.4,8.6,1.5,462.0,3,0.05,0.004,0.5,0.554,1.3,0.018,0.064,,37.3,,,,,,,,,,,,,,,,,,,,,,,,,,,,,,,,,,,,,,,,,,,,,,,,,,,,,,,,,,,,,,,,,,,,,,,,,,,,,,,,,,,,,,,,,
datasets/gov/aaa/ezeru_monitoringas/EzeruValstybinioMonitoringoDuomenys,10af6a9a-80fb-4e0b-aaa8-4467e7dfb024,0c972937-f776-4e60-b74d-0e14db86e0d0,,Vilniaus,Bagdanonių HE tvenkinys,LTL537,Bagdononių HE tvenkinys,POINT (6051831 545616),2017-08-22,20.3,<2,3.5,7.5,8.16,3.8,368.0,1.5,0.023,"<0,004",0.038,0.065,0.562,"<0,014",0.097,,15.4,,,,,,,,,,,,,,,,,,,,,,,,,,,,,,,,,,,,,,,,,,,,,,,,,,,,,,,,,,,,,,,,,,,,,,,,,,,,,,,,,,,,,,,,,
datasets/gov/aaa/ezeru_monitoringas/EzeruValstybinioMonitoringoDuomenys,10d7edf8-73f0-4d43-b9a1-5ea5a204b919,37ee7070-235c-4edc-8a0b-c29b6ce68c55,,Alytaus,Snaigynas,LTL252,Snaigynas,POINT (5994866 482623),2021-09-23,13.6,3,2.0,8.8,8.3,6.2,247.0,1.3,0.03,0.002,0.02,0.052,0.36,"<0,007",0.066,,3.4,,,,,,,,,,,,,,,,,,,,,,,,,,,,,,,,,,,,,,,,,,,,,,,,,,,,,,,,,,,,,,,,,,,,,,,,,,,,,,,,,,,,,,,,,
datasets/gov/aaa/ezeru_monitoringas/EzeruValstybinioMonitoringoDuomenys,11020a05-5a20-4ba2-9d8e-65155d2b8d0a,c79d78b7-9f94-44ed-adf7-b0849bd2db1c,,Klaipėdos,Balskų tvenkinys,LTL419,Balskų tvenkinys,POINT (6138066 382532),2019-04-24,11.0,2.1,3.6,9.5,8.6,1.8,368.0,1.7,0.039,0.01,1.4,1.449,1.5,"<0,005",0.029,,4.86,,,,,,,,,,,,,,,,,,,,,,,,,,,,,,,,,,,,,,,,,,,,,,,,,,,,,,,,,,,,,,,,,,,,,,,,,,,,,,,,,,,,,,,,,
datasets/gov/aaa/ezeru_monitoringas/EzeruValstybinioMonitoringoDuomenys,1143ae00-8e8b-4f98-8917-cd06c1684bce,b083327a-c646-46f1-b9ee-bf377e733145,,Alytaus RAAD,Sagavas,LTL249,Sagavas,,2022-08-16,24.8,2,3.7,8.0,8.2,2.2,419.0,2.5,0.01,0.018,0.06,0.088,0.9,0.007,0.026,,8.5,,,,,,,,,,,,,,,,,,,,,,,,,,,,,,,,,,,,,,,,,,,,,,,,,,,,,,,,,,,,,,,,,,,,,,,,,,,,,,,,,,,,,,,,,
datasets/gov/aaa/ezeru_monitoringas/EzeruValstybinioMonitoringoDuomenys,114ee98b-c21d-4898-8849-c052c5d0a758,ce47ff4f-314a-4311-8ebf-4acc5db68ee9,,Alytaus,Vabalių ežeras,LTL379,Vabalių,POINT (6016717 507296),2018-07-23,24.9,3.5,2.8,105.006,8.2,3.6,99.0,2.5,0.04,0.004,0.04,0.084,0.4,0.014,0.054,,6.8,,,,,,,,,,,,,,,,,,,,,,,,,,,,,,,,,,,,,,,,,,,,,,,,,,,,,,,,,,,,,,,,,,,,,,,,,,,,,,,,,,,,,,,,,
datasets/gov/aaa/ezeru_monitoringas/EzeruValstybinioMonitoringoDuomenys,117a78d2-665c-482b-b15f-bc646cfead74,77ae3ca1-7311-403c-af42-047fcbee00ab,,Utenos,Asavas,LTL310,Asavas,POINT (6167521 638935),2018-10-18,11.8,3.6,3.0,99.074,8.3,2.6,287.0,1.5,0.02,"<0,001",0.02,0.041,0.28,"<0,002",0.015,,5.9,,,,,,,,,,,,,,,,,,,,,,,,,,,,,,,,,,,,,,,,,,,,,,,,,,,,,,,,,,,,,,,,,,,,,,,,,,,,,,,,,,,,,,,,,
datasets/gov/aaa/ezeru_monitoringas/EzeruValstybinioMonitoringoDuomenys,11e00db3-5d45-47b9-ba44-8dd1db4e27eb,c9a67af5-2d84-424a-b483-51580445c2c9,,Utenos RAAD,Zarasas,LTL171,Zarasas,,2022-07-13,20.3,<2,3.2,7.9,8.3,3.7,358.0,1.8,0.014,0.007,0.14,0.161,0.49,"<0,002","<0,0081",,1.2,,,,,,,,,,,,,,,,,,,,,,,,,,,,,,,,,,,,,,,,,,,,,,,,,,,,,,,,,,,,,,,,,,,,,,,,,,,,,,,,,,,,,,,,,
datasets/gov/aaa/ezeru_monitoringas/EzeruValstybinioMonitoringoDuomenys,12505f22-c500-45a0-b466-bb54a2b412e0,3c7ba71c-2e59-45fc-8282-5be9809997fb,,Alytaus,Ilgis,LTL273,Ilgis,POINT (6014802 512585),2021-08-30,18.7,2,2.8,9.1,8.4,3.6,351.0,2.4,0.09,0.005,0.14,0.235,0.75,0.007,0.059,,33.89,,,,,,,,,,,,,,,,,,,,,,,,,,,,,,,,,,,,,,,,,,,,,,,,,,,,,,,,,,,,,,,,,,,,,,,,,,,,,,,,,,,,,,,,,
datasets/gov/aaa/ezeru_monitoringas/EzeruValstybinioMonitoringoDuomenys,128863cc-4ab5-4cc0-aa19-b53851b14aa9,bc4559fb-6c61-4892-b2ca-56fccd730bdc,,Šiaulių,Ilgis,LTL204,Ilgis,POINT (6210196 364291),2018-07-18,24.0,<2,1.7,,8.2,2.2,174.0,3.2,0.019,0.001,"<0,003",0.023,0.5,"<0,005",0.023,,2.12,,,,,,,,,,,,,,,,,,,,,,,,,,,,,,,,,,,,,,,,,,,,,,,,,,,,,,,,,,,,,,,,,,,,,,,,,,,,,,,,,,,,,,,,,
datasets/gov/aaa/ezeru_monitoringas/EzeruValstybinioMonitoringoDuomenys,129f3fb4-e42d-41cf-81df-e71e622e7758,e2244adb-42aa-4acc-9cb8-8b6a20e04fba,,Utenos,Alnis,LTL65,Alnis,POINT (6127535 606156),2019-07-10,18.7,<2,1.8,10.8,9.0,6.1,165.0,1.3,"<0,014","<0,001",0.02,0.035,0.37,"<0,002",0.012,,1.8,,,,,,,,,,,,,,,,,,,,,,,,,,,,,,,,,,,,,,,,,,,,,,,,,,,,,,,,,,,,,,,,,,,,,,,,,,,,,,,,,,,,,,,,,
datasets/gov/aaa/ezeru_monitoringas/EzeruValstybinioMonitoringoDuomenys,12bd371e-3c26-46ac-b110-1c6988645a79,c0180ffb-c20f-4e0b-86b6-c91c3da4ee1d,,Aplinkos apsaugos departamento Šiaulių valdyba,Platelių ežeras,LTL34,Plateliai,,2022-06-22,17.0,"<1,3",1.8,6.4,7.8,5.5,178.0,2.2,0.031,0.001,0.007,0.039,0.47,"<0,006",0.009,,2.66,,,,,,,,,,,,,,,,,,,,,,,,,,,,,,,,,,,,,,,,,,,,,,,,,,,,,,,,,,,,,,,,,,,,,,,,,,,,,,,,,,,,,,,,,
datasets/gov/aaa/ezeru_monitoringas/EzeruValstybinioMonitoringoDuomenys,12c40c28-ec10-4eb0-a4ff-bf7fe8f10463,d9b449c6-5314-4cba-8d2d-392f483bb42c,,Utenos RAAD,Šventas,LTL39,Šventas,,2022-08-08,21.9,<2,0.92,9.0,8.5,7.8,107.0,0.94,0.014,"<0,001",0.1,0.115,0.37,0.002,"<0,0081",,2.7,,,,,,,,,,,,,,,,,,,,,,,,,,,,,,,,,,,,,,,,,,,,,,,,,,,,,,,,,,,,,,,,,,,,,,,,,,,,,,,,,,,,,,,,,
datasets/gov/aaa/ezeru_monitoringas/EzeruValstybinioMonitoringoDuomenys,131791e7-6019-4985-9677-558367709338,6ca71890-1bad-48a0-b631-f9230bd8acf6,,Utenos,Šventas,LTL39,Šventas,POINT (6166706 644760),2020-04-22,6.8,<2,0.85,12.7,8.1,7.2,108.0,2.2,0.04,0.002,0.09,0.132,0.45,0.005,0.009,,1.3,,,,,,,,,,,,,,,,,,,,,,,,,,,,,,,,,,,,,,,,,,,,,,,,,,,,,,,,,,,,,,,,,,,,,,,,,,,,,,,,,,,,,,,,,
datasets/gov/aaa/ezeru_monitoringas/EzeruValstybinioMonitoringoDuomenys,13280178-bca3-435e-9c36-cfd755c588d5,c20496cc-f971-4107-96bd-352501d09f12,,Šiaulių,Talkša,LTL267,Talkša,POINT (6200045 458364),2020-04-22,10.0,3.1,4.1,9.4,8.8,1.9,698.0,3.6,0.04,0.006,0.65,0.696,1.5,"<0,005",0.038,,14.36,,,,,,,,,,,,,,,,,,,,,,,,,,,,,,,,,,,,,,,,,,,,,,,,,,,,,,,,,,,,,,,,,,,,,,,,,,,,,,,,,,,,,,,,,
datasets/gov/aaa/ezeru_monitoringas/EzeruValstybinioMonitoringoDuomenys,133107d1-95b9-4d86-a5cf-57dfbd46dc2a,34edbba6-5c02-4e85-900b-562d31b1b4ed,,Alytaus,Žuvintas,LTL29,Žuvintas,POINT (6037458 476746),2018-07-27,24.9,5,3.0,97.68,8.4,1.6,411.0,3.5,0.06,0.002,0.02,0.082,0.7,0.027,0.079,,8.7,,,,,,,,,,,,,,,,,,,,,,,,,,,,,,,,,,,,,,,,,,,,,,,,,,,,,,,,,,,,,,,,,,,,,,,,,,,,,,,,,,,,,,,,,
datasets/gov/aaa/ezeru_monitoringas/EzeruValstybinioMonitoringoDuomenys,1357e542-b793-456c-ae01-9a1910ef3c25,1aa1f32a-121c-4e6e-af65-49c082fec7ef,,Utenos,Avilys,LTL299,Avilys,POINT (6183633 629267),2017-08-23,20.5,"<1,7",2.5,7.1,8.5,4.0,236.0,1.1,0.014,"<0,001",0.06,0.075,0.39,"<0,002",0.016,,6.0,,,,,,,,,,,,,,,,,,,,,,,,,,,,,,,,,,,,,,,,,,,,,,,,,,,,,,,,,,,,,,,,,,,,,,,,,,,,,,,,,,,,,,,,,
datasets/gov/aaa/ezeru_monitoringas/EzeruValstybinioMonitoringoDuomenys,13ae3029-fc48-4b09-a6b0-14e6a9300be3,53057905-91d4-4bcf-bd39-f509167cbb75,,Šiaulių,Mastis,LTL435,Mastis,POINT (6205996 390736),2017-05-04,10.0,3.2,3.3,6.9,8.8,1.5,426.0,2.2,"<0,008",0.006,0.16,0.174,1.5,"<0,005",0.043,,12.1,,,,,,,,,,,,,,,,,,,,,,,,,,,,,,,,,,,,,,,,,,,,,,,,,,,,,,,,,,,,,,,,,,,,,,,,,,,,,,,,,,,,,,,,,
datasets/gov/aaa/ezeru_monitoringas/EzeruValstybinioMonitoringoDuomenys,13b0853d-d7bc-4ab8-8fde-8f23bc4d69e2,5fdc56be-1911-4792-9507-10a19898b563,,Alytaus,Pluvija,LTL512,Pluvija,POINT (6030583 493559),2017-09-21,14.9,9,3.4,8.9,8.5,1.1,401.0,5.3,0.05,0.003,0.03,0.083,1.2,0.011,0.074,,32.9,,,,,,,,,,,,,,,,,,,,,,,,,,,,,,,,,,,,,,,,,,,,,,,,,,,,,,,,,,,,,,,,,,,,,,,,,,,,,,,,,,,,,,,,,
datasets/gov/aaa/ezeru_monitoringas/EzeruValstybinioMonitoringoDuomenys,13b28cb8-7bff-4bac-8e52-eae3c979ea0e,ccebf1f5-e9cf-49e5-9a1d-b6b47be6ccb3,,Utenos,Paštys,LTL293,Paštys,POINT (6176255 606702),2017-05-15,12.6,"<1,7",4,10.4,8.2,3.4,382.0,2.5,0.02,0.007,0.63,0.657,1.2,0.042,0.056,,5.9,,,,,,,,,,,,,,,,,,,,,,,,,,,,,,,,,,,,,,,,,,,,,,,,,,,,,,,,,,,,,,,,,,,,,,,,,,,,,,,,,,,,,,,,,
datasets/gov/aaa/ezeru_monitoringas/EzeruValstybinioMonitoringoDuomenys,13cf5fc4-cdd0-48ef-9555-0b9c93f3ba0f,1d9692ab-3510-4919-838f-2dd9e9d8ba76,,Šiaulių,Platelių ežeras,LTL34,Plateliai,POINT (6214390 366955),2019-01-23,0.0,1.6,1.0,11.9,8.3,,186.0,"<2,9",0.035,0.001,0.084,0.12,0.44,"<0,005",0.01,,,,,,,,,,,,,,,,,,,,,,,,,,,,,,,,,,,,,,,,,,,,,,,,,,,,,,,,,,,,,,,,,,,,,,,,,,,,,,,,,,,,,,,,,,,
datasets/gov/aaa/ezeru_monitoringas/EzeruValstybinioMonitoringoDuomenys,13f0410d-2e8a-4d3d-99bd-cbb68cb6260c,ac5cc406-2b9a-42d0-9313-ce752e793682,,Utenos,Asalnykštis,LTL329,Asalnykštis,POINT (6137078 628096),2019-08-28,23.0,<2,3.0,9.4,8.5,4.0,284.0,1.5,"<0,014",0.001,0.02,0.035,0.19,0.005,0.013,,4.2,,,,,,,,,,,,,,,,,,,,,,,,,,,,,,,,,,,,,,,,,,,,,,,,,,,,,,,,,,,,,,,,,,,,,,,,,,,,,,,,,,,,,,,,,
datasets/gov/aaa/ezeru_monitoringas/EzeruValstybinioMonitoringoDuomenys,140bc2b3-2744-4c47-9506-e7a10ce52c28,f35d3eaa-b47d-4c12-bdba-906a7cbbe57b,,Alytaus,Ūdrijos ežeras,LTL511,Ūdrijos ežeras,POINT (6033214 490256),2017-09-18,15.5,22,2.8,9.2,8.7,0.7,482.0,5.9,0.06,0.005,0.06,0.125,1.7,0.025,0.16,,15.0,,,,,,,,,,,,,,,,,,,,,,,,,,,,,,,,,,,,,,,,,,,,,,,,,,,,,,,,,,,,,,,,,,,,,,,,,,,,,,,,,,,,,,,,,
datasets/gov/aaa/ezeru_monitoringas/EzeruValstybinioMonitoringoDuomenys,14383893-9119-4e84-8677-a107cb48aba3,28746a90-5bfe-470d-a625-60dbbbb91d7e,,Utenos,Alnis,LTL65,Alnis,POINT (6127535 606156),2017-10-12,11.4,"<1,7",1.9,5.4,8.4,7.0,164.0,0.9,0.08,0.001,0.02,0.101,0.53,"<0,002",0.01,,,,,,,,,,,,,,,,,,,,,,,,,,,,,,,,,,,,,,,,,,,,,,,,,,,,,,,,,,,,,,,,,,,,,,,,,,,,,,,,,,,,,,,,,,,
datasets/gov/aaa/ezeru_monitoringas/EzeruValstybinioMonitoringoDuomenys,1446b84b-99de-441b-82cc-617ee20e2cec,430b8e59-7934-4d0c-a2a9-a58f82f1d349,,Marijampolės RAAD,Voverių tvenkinys,LTL519,Voverių tvenkinys,,2022-08-31,21.3,8,3.7,4.2,7.8,1.0,650.0,3.5,0.05,0.069,1.4,1.519,2.0,"<0,007",0.062,,36.5,,,,,,,,,,,,,,,,,,,,,,,,,,,,,,,,,,,,,,,,,,,,,,,,,,,,,,,,,,,,,,,,,,,,,,,,,,,,,,,,,,,,,,,,,
datasets/gov/aaa/ezeru_monitoringas/EzeruValstybinioMonitoringoDuomenys,14f2b393-2d66-46c2-8ce9-dd00e433efa4,cf5400bc-344e-4eae-b5f9-59cbfb2814f7,,Šiaulių,Laičių I tvenkinys,LTL544,Laičių I tvenkinys,POINT (6198607 491778),2018-10-22,10.0,6,3.5,,8.8,1.4,599.0,"<2,9",0.017,0.002,"<0,003",0.022,0.85,"<0,005",0.027,,11.3,,,,,,,,,,,,,,,,,,,,,,,,,,,,,,,,,,,,,,,,,,,,,,,,,,,,,,,,,,,,,,,,,,,,,,,,,,,,,,,,,,,,,,,,,
datasets/gov/aaa/ezeru_monitoringas/EzeruValstybinioMonitoringoDuomenys,15077d56-28ba-4a0f-bbcb-64beddad8740,88851e4f-594e-4c56-945c-977b0ea0b772,,Alytaus,Galadusys,LTL187,Galadusys,POINT (6007408 461186),2018-08-28,21.1,4,2.3,75.964,8.4,5.3,329.0,2,0.03,0.001,0.03,0.061,0.3,0.027,0.064,,2.5,,,,,,,,,,,,,,,,,,,,,,,,,,,,,,,,,,,,,,,,,,,,,,,,,,,,,,,,,,,,,,,,,,,,,,,,,,,,,,,,,,,,,,,,,
datasets/gov/aaa/ezeru_monitoringas/EzeruValstybinioMonitoringoDuomenys,1519cffa-8fbf-49ac-a61d-703888c9bcb8,75d66f7c-390f-4f7b-8bda-576169991270,,Klaipėdos,Draudenių ežeras,LTL205,Draudenių ežeras,POINT (6132497 371778),2017-07-27,21.0,7.8,2.9,5.7,8.6,1.8,321.0,2.9,0.008,0.002,0.004,0.014,0.91,0.005,0.03,,1.54,,,,,,,,,,,,,,,,,,,,,,,,,,,,,,,,,,,,,,,,,,,,,,,,,,,,,,,,,,,,,,,,,,,,,,,,,,,,,,,,,,,,,,,,,
datasets/gov/aaa/ezeru_monitoringas/EzeruValstybinioMonitoringoDuomenys,151a384b-aab9-4a2e-a1c0-6442201ec226,c42542aa-9021-4163-a7bd-c1fe93fa1a8e,,Kauno,Labūnavos tvenkinys,LTL411,Labūnavos tvenkinys,POINT (6116308 494047),2018-09-18,17.5,"<2,5",4.6,,8.02,1.4,542.0,1.5,0.07,0.002,0.089,0.161,0.73,0.007,0.039,,10,,,,,,,,,,,,,,,,,,,,,,,,,,,,,,,,,,,,,,,,,,,,,,,,,,,,,,,,,,,,,,,,,,,,,,,,,,,,,,,,,,,,,,,,,
datasets/gov/aaa/ezeru_monitoringas/EzeruValstybinioMonitoringoDuomenys,156f1d64-90ec-4daf-8193-cb1c9658211b,1606cf57-00bc-4de7-b50d-c83598afc380,,Alytaus,Sausvingis,LTL378,Sausvingis,POINT (6017605 512931),2018-08-27,21.6,6,3.1,91.533,8.5,2.9,358.0,2.2,0.03,0.003,0.09,0.123,0.6,0.02,0.045,,6.2,,,,,,,,,,,,,,,,,,,,,,,,,,,,,,,,,,,,,,,,,,,,,,,,,,,,,,,,,,,,,,,,,,,,,,,,,,,,,,,,,,,,,,,,,
datasets/gov/aaa/ezeru_monitoringas/EzeruValstybinioMonitoringoDuomenys,15824f46-5f02-445b-88a6-4feece4cf71f,5a541ff8-0edc-4f8a-876b-6b4f24c75b7e,,Utenos,Stirniai,LTL343,Stirniai,POINT (6124518 605749),2019-01-28,0.6,<2,2.5,12.1,8.8,5.9,280.0,2.7,0.03,0.002,0.12,0.152,0.69,"<0,002",0.01,,,,,,,,,,,,,,,,,,,,,,,,,,,,,,,,,,,,,,,,,,,,,,,,,,,,,,,,,,,,,,,,,,,,,,,,,,,,,,,,,,,,,,,,,,,
datasets/gov/aaa/ezeru_monitoringas/EzeruValstybinioMonitoringoDuomenys,1587d6be-65f7-4cde-88bb-8f69d84bc189,daa7678a-8b46-46b1-af88-eb5a4bbff7aa,,Alytaus,Stirtos,LTL517,Stirtos,POINT (5986337 485957),2018-08-30,21.2,5.5,3.0,93.076,8.4,3.9,372.0,2.1,0.05,0.001,0.11,0.161,0.9,0.014,0.031,,8.6,,,,,,,,,,,,,,,,,,,,,,,,,,,,,,,,,,,,,,,,,,,,,,,,,,,,,,,,,,,,,,,,,,,,,,,,,,,,,,,,,,,,,,,,,
datasets/gov/aaa/ezeru_monitoringas/EzeruValstybinioMonitoringoDuomenys,15892863-295b-4b2d-91f8-1687c72efb1a,26e32997-a606-4518-8369-e55ded23cae2,,Utenos,Erzvėtas,LTL387,Erzvėtas,POINT (6131954 660363),2021-09-29,11.2,2.6,3.7,9.95,8.45,2.3,425.0,1.2,0.054,0.011,0.346,0.411,0.803,"<0,015",0.018,,3.55,,,,,,,,,,,,,,,,,,,,,,,,,,,,,,,,,,,,,,,,,,,,,,,,,,,,,,,,,,,,,,,,,,,,,,,,,,,,,,,,,,,,,,,,,
datasets/gov/aaa/ezeru_monitoringas/EzeruValstybinioMonitoringoDuomenys,15ae0181-5f08-4f2a-b7e8-34ec6de05db3,57a7282a-2371-4ac3-9396-a40c11eb0e24,,Alytaus,Grūda,LTL396,Grūda,POINT (5974641 520687),2018-05-23,20.8,7.5,2.1,135.135,8.6,1.1,208.0,4.5,0.03,0.003,0.08,0.113,0.6,0.013,0.032,,29.6,,,,,,,,,,,,,,,,,,,,,,,,,,,,,,,,,,,,,,,,,,,,,,,,,,,,,,,,,,,,,,,,,,,,,,,,,,,,,,,,,,,,,,,,,
datasets/gov/aaa/ezeru_monitoringas/EzeruValstybinioMonitoringoDuomenys,15d2f3b4-4230-471c-8b33-2238ff3d5b14,e1ee35e7-2797-49c7-a16f-6d18e19c7cf6,,Utenos,Šiurpys,LTL311,Šiurpys,POINT (6169946 635569),2017-08-14,22.2,"<1,7",1,8.0,9.0,7.4,92.0,0.5,"<0,014","<0,001",0.02,0.035,0.59,0.003,"<0,0083",,3.43,,,,,,,,,,,,,,,,,,,,,,,,,,,,,,,,,,,,,,,,,,,,,,,,,,,,,,,,,,,,,,,,,,,,,,,,,,,,,,,,,,,,,,,,,
datasets/gov/aaa/ezeru_monitoringas/EzeruValstybinioMonitoringoDuomenys,15e73c42-1c1f-4fd0-9c7b-579eee80fd81,c806de07-b545-4e92-9cef-10f4bc1ef91d,,Utenos,Žilmas,LTL398,Žilmas,POINT (6154895 657251),2021-10-12,9.9,<2,2.9,9.6,8.2,5.4,275.0,1.1,0.02,0.013,0.06,0.093,0.37,"<0,002",0.009,,26.05,,,,,,,,,,,,,,,,,,,,,,,,,,,,,,,,,,,,,,,,,,,,,,,,,,,,,,,,,,,,,,,,,,,,,,,,,,,,,,,,,,,,,,,,,
datasets/gov/aaa/ezeru_monitoringas/EzeruValstybinioMonitoringoDuomenys,164034b8-a01a-4c01-994d-41542daeeacc,8cfa55c1-1598-450a-ac31-44c7a9333720,,Vilniaus,Bartkuškio tvenkinys,LTL128,Bartkuškio tvenkinys,POINT (6088672 560436),2017-07-13,19.9,10,2.1,9.6,8.18,0.8,414.0,7.8,0.053,0.01,0.184,0.247,1.29,"<0,014",0.07,,66.9,,,,,,,,,,,,,,,,,,,,,,,,,,,,,,,,,,,,,,,,,,,,,,,,,,,,,,,,,,,,,,,,,,,,,,,,,,,,,,,,,,,,,,,,,
datasets/gov/aaa/ezeru_monitoringas/EzeruValstybinioMonitoringoDuomenys,1669b11e-e553-4a03-911f-66bb0805644d,88751f5d-529c-4f5d-99e5-a93404709b05,,Utenos,Alksnas,LTL331,Alksnas,POINT (6137078 626267),2019-07-25,22.4,<2,3.3,9.7,8.5,4.4,339.0,1.3,0.02,0.001,0.03,0.051,0.31,"<0,002",0.01,,8.9,,,,,,,,,,,,,,,,,,,,,,,,,,,,,,,,,,,,,,,,,,,,,,,,,,,,,,,,,,,,,,,,,,,,,,,,,,,,,,,,,,,,,,,,,
datasets/gov/aaa/ezeru_monitoringas/EzeruValstybinioMonitoringoDuomenys,1672e9af-8853-42ff-b67c-51a9c07fadea,f33827de-d458-43cf-924f-5977435067fe,,Šiaulių,Alsėdžių ežeras,LTL258,Alsėdžių ežeras,POINT (6207315 379242),2017-04-20,8.0,<2,3.3,7.1,8.9,1.9,344.0,5.1,"<0,008",0.006,0.16,0.174,0.74,"<0,005",0.031,,10.66,,,,,,,,,,,,,,,,,,,,,,,,,,,,,,,,,,,,,,,,,,,,,,,,,,,,,,,,,,,,,,,,,,,,,,,,,,,,,,,,,,,,,,,,,
datasets/gov/aaa/ezeru_monitoringas/EzeruValstybinioMonitoringoDuomenys,16ea42e8-cbce-46b1-a32c-db5f759b3265,16f5911e-fa17-4c80-ac1d-85d5a87a0b2c,,Alytaus,Kavalys,LTL465,Kavalys,POINT (6032343 495560),2017-05-16,15.0,8.5,3.4,11.1,8.6,1.4,366.0,4.5,0.04,0.005,0.04,0.085,1.0,0.012,0.069,,5.9,,,,,,,,,,,,,,,,,,,,,,,,,,,,,,,,,,,,,,,,,,,,,,,,,,,,,,,,,,,,,,,,,,,,,,,,,,,,,,,,,,,,,,,,,
datasets/gov/aaa/ezeru_monitoringas/EzeruValstybinioMonitoringoDuomenys,16f7d4c7-65dd-4d29-a315-582456701528,dffa9960-a51a-45aa-862b-33447e178011,,Marijampolės,Žaltytis,LTL245,Žaltytis,POINT (6029692 462819),2020-08-26,20.5,5.5,2.5,10.3,9.1,2.0,481.0,3,0.04,0.009,0.12,0.169,1.9,0.007,0.071,,3.4,,,,,,,,,,,,,,,,,,,,,,,,,,,,,,,,,,,,,,,,,,,,,,,,,,,,,,,,,,,,,,,,,,,,,,,,,,,,,,,,,,,,,,,,,
datasets/gov/aaa/ezeru_monitoringas/EzeruValstybinioMonitoringoDuomenys,17068bf0-b348-4b5e-a23a-0fecc7ee4bad,6f3fa237-0d95-4427-a337-c47335088d82,,Panevėžio,Skaistė,LTL385,Skaistė,POINT (6214826 584859),2017-05-09,11.9,4.5,3.5,11.2,8.6,2.0,330.0,4.1,"<0,014","<0,001",0.07,0.085,1.1,0.002,0.016,,5.0,,,,,,,,,,,,,,,,,,,,,,,,,,,,,,,,,,,,,,,,,,,,,,,,,,,,,,,,,,,,,,,,,,,,,,,,,,,,,,,,,,,,,,,,,
datasets/gov/aaa/ezeru_monitoringas/EzeruValstybinioMonitoringoDuomenys,17133906-7e7a-488b-98c1-10a188c9e81e,99f46c43-969a-4215-acdc-a203571269cb,,Vilniaus RAAD,Vajuonis,LTL325,Vajuonis,,2022-09-29,13.5,3.2,3.3,8.9,8.19,3.8,335.0,1.2,0.027,"<0,005",0.037,0.069,0.806,"<0,015",0.016,,4.7,,,,,,,,,,,,,,,,,,,,,,,,,,,,,,,,,,,,,,,,,,,,,,,,,,,,,,,,,,,,,,,,,,,,,,,,,,,,,,,,,,,,,,,,,
datasets/gov/aaa/ezeru_monitoringas/EzeruValstybinioMonitoringoDuomenys,17716221-0487-4ef6-b6ef-b8d96014eed9,563f7447-2069-4d9a-ad2b-8e4433d51d82,,Utenos,Dusynas,LTL289,Dusynas,POINT (6160773 592168),2021-09-28,11.4,<2,3.9,8.6,8.3,2.8,379.0,1.2,0.11,0.035,0.47,0.615,0.97,0.012,0.033,,1.81,,,,,,,,,,,,,,,,,,,,,,,,,,,,,,,,,,,,,,,,,,,,,,,,,,,,,,,,,,,,,,,,,,,,,,,,,,,,,,,,,,,,,,,,,
datasets/gov/aaa/ezeru_monitoringas/EzeruValstybinioMonitoringoDuomenys,178a5c1b-4445-4e21-8f92-933608db02a0,cf998ccd-71a3-41e9-afaa-048601dfb64e,,Utenos,Asavas,LTL310,Asavas,POINT (6167521 638935),2017-09-21,14.5,3.7,2.9,8.3,8.5,3.8,286.0,1.2,0.02,0.001,0.06,0.081,0.66,0.004,0.013,,1.6,,,,,,,,,,,,,,,,,,,,,,,,,,,,,,,,,,,,,,,,,,,,,,,,,,,,,,,,,,,,,,,,,,,,,,,,,,,,,,,,,,,,,,,,,
datasets/gov/aaa/ezeru_monitoringas/EzeruValstybinioMonitoringoDuomenys,17960dac-31eb-4e9b-9cdf-25e735b1d939,b66863c2-9c5e-40d6-9c9d-cbebfeb20a41,,Klaipėdos,Draudenių ežeras,LTL205,Draudenių ežeras,POINT (6132497 371778),2020-08-17,25.0,2.6,2.3,8.3,8.5,1.8,200.0,1.6,0.086,"<0,001",0.016,0.103,0.92,"<0,005",0.092,,4.14,,,,,,,,,,,,,,,,,,,,,,,,,,,,,,,,,,,,,,,,,,,,,,,,,,,,,,,,,,,,,,,,,,,,,,,,,,,,,,,,,,,,,,,,,
datasets/gov/aaa/ezeru_monitoringas/EzeruValstybinioMonitoringoDuomenys,179ed034-bdbc-42b4-bf22-ef08c9c365ce,2a523afb-968a-4e15-9655-1a1d8d8e032a,,Utenos,Alaušas,LTL231,Alaušas,POINT (6165828 607108),2021-08-26,18.1,<2,2.6,9.9,8.7,7.0,228.0,0.89,0.02,"<0,001",0.01,0.031,0.25,0.003,"<0,0081",,2.37,,,,,,,,,,,,,,,,,,,,,,,,,,,,,,,,,,,,,,,,,,,,,,,,,,,,,,,,,,,,,,,,,,,,,,,,,,,,,,,,,,,,,,,,,
datasets/gov/aaa/ezeru_monitoringas/EzeruValstybinioMonitoringoDuomenys,17a8f109-c126-4922-aa1c-a20ca9fe0d15,2817ce67-c6ae-425f-bf51-24b320ae4381,,Utenos,Asalnykštis,LTL329,Asalnykštis,POINT (6137078 628096),2019-05-16,13.2,<2,3.4,11.7,8.9,4.0,327.0,2.2,"<0,014","<0,001",0.04,0.055,0.27,0.003,0.011,,10.1,,,,,,,,,,,,,,,,,,,,,,,,,,,,,,,,,,,,,,,,,,,,,,,,,,,,,,,,,,,,,,,,,,,,,,,,,,,,,,,,,,,,,,,,,
datasets/gov/aaa/ezeru_monitoringas/EzeruValstybinioMonitoringoDuomenys,17c084dc-42ed-4e38-aff0-7aed2bde4d36,e9d5a2c3-54da-4e00-a4b2-ab4a9aeebf87,,Šiaulių,Vaitiekūnų tvenkinys,LTL408,Vaitiekūnų tvenkinys,POINT (6150901 477949),2017-04-26,8.0,<2,4.9,6.9,8.9,1.5,627.0,2.1,0.008,0.029,4.3,4.337,4.7,0.007,0.031,,7.4,,,,,,,,,,,,,,,,,,,,,,,,,,,,,,,,,,,,,,,,,,,,,,,,,,,,,,,,,,,,,,,,,,,,,,,,,,,,,,,,,,,,,,,,,
datasets/gov/aaa/ezeru_monitoringas/EzeruValstybinioMonitoringoDuomenys,17c9ffe1-21fa-452d-9ed9-fabdaa898c5d,f7bc75ec-3c2f-458a-8a9a-e4b916e3e851,,Kauno,Labūnavos tvenkinys,LTL411,Labūnavos tvenkinys,POINT (6116308 494047),2018-04-18,8.9,3.3,4.6,107.945,7.99,1.2,576.0,2,0.087,0.024,7,7.111,8.0,0.031,0.076,,2.1,,,,,,,,,,,,,,,,,,,,,,,,,,,,,,,,,,,,,,,,,,,,,,,,,,,,,,,,,,,,,,,,,,,,,,,,,,,,,,,,,,,,,,,,,
datasets/gov/aaa/ezeru_monitoringas/EzeruValstybinioMonitoringoDuomenys,17df8ee6-d82e-4dd8-9fe7-1972913c22ce,ef3c2bad-68e5-42cb-a378-77f93cb8588d,,Vilniaus,Šventas,LTL446,Šventas,POINT (6121795 629748),2020-07-29,22.4,10,4.1,11.3,8.71,0.8,418.0,5.4,0.019,0.005,0.072,0.096,0.742,"<0,015",0.032,,31.5,,,,,,,,,,,,,,,,,,,,,,,,,,,,,,,,,,,,,,,,,,,,,,,,,,,,,,,,,,,,,,,,,,,,,,,,,,,,,,,,,,,,,,,,,
datasets/gov/aaa/ezeru_monitoringas/EzeruValstybinioMonitoringoDuomenys,17f740e9-b8a3-4072-be3d-fb6aaa7815a3,0d5e0832-392e-45bd-be40-e196bcd70c1b,,Alytaus,Varėnos m. I tvenkinys,LTL538,Varėnos m. I tvenkinys,POINT (6010118 537245),2017-08-24,19.6,9.5,3.9,8.7,8.3,1.4,295.0,4.8,0.02,0.003,0.05,0.073,0.4,0.049,0.049,,55.7,,,,,,,,,,,,,,,,,,,,,,,,,,,,,,,,,,,,,,,,,,,,,,,,,,,,,,,,,,,,,,,,,,,,,,,,,,,,,,,,,,,,,,,,,
datasets/gov/aaa/ezeru_monitoringas/EzeruValstybinioMonitoringoDuomenys,18393685-fd6f-4410-9347-b27db71bc9cd,7f9bddcd-84b0-45e8-8a9a-cc01610f8232,,Alytaus RAAD,Pabezninkų ežeras,LTL375,Pabezninkų ež.,,2022-07-20,21.3,5.5,1,6.0,5.6,0.45,50.0,3.6,0.02,0.004,0.14,0.164,1.8,0.016,0.068,,5.6,,,,,,,,,,,,,,,,,,,,,,,,,,,,,,,,,,,,,,,,,,,,,,,,,,,,,,,,,,,,,,,,,,,,,,,,,,,,,,,,,,,,,,,,,
datasets/gov/aaa/ezeru_monitoringas/EzeruValstybinioMonitoringoDuomenys,1909a04a-6a23-4eac-bd85-557879f77589,7df8ce08-b710-4dba-90cb-57e0d2377286,,Vilniaus RAAD,Didžiulis,LTL134,Didžiulis,,2022-07-21,20.8,6.2,3.9,11.9,8.89,0.9,398.0,4.9,"<0,02",0.005,0.034,0.059,0.536,0.041,0.122,,94.7,,,,,,,,,,,,,,,,,,,,,,,,,,,,,,,,,,,,,,,,,,,,,,,,,,,,,,,,,,,,,,,,,,,,,,,,,,,,,,,,,,,,,,,,,
datasets/gov/aaa/ezeru_monitoringas/EzeruValstybinioMonitoringoDuomenys,191a917d-f27b-4528-9201-eabdd274319f,93578395-7bd3-4a16-84fc-66ad8852371e,,Utenos,Mūšėjus,LTL288,Mušėjus,POINT (6149216 582296),2020-10-12,13.8,7,3.9,7.8,8.2,1.4,431.0,3,0.05,0.003,0.09,0.143,1.4,"<0,002",0.034,,19.8,,,,,,,,,,,,,,,,,,,,,,,,,,,,,,,,,,,,,,,,,,,,,,,,,,,,,,,,,,,,,,,,,,,,,,,,,,,,,,,,,,,,,,,,,
datasets/gov/aaa/ezeru_monitoringas/EzeruValstybinioMonitoringoDuomenys,194f7bd9-d9b7-42cd-9808-5717be391ee2,a6679ab6-c88f-45af-8cdf-5fd31f49ee30,,Vilniaus RAAD,Ilgai,LTL368,Ilgai,,2022-08-18,23.8,<2,1.8,8.48,8.47,5.9,222.0,2.5,0.025,"<0,005",0.027,0.057,0.554,"<0,015",0.019,,3.3,,,,,,,,,,,,,,,,,,,,,,,,,,,,,,,,,,,,,,,,,,,,,,,,,,,,,,,,,,,,,,,,,,,,,,,,,,,,,,,,,,,,,,,,,
datasets/gov/aaa/ezeru_monitoringas/EzeruValstybinioMonitoringoDuomenys,1956b04f-2710-48ee-9de1-04514a78282e,4e48dbaa-8c32-4176-976c-a7ce57a9bba5,,Alytaus,Jiezno ežeras,LTL463,Jiezno ež.,POINT (6050851 511323),2021-09-20,12.7,5.5,3.0,7.4,8.3,1.0,461.0,5.9,0.04,0.002,0.05,0.092,1.4,0.02,0.11,,64.7,,,,,,,,,,,,,,,,,,,,,,,,,,,,,,,,,,,,,,,,,,,,,,,,,,,,,,,,,,,,,,,,,,,,,,,,,,,,,,,,,,,,,,,,,
datasets/gov/aaa/ezeru_monitoringas/EzeruValstybinioMonitoringoDuomenys,197604b1-7ef6-4819-a261-60132152dc26,5ae74a1f-cd5f-49ef-8ba4-ffe51320b03b,,Šiaulių,Petraičių tvenkinys,LTL545,Petraičių tvenkinys,POINT (6198329 474729),2020-04-28,12.0,25,6.9,9.0,8.6,0.6,782.0,3.2,0.048,0.083,4.3,4.431,6.7,"<0,005",0.21,,172.42,,,,,,,,,,,,,,,,,,,,,,,,,,,,,,,,,,,,,,,,,,,,,,,,,,,,,,,,,,,,,,,,,,,,,,,,,,,,,,,,,,,,,,,,,
datasets/gov/aaa/ezeru_monitoringas/EzeruValstybinioMonitoringoDuomenys,19d4ad7a-fd1d-4929-b345-fa99fec72757,d67d43e5-7517-4fad-8d5a-584d4dc0531c,,Alytaus,Ilgis,LTL394,Ilgis,POINT (5988529 482829),2018-08-01,27.0,6,2.7,115.629,8.8,2.5,283.0,3.5,0.08,0.001,0.1,0.181,0.8,0.016,0.036,,4,,,,,,,,,,,,,,,,,,,,,,,,,,,,,,,,,,,,,,,,,,,,,,,,,,,,,,,,,,,,,,,,,,,,,,,,,,,,,,,,,,,,,,,,,
datasets/gov/aaa/ezeru_monitoringas/EzeruValstybinioMonitoringoDuomenys,1a32487e-0ee8-48bd-a6a7-e23c7084b6ef,be38a3ad-3c7c-4d88-a31f-8be856154233,,Utenos,Luknas,LTL290,Luknas,POINT (6160187 597153),2019-07-17,19.5,4.1,4.8,9.6,8.5,2.4,458.0,2.8,0.02,"<0,01",0.06,0.09,0.27,"<0,002",0.022,,11.5,,,,,,,,,,,,,,,,,,,,,,,,,,,,,,,,,,,,,,,,,,,,,,,,,,,,,,,,,,,,,,,,,,,,,,,,,,,,,,,,,,,,,,,,,
datasets/gov/aaa/ezeru_monitoringas/EzeruValstybinioMonitoringoDuomenys,1a3a5e18-907d-4fcd-8412-efb888609d1d,7a8e4d13-3ff2-476f-a7d3-33964b86ae3b,,Vilniaus,Didžiulis,LTL274,Didžiulis,POINT (6032301 531320),2017-08-17,21.2,15,3.9,6.1,8.06,0.4,370.0,2.7,0.072,0.006,0.027,0.105,1.47,"<0,014",0.077,,4.5,,,,,,,,,,,,,,,,,,,,,,,,,,,,,,,,,,,,,,,,,,,,,,,,,,,,,,,,,,,,,,,,,,,,,,,,,,,,,,,,,,,,,,,,,
datasets/gov/aaa/ezeru_monitoringas/EzeruValstybinioMonitoringoDuomenys,1a50a88f-1ce0-4d0d-80c8-fd5505a292cf,b539ec1e-0c7d-44a7-b6d2-c0a68b09556e,,Alytaus,Savistas,LTL250,Savistas,POINT (6022658 526276),2018-05-21,19.6,5,3.2,118.681,8.7,3.4,363.0,2.4,0.03,0.001,0.04,0.071,0.4,0.011,0.026,,14.7,,,,,,,,,,,,,,,,,,,,,,,,,,,,,,,,,,,,,,,,,,,,,,,,,,,,,,,,,,,,,,,,,,,,,,,,,,,,,,,,,,,,,,,,,
datasets/gov/aaa/ezeru_monitoringas/EzeruValstybinioMonitoringoDuomenys,1a6a06bb-494d-4601-ba1e-10bd4f54fbc2,9ddddd2f-6c6c-4acc-b253-f9842e16fe68,,Alytaus,Krūminių tvenkinys,LTL184,Krūminių tvenkinys,POINT (6016830 553517),2018-07-24,23.8,7.5,2.6,132.616,8.5,1.7,440.0,4.5,0.03,0.003,0.1,0.133,1.1,0.013,0.051,,26.2,,,,,,,,,,,,,,,,,,,,,,,,,,,,,,,,,,,,,,,,,,,,,,,,,,,,,,,,,,,,,,,,,,,,,,,,,,,,,,,,,,,,,,,,,
datasets/gov/aaa/ezeru_monitoringas/EzeruValstybinioMonitoringoDuomenys,1a8c6be2-51da-4682-84a3-224c31a87b30,0ea6cf5c-910d-44a2-8aaf-20d31663f28c,,Vilniaus,Ilgutis,LTL380,Ilgutis,POINT (6048111 568369),2018-08-23,21.7,<2,2.0,102.064,8.4,3.1,275.0,1.4,0.011,"<0,004",0.063,0.078,0.086,"<0,014","<0,014",,3.8,,,,,,,,,,,,,,,,,,,,,,,,,,,,,,,,,,,,,,,,,,,,,,,,,,,,,,,,,,,,,,,,,,,,,,,,,,,,,,,,,,,,,,,,,
datasets/gov/aaa/ezeru_monitoringas/EzeruValstybinioMonitoringoDuomenys,1a9ab54a-1395-4e73-97a0-09092bc5038f,0ba044e3-49b7-4db9-b35f-e1296a8f8b78,,Vilniaus,Kurėnų ežeras,LTL281,Kurėnų ežeras,POINT (6130913 548326),2019-07-24,22.0,5.2,4.4,9.8,8.62,0.7,518.0,3.6,0.016,"<0,005",0.06,0.081,0.086,"<0,015",0.016,,20.8,,,,,,,,,,,,,,,,,,,,,,,,,,,,,,,,,,,,,,,,,,,,,,,,,,,,,,,,,,,,,,,,,,,,,,,,,,,,,,,,,,,,,,,,,
datasets/gov/aaa/ezeru_monitoringas/EzeruValstybinioMonitoringoDuomenys,1aa18082-3de0-422f-81f9-8ab84d9a4c46,3b1a65b3-19e8-4d21-842b-3c2048df90cd,,Vilniaus,Širvio ežeras,LTL451,Širvio ežeras,POINT (6095301 577823),2019-07-16,20.2,18,4.8,12.3,8.86,0.6,436.0,8.3,0.03,"<0,005",0.078,0.113,1.2,"<0,015",0.043,,97.6,,,,,,,,,,,,,,,,,,,,,,,,,,,,,,,,,,,,,,,,,,,,,,,,,,,,,,,,,,,,,,,,,,,,,,,,,,,,,,,,,,,,,,,,,
datasets/gov/aaa/ezeru_monitoringas/EzeruValstybinioMonitoringoDuomenys,1aa1f50e-505f-4d21-adc5-9b39a6c4d0c2,a3035b16-8db1-4bff-add6-c889048b88ac,,Vilniaus,Skaistis,LTL136,Skaistis,POINT (6059182 562859),2018-08-23,21.9,<2,2.1,103.687,8.66,5.2,324.0,0.9,"<0,01","<0,004",0.03,0.044,0.058,"<0,014","<0,014",,2.3,,,,,,,,,,,,,,,,,,,,,,,,,,,,,,,,,,,,,,,,,,,,,,,,,,,,,,,,,,,,,,,,,,,,,,,,,,,,,,,,,,,,,,,,,
datasets/gov/aaa/ezeru_monitoringas/EzeruValstybinioMonitoringoDuomenys,1ae06b2a-371f-48eb-8ceb-4e5c3d77faaa,87b51e3a-83b8-40ac-9a53-b151979822b4,,Utenos,Kirneilis,LTL349,Kirneilis,POINT (6119944 592256),2020-08-25,21.7,"<1,9",3.1,7.9,8.6,3.1,371.0,1.7,0.02,"<0,005",0.048,0.073,0.497,0.039,0.042,,5.0,,,,,,,,,,,,,,,,,,,,,,,,,,,,,,,,,,,,,,,,,,,,,,,,,,,,,,,,,,,,,,,,,,,,,,,,,,,,,,,,,,,,,,,,,
datasets/gov/aaa/ezeru_monitoringas/EzeruValstybinioMonitoringoDuomenys,1af2aeaf-598e-425b-af4a-930b98261941,22c2ee47-fe33-4fe1-9017-631a884259bf,,Vilniaus,Labanoras,LTL337,Labanoras,POINT (6126686 614411),2021-07-22,24.6,<2,2.4,7.8,8.06,4.9,287.0,1.2,0.031,"<0,005",0.025,0.061,0.144,"<0,015",0.016,,1.0,,,,,,,,,,,,,,,,,,,,,,,,,,,,,,,,,,,,,,,,,,,,,,,,,,,,,,,,,,,,,,,,,,,,,,,,,,,,,,,,,,,,,,,,,
datasets/gov/aaa/ezeru_monitoringas/EzeruValstybinioMonitoringoDuomenys,1b1f0bac-fa0a-47e6-a8db-1338f0a79e97,3f49e73f-b689-425d-9b9e-6a1ef0d41b10,,Alytaus,Luksnėnų ežeras,LTL466,Luksnėnų ežeras,POINT (6028420 494673),2020-08-25,22.5,4.5,3.2,6.8,8.3,2.1,410.0,5,0.04,0.006,0.05,0.4,0.096,0.038,0.13,,45.5,,,,,,,,,,,,,,,,,,,,,,,,,,,,,,,,,,,,,,,,,,,,,,,,,,,,,,,,,,,,,,,,,,,,,,,,,,,,,,,,,,,,,,,,,
datasets/gov/aaa/ezeru_monitoringas/EzeruValstybinioMonitoringoDuomenys,1b785057-7061-49eb-8557-ca0c7ef9dd3d,fc7b590e-9466-4f9c-ad69-dde73132bb40,,Utenos RAAD,Rubikių ežeras,LTL10,Rubikių ežeras,,2022-08-10,22.1,3.6,3.5,10.9,8.8,2.3,363.0,2.5,"<0,014",0.001,0.05,0.065,0.52,0.004,0.023,,10.8,,,,,,,,,,,,,,,,,,,,,,,,,,,,,,,,,,,,,,,,,,,,,,,,,,,,,,,,,,,,,,,,,,,,,,,,,,,,,,,,,,,,,,,,,
datasets/gov/aaa/ezeru_monitoringas/EzeruValstybinioMonitoringoDuomenys,1b8a2ca4-2fb8-4a77-8ec5-f7c6e64b2c7e,8fd87936-ef9c-4392-965a-0025a290b5ea,,Utenos RAAD,Alksnas,LTL228,Alksnas,,2022-05-18,12.0,3.6,3.2,10.6,8.3,2.5,329.0,2.2,"<0,014","<0,001",0.05,0.065,0.59,"<0,002",0.017,,6.4,,,,,,,,,,,,,,,,,,,,,,,,,,,,,,,,,,,,,,,,,,,,,,,,,,,,,,,,,,,,,,,,,,,,,,,,,,,,,,,,,,,,,,,,,
datasets/gov/aaa/ezeru_monitoringas/EzeruValstybinioMonitoringoDuomenys,1b91f24c-0736-4946-8783-4c869cda9103,3b6c55f6-1f40-4da4-9b3a-0b0944b8cdc0,,Alytaus,Liškiavis,LTL194,Liškiavis,POINT (5996443 501256),2018-09-18,19.0,5,2.9,89.034,8.4,3.6,392.0,2.3,0.03,0.002,0.18,0.212,0.9,0.009,0.054,,4,,,,,,,,,,,,,,,,,,,,,,,,,,,,,,,,,,,,,,,,,,,,,,,,,,,,,,,,,,,,,,,,,,,,,,,,,,,,,,,,,,,,,,,,,
datasets/gov/aaa/ezeru_monitoringas/EzeruValstybinioMonitoringoDuomenys,1b930aa3-08ad-4ba0-9af9-39dbe26b6305,cd67b18c-2160-4680-9c36-7ebbe70985c2,,Marijampolės,Žaltytis,LTL245,Žaltytis,POINT (6029692 462819),2020-05-21,12.3,5.5,2.6,10.8,8.5,2.2,536.0,3.2,0.03,0.01,0.15,0.88,2.4,0.033,0.071,,4.9,,,,,,,,,,,,,,,,,,,,,,,,,,,,,,,,,,,,,,,,,,,,,,,,,,,,,,,,,,,,,,,,,,,,,,,,,,,,,,,,,,,,,,,,,
datasets/gov/aaa/ezeru_monitoringas/EzeruValstybinioMonitoringoDuomenys,1bab9e71-b951-4cdd-aea4-088ca5bfe2ff,221f5268-993d-4092-840b-a309d9c2d03b,,Šiaulių,Lūkstas,LTL48,Lūkstas,POINT (6176834 395151),2019-09-17,12.0,39,3.0,8.7,8.6,1.1,256.0,2.1,0.029,0.003,0.025,0.057,1.0,"<0,005",0.06,,32.07,,,,,,,,,,,,,,,,,,,,,,,,,,,,,,,,,,,,,,,,,,,,,,,,,,,,,,,,,,,,,,,,,,,,,,,,,,,,,,,,,,,,,,,,,
datasets/gov/aaa/ezeru_monitoringas/EzeruValstybinioMonitoringoDuomenys,1bc2faf6-2295-413b-bc50-2b4f62a59d2d,e0105ca3-be9c-47ef-a8fb-421cd5e392bd,,Panevėžio RAAD,Petrošiškio ežeras,LTL291,Petriošiškio ež.,,2022-07-20,20.2,<2,2,8.9,8.1,2.7,217.0,2.3,0.02,"<0,001",0.01,0.031,0.74,0.002,0.013,,7.2,,,,,,,,,,,,,,,,,,,,,,,,,,,,,,,,,,,,,,,,,,,,,,,,,,,,,,,,,,,,,,,,,,,,,,,,,,,,,,,,,,,,,,,,,
datasets/gov/aaa/ezeru_monitoringas/EzeruValstybinioMonitoringoDuomenys,1bf9df2f-8c41-4e3c-ab3f-ad9af08538e5,a36094a7-2358-49ae-9de3-df5c89a4b0dd,,Utenos,Čičirys,LTL222,Čičirys,POINT (6187704 628556),2017-01-17,0.4,"<1,7",3.2,13.6,8.7,6.2,331.0,2.9,0.02,0.003,0.12,0.143,0.65,"<0,002",0.0084,,1.3,,,,,,,,,,,,,,,,,,,,,,,,,,,,,,,,,,,,,,,,,,,,,,,,,,,,,,,,,,,,,,,,,,,,,,,,,,,,,,,,,,,,,,,,,
datasets/gov/aaa/ezeru_monitoringas/EzeruValstybinioMonitoringoDuomenys,1c3a3a32-5d1f-4cec-be03-91c33cd6aa1a,4350b87b-fb9e-4972-880e-e16c57ddba06,,Utenos RAAD,Viešintas,LTL383,Viešintas,,2022-05-11,13.5,4.4,3.8,13.1,8.6,2.7,433.0,3.2,"<0,014",0.012,0.05,0.076,0.15,0.008,0.023,,12.6,,,,,,,,,,,,,,,,,,,,,,,,,,,,,,,,,,,,,,,,,,,,,,,,,,,,,,,,,,,,,,,,,,,,,,,,,,,,,,,,,,,,,,,,,
datasets/gov/aaa/ezeru_monitoringas/EzeruValstybinioMonitoringoDuomenys,1c625093-4e91-499b-bbea-b4e693d8546e,35e9c712-a06f-48a0-8637-cc4c82fe699b,,Utenos,Stirniai,LTL343,Stirniai,POINT (6124518 605749),2021-01-26,0.6,<2,2.5,16.6,8.4,7.0,277.0,3.9,0.1,"<0,001",0.1,0.201,0.7,0.004,0.019,,,,,,,,,,,,,,,,,,,,,,,,,,,,,,,,,,,,,,,,,,,,,,,,,,,,,,,,,,,,,,,,,,,,,,,,,,,,,,,,,,,,,,,,,,,
datasets/gov/aaa/ezeru_monitoringas/EzeruValstybinioMonitoringoDuomenys,1c66499b-6316-4b71-8aa3-ebfe270d3dc1,67781a95-e47f-4b1c-9e33-bcf9101ae78a,,Alytaus,Galadusys,LTL187,Galadusys,POINT (6007408 461186),2018-10-04,13.2,5,3.0,82.297,8.3,5.6,338.0,2.4,0.04,0.003,0.1,0.143,1.0,0.016,0.074,,4.4,,,,,,,,,,,,,,,,,,,,,,,,,,,,,,,,,,,,,,,,,,,,,,,,,,,,,,,,,,,,,,,,,,,,,,,,,,,,,,,,,,,,,,,,,
datasets/gov/aaa/ezeru_monitoringas/EzeruValstybinioMonitoringoDuomenys,1c6a029e-ed71-45b2-8947-a59c4c0c17d9,97bfd25e-4520-4c85-87cd-9eed8c54b556,,Utenos,Ilgis,LTL356,Ilgis,POINT (6106470 594887),2020-05-13,11.9,4.8,3.4,10.7,8.82,1.7,349.0,6.2,0.032,0.008,0.303,0.343,0.81,"<0,015",0.019,,12.3,,,,,,,,,,,,,,,,,,,,,,,,,,,,,,,,,,,,,,,,,,,,,,,,,,,,,,,,,,,,,,,,,,,,,,,,,,,,,,,,,,,,,,,,,
datasets/gov/aaa/ezeru_monitoringas/EzeruValstybinioMonitoringoDuomenys,1c736dd9-2def-4c54-a881-50bd3a2718be,9b7a990a-13c3-4a40-b121-a58f586c9a9e,,Vilniaus,Pikeliškių ežeras(ež.Žalesas),LTL364,Pikeliškių ežeras (ež.Žalesas),POINT (6082605 581424),2020-09-29,15.6,2.8,3.2,8.4,8.37,2.3,408.0,3.2,0.036,"<0,005",0.087,0.128,0.698,"<0,015",0.017,,15.2,,,,,,,,,,,,,,,,,,,,,,,,,,,,,,,,,,,,,,,,,,,,,,,,,,,,,,,,,,,,,,,,,,,,,,,,,,,,,,,,,,,,,,,,,
datasets/gov/aaa/ezeru_monitoringas/EzeruValstybinioMonitoringoDuomenys,1c96a2b9-5441-4d82-a887-a4ea44a221d5,4e0f4e19-836b-4124-a57b-83e09345fd7f,,Alytaus,Lielukas,LTL455,Lielukas,POINT (6027379 544025),2019-07-29,26.6,9.5,2.7,10.2,8.3,0.9,417.0,4.5,0.04,0.003,0.17,0.213,1.1,0.009,0.058,,9.0,,,,,,,,,,,,,,,,,,,,,,,,,,,,,,,,,,,,,,,,,,,,,,,,,,,,,,,,,,,,,,,,,,,,,,,,,,,,,,,,,,,,,,,,,
datasets/gov/aaa/ezeru_monitoringas/EzeruValstybinioMonitoringoDuomenys,1ca1f31a-05e0-46b2-9c60-f7f52b9b7756,7f7ae969-1f2e-4554-9e93-498bbf9b1e69,,Kauno,KAUNO MARIOS,LTL71,Kauno marios,POINT (6084954 505731),2018-08-16,23.2,3.1,3.3,60.284,8.28,1.8,405.0,2.9,0.41,0.01,0.17,0.59,0.87,0.22,0.27,7.5,12.8,247,"<0,01","<0,1",<1,<1,2.1,"<0,5",0.56,32,"<0,1",<2,<30,"<0,002","<0,002","<0,002","<0,004","<0,001","<0,001","<0,004","<0,003","<0,05","<0,05","<0,05","<0,05","<0,05","<0,05",,,,,,,,,,,"<0,005","<0,005","<0,005","<0,005","<0,005","<0,005","<0,005","<0,005","<0,005","<0,004","<0,004","<0,005","<0,005","<0,005","<0,005","<0,025","<0,04","<0,04","<0,04","<0,05","<0,04","<0,004","<0,003","<0,5","<0,5","<0,5","<0,005","<0,005",,0.43,"<0,005","<0,005","<0,005","<0,005","<0,005","<0,005","<0,005",,,,,,,,"<0,005","<0,034","<0,0023","<0,0003","<0,0002","<0,013",,,
datasets/gov/aaa/ezeru_monitoringas/EzeruValstybinioMonitoringoDuomenys,1cbdc7d7-76e7-46fc-8129-33782a888bea,9dfbebf9-37ed-405f-bdb1-b3823152a10a,,Vilniaus,Širvio ežeras,LTL451,Širvio ežeras,POINT (6095301 577823),2019-08-13,21.2,14,3.8,10.1,8.62,0.8,429.0,5.9,0.017,"<0,005",0.048,0.07,0.763,"<0,015",0.068,,48.3,,,,,,,,,,,,,,,,,,,,,,,,,,,,,,,,,,,,,,,,,,,,,,,,,,,,,,,,,,,,,,,,,,,,,,,,,,,,,,,,,,,,,,,,,
datasets/gov/aaa/ezeru_monitoringas/EzeruValstybinioMonitoringoDuomenys,1d086ef3-b301-4293-9ac6-9a857432192f,e4b407f3-6c6f-4bc3-94ea-144dd40f7b19,,Utenos,Šiurpys,LTL311,Šiurpys,POINT (6169946 635569),2018-01-22,0.83,2.5,1.1,95.604,8.4,8.4,102.0,1.6,0.21,0.001,0.05,0.261,0.84,0.002,"<0,0083",,,,,,,,,,,,,,,,,,,,,,,,,,,,,,,,,,,,,,,,,,,,,,,,,,,,,,,,,,,,,,,,,,,,,,,,,,,,,,,,,,,,,,,,,,,
datasets/gov/aaa/ezeru_monitoringas/EzeruValstybinioMonitoringoDuomenys,1d111041-871f-4d2d-919f-2500faff30c1,a1789032-6668-47f6-86f8-22e46166cc44,,Marijampolės,Orija,LTL202,Orija,POINT (6027652 449130),2020-05-27,16.0,3,3.3,10.6,8.5,2.3,521.0,2.6,0.02,0.001,0.06,0.081,0.4,0.007,0.04,,5.8,,,,,,,,,,,,,,,,,,,,,,,,,,,,,,,,,,,,,,,,,,,,,,,,,,,,,,,,,,,,,,,,,,,,,,,,,,,,,,,,,,,,,,,,,
datasets/gov/aaa/ezeru_monitoringas/EzeruValstybinioMonitoringoDuomenys,1d18c8cc-3484-4591-91b8-086e75b01960,3405e86e-b255-4b36-827a-ac3c84b4b28d,,Vilniaus,Ilgės,LTL135,Ilgės,POINT (6071412 538048),2017-08-01,21.8,1,3.6,4.5,7.69,1.7,376.0,3.1,0.11,0.0061,0.011,0.1271,1.3,0.0043,0.0261,,4.6,,,,,,,,,,,,,,,,,,,,,,,,,,,,,,,,,,,,,,,,,,,,,,,,,,,,,,,,,,,,,,,,,,,,,,,,,,,,,,,,,,,,,,,,,
datasets/gov/aaa/ezeru_monitoringas/EzeruValstybinioMonitoringoDuomenys,1d1a374f-7610-4815-8a04-49d52765b840,ce219080-17b4-46d6-baa4-7e4f23303256,,Utenos RAAD,Parsvėtas,LTL532,Parsvetas,,2022-07-26,21.9,<2,2.7,10.0,8.7,4.8,325.0,1.4,0.02,"<0,001",0.02,0.041,0.55,"<0,002",0.015,,4.8,,,,,,,,,,,,,,,,,,,,,,,,,,,,,,,,,,,,,,,,,,,,,,,,,,,,,,,,,,,,,,,,,,,,,,,,,,,,,,,,,,,,,,,,,
datasets/gov/aaa/ezeru_monitoringas/EzeruValstybinioMonitoringoDuomenys,1d61eb51-d9fd-45ff-9b5a-060f62a7d507,d5087d36-9517-4707-b4a3-0d752d666e01,,Kauno,Kalvių ežeras,LTL141,Kalvių ežeras,POINT (6064207 517746),2017-07-17,19.9,6.8,3.8,14.95,8.93,0.7,360.0,5.5,0.062,0.004,0.065,0.131,1.2,"<0,006",0.054,,40.7,,,,,,,,,,,,,,,,,,,,,,,,,,,,,,,,,,,,,,,,,,,,,,,,,,,,,,,,,,,,,,,,,,,,,,,,,,,,,,,,,,,,,,,,,
datasets/gov/aaa/ezeru_monitoringas/EzeruValstybinioMonitoringoDuomenys,1d743d61-36f0-420d-b484-cac919fdcdd9,211abc60-ddb6-4876-ba25-e449450fe97b,,Utenos,Šventas,LTL39,Šventas,POINT (6166706 644760),2021-02-09,0.4,<2,0.92,17.3,8.2,8.9,116.0,1.1,0.02,0.002,0.05,0.072,0.83,0.007,0.018,,,,,,,,,,,,,,,,,,,,,,,,,,,,,,,,,,,,,,,,,,,,,,,,,,,,,,,,,,,,,,,,,,,,,,,,,,,,,,,,,,,,,,,,,,,
datasets/gov/aaa/ezeru_monitoringas/EzeruValstybinioMonitoringoDuomenys,1d7c5bab-36a0-424e-aad8-020c42d3c2e7,5c419b3e-c12c-4651-83aa-962178719a5c,,Vilniaus,Musia,LTL508,Musia,POINT (6093530 577027),2019-07-16,20.3,6.5,5.0,11.5,8.75,0.8,485.0,4.9,0.026,"<0,005",0.063,0.094,0.889,"<0,015",0.021,,32.2,,,,,,,,,,,,,,,,,,,,,,,,,,,,,,,,,,,,,,,,,,,,,,,,,,,,,,,,,,,,,,,,,,,,,,,,,,,,,,,,,,,,,,,,,
datasets/gov/aaa/ezeru_monitoringas/EzeruValstybinioMonitoringoDuomenys,1d937692-5d15-4396-94f0-664256d695c9,aefba325-444a-4236-8251-3b63e6a5a7ba,,Alytaus,Alovės ežeras,LTL192,Alovės ež.,POINT (6022198 511676),2019-09-23,12.4,7.5,3.2,10.9,8.8,0.9,284.0,4.2,0.05,0.005,0.62,0.675,1.1,0.022,0.059,,19.0,,,,,,,,,,,,,,,,,,,,,,,,,,,,,,,,,,,,,,,,,,,,,,,,,,,,,,,,,,,,,,,,,,,,,,,,,,,,,,,,,,,,,,,,,
datasets/gov/aaa/ezeru_monitoringas/EzeruValstybinioMonitoringoDuomenys,1d9b7780-7717-45b4-8e68-ed3dc1d79b0f,97d73f11-1326-4c6d-b61e-04914cb079fe,,Utenos RAAD,Alnis,LTL65,Alnis,,2022-06-15,19.1,<2,1.7,10.1,8.5,8.7,174.0,0.86,0.02,0.001,0.02,0.041,0.15,0.003,"<0,0081",,2.2,,,,,,,,,,,,,,,,,,,,,,,,,,,,,,,,,,,,,,,,,,,,,,,,,,,,,,,,,,,,,,,,,,,,,,,,,,,,,,,,,,,,,,,,,
datasets/gov/aaa/ezeru_monitoringas/EzeruValstybinioMonitoringoDuomenys,1dc5b171-b443-46a6-b9d7-cc433e995e25,f3a175f2-7e0d-488f-b34f-f06f9493f642,,Kauno,KAUNO MARIOS,LTL71,Kauno marios,POINT (6084954 505731),2021-09-15,17.4,5.2,3.4,7.4,8.22,2.1,431.0,2.6,0.065,0.014,0.09,0.169,0.598,0.072,0.086,16.9,19.68,220,"<0,01","<0,1",<2,<1,<1,<1,<2,0.47,<30,"<0,1",<15,"<0,002","<0,003",0.0059,"<0,002","<0,002","<0,002","<0,003","<0,003","<0,01","<0,1","<0,1",,,"<0,05","<0,2","<0,2","<0,2","<0,2","<0,1","<0,1","<0,2","<0,2","<0,1","<0,2","<0,005","<0,005","<0,005","<0,005","<0,005","<0,005","<0,005","<0,005","<0,005","<0,004","<0,004","<0,005","<0,005","<0,005","<0,005","<0,05","<0,05","<0,05","<0,05","<0,05","<0,05","<0,05",,"<0,5","<0,5","<0,5","<0,005","<0,005",,1.41,"<0,005","<0,005","<0,005","<0,005","<0,005","<0,005","<0,005",,,,,,,,,"<0,001","<0,001","<0,001","<0,00005","<0,00005",-,-,-
datasets/gov/aaa/ezeru_monitoringas/EzeruValstybinioMonitoringoDuomenys,1ddbb56d-d03b-4186-a92b-9283321cefa9,861575a9-2ab8-4a07-a126-04ec61b1815c,,Marijampolės,Vištytis,LTL68,Vištytis,POINT (6035329 417565),2021-08-23,19.7,2.5,2.6,9.1,8.5,5.4,253.0,1.3,0.01,0.002,0.03,0.042,0.57,"<0,007",0.064,,3.4,,,,,,,,,,,,,,,,,,,,,,,,,,,,,,,,,,,,,,,,,,,,,,,,,,,,,,,,,,,,,,,,,,,,,,,,,,,,,,,,,,,,,,,,,
datasets/gov/aaa/ezeru_monitoringas/EzeruValstybinioMonitoringoDuomenys,1ded4ebd-724a-4666-8a66-f4e378ae1f0b,44ad9890-a854-417b-a6b9-2fdc04c3f37d,,Alytaus,Niedulis,LTL456,Niedulis,POINT (6028535 523800),2019-07-30,24.9,9,3.4,10.1,8.7,1.0,394.0,4,0.05,0.002,0.09,0.142,1.6,0.011,0.046,,9.7,,,,,,,,,,,,,,,,,,,,,,,,,,,,,,,,,,,,,,,,,,,,,,,,,,,,,,,,,,,,,,,,,,,,,,,,,,,,,,,,,,,,,,,,,
datasets/gov/aaa/ezeru_monitoringas/EzeruValstybinioMonitoringoDuomenys,1df98168-f5c2-45c1-9de1-2ea2211c0b2d,bd7ec303-5426-4296-9a01-093cef7fab41,,Alytaus,Akmenių ežeras,LTL516,Akmenių ežeras,POINT (6003300 466571),2020-08-20,23.5,3.5,3.6,8.4,8.4,2.0,483.0,3.9,0.04,0.004,0.06,1.0,0.104,0.009,0.036,,6.4,,,,,,,,,,,,,,,,,,,,,,,,,,,,,,,,,,,,,,,,,,,,,,,,,,,,,,,,,,,,,,,,,,,,,,,,,,,,,,,,,,,,,,,,,
datasets/gov/aaa/ezeru_monitoringas/EzeruValstybinioMonitoringoDuomenys,1e4a3bb4-0846-4201-8c90-7a64d4aefd9c,a0b1801b-e957-422f-90e4-1ce3bd42d55b,,Utenos,Alksnas,LTL331,Alksnas,POINT (6137078 626267),2019-09-25,13.2,2,3.3,7.6,8.2,4.5,335.0,1.1,0.02,"<0,001",0.04,0.061,0.53,0.004,0.016,,3.2,,,,,,,,,,,,,,,,,,,,,,,,,,,,,,,,,,,,,,,,,,,,,,,,,,,,,,,,,,,,,,,,,,,,,,,,,,,,,,,,,,,,,,,,,
datasets/gov/aaa/ezeru_monitoringas/EzeruValstybinioMonitoringoDuomenys,1e563464-77b4-46f8-aa9f-a379d8659be5,5adc89ba-015f-4d5f-aee9-456848e8d5f7,,Šiaulių,Tausalas,LTL206,Tausalas,POINT (6213325 393517),2017-08-30,19.0,6.5,3.2,6.1,9.1,1.4,320.0,1.9,0.008,0.002,0.003,0.013,1.0,0.011,0.06,,7.4,,,,,,,,,,,,,,,,,,,,,,,,,,,,,,,,,,,,,,,,,,,,,,,,,,,,,,,,,,,,,,,,,,,,,,,,,,,,,,,,,,,,,,,,,
datasets/gov/aaa/ezeru_monitoringas/EzeruValstybinioMonitoringoDuomenys,1e5987ab-01d6-4522-bacf-b9f1692b5cdb,673f6f4d-e980-4702-97e3-05f03708e0b0,,Alytaus,Ūdrijos ežeras,LTL511,Ūdrijos ežeras,POINT (6033214 490256),2017-07-18,19.9,20,2.8,9.3,8.6,0.7,470.0,5.9,0.04,0.003,0.1,0.143,1.7,0.02,0.14,,28.4,,,,,,,,,,,,,,,,,,,,,,,,,,,,,,,,,,,,,,,,,,,,,,,,,,,,,,,,,,,,,,,,,,,,,,,,,,,,,,,,,,,,,,,,,
datasets/gov/aaa/ezeru_monitoringas/EzeruValstybinioMonitoringoDuomenys,1e70a18b-0665-4572-a490-5a40ee1d6240,11442ab0-9860-4e98-890b-b60d0bb8ced1,,Vilniaus,Akmena,LTL460,Akmena,POINT (6058884 557077),2021-07-20,25.8,<2,1.9,8.4,8.45,5.7,236.0,0.5,"<0,02","<0,005","<0,015",0.085,0.133,"<0,015",0.018,,5.2,,,,,,,,,,,,,,,,,,,,,,,,,,,,,,,,,,,,,,,,,,,,,,,,,,,,,,,,,,,,,,,,,,,,,,,,,,,,,,,,,,,,,,,,,
datasets/gov/aaa/ezeru_monitoringas/EzeruValstybinioMonitoringoDuomenys,1e72a14e-acf1-4b55-95ce-14b977d14b87,6f6c640f-70dc-4ddf-a058-7f1616b257b5,,Vilniaus,Didžiulis,LTL134,Didžiulis,POINT (6061478 567200),2017-05-23,18.5,4.6,3.1,13.51,8.78,1.4,469.0,2.6,0.032,0.023,0.807,0.862,1.0,"<0,014",0.037,,10.09,,,,,,,,,,,,,,,,,,,,,,,,,,,,,,,,,,,,,,,,,,,,,,,,,,,,,,,,,,,,,,,,,,,,,,,,,,,,,,,,,,,,,,,,,
datasets/gov/aaa/ezeru_monitoringas/EzeruValstybinioMonitoringoDuomenys,1ecee157-90e6-4551-b31d-df6e21ad16fc,f5969d6f-23e2-4744-a809-655e20adb01f,,Utenos,Arinas,LTL230,Arinas,POINT (6104116 606593),2019-07-25,20.6,"<1,9",2.8,9.5,8.71,3.7,346.0,1.1,"<0,015","<0,005",0.027,0.047,0.05,"<0,015","<0,015",,3.3,,,,,,,,,,,,,,,,,,,,,,,,,,,,,,,,,,,,,,,,,,,,,,,,,,,,,,,,,,,,,,,,,,,,,,,,,,,,,,,,,,,,,,,,,
datasets/gov/aaa/ezeru_monitoringas/EzeruValstybinioMonitoringoDuomenys,1f0861b9-b7f6-4eec-a7ef-b93bf8f6c2ae,9769dcf3-c083-4f47-8038-f6a2b9d51f50,,Panevėžio RAAD,Dviragis,LTL148,Dviragis,,2022-10-11,10.2,5.8,3.8,11.0,8.6,1.6,385.0,2.5,"<0,014","<0,001",0.02,0.035,0.13,"<0,002",0.046,,2.8,,,,,,,,,,,,,,,,,,,,,,,,,,,,,,,,,,,,,,,,,,,,,,,,,,,,,,,,,,,,,,,,,,,,,,,,,,,,,,,,,,,,,,,,,
datasets/gov/aaa/ezeru_monitoringas/EzeruValstybinioMonitoringoDuomenys,1f0f315c-1042-4599-ba17-a19fb4d7a864,f34be179-8ed7-44cf-9e87-230147b456b6,,Utenos,Dūburys,LTL300,Duburys,POINT (6186218 623677),2019-08-29,21.5,<2,4.3,8.8,8.4,4.6,388.0,1.2,"<0,014",0.001,0.04,0.055,0.21,0.003,0.01,,3.4,,,,,,,,,,,,,,,,,,,,,,,,,,,,,,,,,,,,,,,,,,,,,,,,,,,,,,,,,,,,,,,,,,,,,,,,,,,,,,,,,,,,,,,,,
datasets/gov/aaa/ezeru_monitoringas/EzeruValstybinioMonitoringoDuomenys,1f37694b-f845-4e1a-9e0d-1f50b081e697,731b3c92-4116-41b0-a420-d3bbeb2832b0,,Aplinkos apsaugos departamento Šiaulių valdyba,Platelių ežeras,LTL34,Plateliai,,2022-07-19,20.0,"<1,3",1.8,7.5,8.1,6.4,173.0,1.6,0.026,0.001,0.021,0.048,0.71,0.006,0.025,,4.14,,,,,,,,,,,,,,,,,,,,,,,,,,,,,,,,,,,,,,,,,,,,,,,,,,,,,,,,,,,,,,,,,,,,,,,,,,,,,,,,,,,,,,,,,
datasets/gov/aaa/ezeru_monitoringas/EzeruValstybinioMonitoringoDuomenys,1f55f0f1-a292-4f40-8605-c212411b8b32,7f83862b-f97b-4945-9137-d248ea444669,,Vilniaus,Spėra,LTL114,Spėra,POINT (6087485 557081),2019-08-29,21.8,13,2.5,10.1,8.94,0.5,292.0,4.3,0.025,0.006,0.093,0.124,0.454,"<0,015",0.018,,55.4,,,,,,,,,,,,,,,,,,,,,,,,,,,,,,,,,,,,,,,,,,,,,,,,,,,,,,,,,,,,,,,,,,,,,,,,,,,,,,,,,,,,,,,,,
datasets/gov/aaa/ezeru_monitoringas/EzeruValstybinioMonitoringoDuomenys,1f5d60b0-fbf2-4f8b-84f6-4810882f34e5,6061a180-86d0-4e97-bd22-ec67d9d9524a,,Utenos RAAD,Auslas,LTL303,Auslas,,2022-07-27,22.3,<2,2.4,8.4,8.1,4.0,258.0,1.3,"<0,014","<0,001",0.07,0.085,0.73,"<0,002",0.012,,12.4,,,,,,,,,,,,,,,,,,,,,,,,,,,,,,,,,,,,,,,,,,,,,,,,,,,,,,,,,,,,,,,,,,,,,,,,,,,,,,,,,,,,,,,,,
datasets/gov/aaa/ezeru_monitoringas/EzeruValstybinioMonitoringoDuomenys,1f5fd581-dc63-4747-aa6a-6940cfe4a479,57922312-ae91-44d5-bf76-993e3a099df2,,Šiaulių,Ilgis,LTL204,Ilgis,POINT (6210196 364291),2018-08-29,19.0,<2,1.7,,7.3,2.2,159.0,1.8,0.02,0.002,"<0,003",0.025,0.69,"<0,005",0.016,,2.74,,,,,,,,,,,,,,,,,,,,,,,,,,,,,,,,,,,,,,,,,,,,,,,,,,,,,,,,,,,,,,,,,,,,,,,,,,,,,,,,,,,,,,,,,
datasets/gov/aaa/ezeru_monitoringas/EzeruValstybinioMonitoringoDuomenys,1f68164c-5040-48c6-b287-3368303bf850,109a20a0-70b1-45dd-a927-98358ac0afa0,,Alytaus,Seirijis,LTL193,Seirijis,POINT (6006959 489294),2018-09-19,19.2,5.5,2.5,94.875,8.5,4.7,272.0,1.6,0.1,0.001,0.1,0.201,0.6,0.018,0.054,,1.9,,,,,,,,,,,,,,,,,,,,,,,,,,,,,,,,,,,,,,,,,,,,,,,,,,,,,,,,,,,,,,,,,,,,,,,,,,,,,,,,,,,,,,,,,
datasets/gov/aaa/ezeru_monitoringas/EzeruValstybinioMonitoringoDuomenys,20286c9a-4b64-4080-aa42-d373a2c01082,b2cfc8d3-7d5a-4ecb-96d2-9791b337697a,,Vilniaus,Aukštadvario HE tvenkinys(ež.Baluosis ež.Sienis),LTL110,Aukštadvario HE tvenkinys,POINT (6048892 535009),2018-05-22,19.3,2.1,3.9,,8.55,3,353.0,2.3,0.02,"<0,004",0.024,0.048,0.065,"<0,014",0.025,,4.27,,,,,,,,,,,,,,,,,,,,,,,,,,,,,,,,,,,,,,,,,,,,,,,,,,,,,,,,,,,,,,,,,,,,,,,,,,,,,,,,,,,,,,,,,
datasets/gov/aaa/ezeru_monitoringas/EzeruValstybinioMonitoringoDuomenys,204a999a-b091-40ae-bda5-070db07c7e1d,59269059-30b1-41b2-9dff-6207b3e0c6dd,,Utenos,Šventas,LTL39,Šventas,POINT (6166706 644760),2017-06-15,16.4,"<1,7",0.99,9.9,8.4,7.5,94.0,0.9,0.04,0.008,0.06,0.108,0.37,0.004,"<0,0083",,0.24,,,,,,,,,,,,,,,,,,,,,,,,,,,,,,,,,,,,,,,,,,,,,,,,,,,,,,,,,,,,,,,,,,,,,,,,,,,,,,,,,,,,,,,,,
datasets/gov/aaa/ezeru_monitoringas/EzeruValstybinioMonitoringoDuomenys,20522347-0c8d-4b3b-9296-4cf9f858c54c,6f142fb6-0513-406f-8408-91ba051c4f86,,Vilniaus,Kadrėnų tvenkinys,LTL162,Kadrėnų tvenkinys,POINT (6130624 552576),2020-04-23,9.6,"<1,9",5.1,11.62,7.86,2.4,598.0,2.7,0.027,0.024,6.12,6.171,6.77,"<0,015",0.024,,2.4,,,,,,,,,,,,,,,,,,,,,,,,,,,,,,,,,,,,,,,,,,,,,,,,,,,,,,,,,,,,,,,,,,,,,,,,,,,,,,,,,,,,,,,,,
datasets/gov/aaa/ezeru_monitoringas/EzeruValstybinioMonitoringoDuomenys,2066f283-3e49-4db0-96d7-8038a2ec4fa9,398d3230-97ff-4e50-9cb9-64d348544212,,Alytaus,Juodas Kauknoris,LTL174,Juodas Kauknoris,POINT (5987342 470399),2019-08-19,23.3,3.5,2.5,9.9,8.6,1.3,252.0,3.4,0.08,0.006,0.08,0.166,0.7,0.018,0.038,,6.8,,,,,,,,,,,,,,,,,,,,,,,,,,,,,,,,,,,,,,,,,,,,,,,,,,,,,,,,,,,,,,,,,,,,,,,,,,,,,,,,,,,,,,,,,
datasets/gov/aaa/ezeru_monitoringas/EzeruValstybinioMonitoringoDuomenys,209a7059-62e6-42dd-98b7-5f62e28e8610,9902dc79-3a8f-47a0-b821-6e890aba9d4e,,Šiaulių,Gondingos HE tvenkinys,LTL401,Gondingos HE tvenkinys,POINT (6199101 362292),2021-08-19,19.0,"<1,4",3.2,7.3,7.7,2.8,312.0,1,0.018,"<0,001","<0,002",0.021,0.53,"<0,006",0.026,,0.3,,,,,,,,,,,,,,,,,,,,,,,,,,,,,,,,,,,,,,,,,,,,,,,,,,,,,,,,,,,,,,,,,,,,,,,,,,,,,,,,,,,,,,,,,
datasets/gov/aaa/ezeru_monitoringas/EzeruValstybinioMonitoringoDuomenys,20fbc893-c1f0-43ff-923e-957be24fd9ac,cb6667f1-29f9-458f-ad3e-279f14a39d1a,,Alytaus,Akmenių ežeras,LTL516,Akmenių ežeras,POINT (6003300 466571),2017-09-19,15.5,6,2.9,7.8,8.2,1.8,478.0,3.4,0.05,0.003,0.15,0.203,1.5,0.016,0.11,,17.4,,,,,,,,,,,,,,,,,,,,,,,,,,,,,,,,,,,,,,,,,,,,,,,,,,,,,,,,,,,,,,,,,,,,,,,,,,,,,,,,,,,,,,,,,
datasets/gov/aaa/ezeru_monitoringas/EzeruValstybinioMonitoringoDuomenys,20fc3999-c42f-4909-815a-cc8f857a284c,b0a05808-8d3b-4410-9f11-2b18dcd20b1b,,Vilniaus,Stavarygalos ežeras,LTL362,Stavarygalos ež.,POINT (6099007 549978),2020-09-16,17.3,4.4,3.0,10.2,8.49,1.0,331.0,2.6,0.125,"<0,005",0.07,0.2,0.536,"<0,015",0.021,,26.5,,,,,,,,,,,,,,,,,,,,,,,,,,,,,,,,,,,,,,,,,,,,,,,,,,,,,,,,,,,,,,,,,,,,,,,,,,,,,,,,,,,,,,,,,
datasets/gov/aaa/ezeru_monitoringas/EzeruValstybinioMonitoringoDuomenys,210ce891-6524-4832-84f3-f9786ed2fcec,ba219c24-1ba5-4ffc-af35-cdf21761d93c,,Kauno,KAUNO MARIOS,LTL71,Kauno marios,POINT (6084954 505731),2021-12-15,,,,,,,,,,,,,,,,,,,,,,,,,,,,,,,,,,,,,,,,,,,,,,,,,,,,,,,,,,,,,,,,,,,,,,,,,,,,,,,,,,,,,,,,,,,,,,,,,,,"<0,001","<0,001","<0,001","<0,00005","<0,00005",,,
datasets/gov/aaa/ezeru_monitoringas/EzeruValstybinioMonitoringoDuomenys,21193144-9050-40e7-abef-becb7eefc38c,f7717da1-d674-4037-bf0f-dd1a7fc7e9d9,,Alytaus,Varėnos m. I tvenkinys,LTL538,Varėnos m. I tvenkinys,POINT (6010118 537245),2017-05-23,19.6,3.5,2,11.5,8.7,2.0,314.0,2.2,0.03,0.004,0.01,0.044,0.4,"<0,006",0.028,,21.8,,,,,,,,,,,,,,,,,,,,,,,,,,,,,,,,,,,,,,,,,,,,,,,,,,,,,,,,,,,,,,,,,,,,,,,,,,,,,,,,,,,,,,,,,
datasets/gov/aaa/ezeru_monitoringas/EzeruValstybinioMonitoringoDuomenys,215adb68-e25c-499a-820a-e9b197f47df9,bfbfaf08-2302-4082-a37a-692405777df8,,Utenos,Šventas,LTL39,Šventas,POINT (6166706 644760),2020-07-14,20.4,<2,0.9,8.2,8.6,6.8,84.0,1.2,"<0,014","<0,001",0.02,0.035,0.43,0.003,0.012,,2.8,,,,,,,,,,,,,,,,,,,,,,,,,,,,,,,,,,,,,,,,,,,,,,,,,,,,,,,,,,,,,,,,,,,,,,,,,,,,,,,,,,,,,,,,,
datasets/gov/aaa/ezeru_monitoringas/EzeruValstybinioMonitoringoDuomenys,216d60a5-effc-47ae-a30a-9e6151a62753,460dabf2-5062-4d35-b0c6-eb75913d22ff,,Panevėžio,Rašai,LTL462,Rašai,POINT (6184121 608885),2018-10-02,12.4,<2,4.1,84.507,8.2,3.1,391.0,1.4,0.07,0.003,0.06,0.133,0.55,0.014,0.036,,7.5,,,,,,,,,,,,,,,,,,,,,,,,,,,,,,,,,,,,,,,,,,,,,,,,,,,,,,,,,,,,,,,,,,,,,,,,,,,,,,,,,,,,,,,,,
datasets/gov/aaa/ezeru_monitoringas/EzeruValstybinioMonitoringoDuomenys,217d102e-9dcb-4885-a712-70338ab50643,4e065a7d-91f2-4712-8fc8-99f66ea0202e,,Utenos,Alnis,LTL65,Alnis,POINT (6127535 606156),2021-01-26,0.7,<2,1.9,15.3,8.2,8.1,201.0,3.2,0.18,0.003,0.06,0.243,0.6,0.005,0.012,,,,,,,,,,,,,,,,,,,,,,,,,,,,,,,,,,,,,,,,,,,,,,,,,,,,,,,,,,,,,,,,,,,,,,,,,,,,,,,,,,,,,,,,,,,
datasets/gov/aaa/ezeru_monitoringas/EzeruValstybinioMonitoringoDuomenys,2186b0f1-5953-440f-a22e-73124b549d72,b0d6c36b-5dd0-4a26-b15a-34a0a0f34193,,Utenos,Gavys,LTL443,Gavys,POINT (6134669 635421),2018-08-23,21.4,<2,1.9,112.885,9.0,5,333.0,1.9,"<0,014","<0,001",0.02,0.035,0.32,0.002,0.024,,5.4,,,,,,,,,,,,,,,,,,,,,,,,,,,,,,,,,,,,,,,,,,,,,,,,,,,,,,,,,,,,,,,,,,,,,,,,,,,,,,,,,,,,,,,,,
datasets/gov/aaa/ezeru_monitoringas/EzeruValstybinioMonitoringoDuomenys,21a09198-9b57-4b65-a69f-9a89a91c40b9,91739e6a-a866-4b47-b3d7-697bcb55e5b0,,Utenos,Suosa,LTL382,Suosa,POINT (6176726 563162),2017-09-27,15.5,6.6,4.7,8.7,8.6,2.0,442.0,3.1,0.04,0.011,0.56,0.611,1.7,0.002,0.033,,0.7,,,,,,,,,,,,,,,,,,,,,,,,,,,,,,,,,,,,,,,,,,,,,,,,,,,,,,,,,,,,,,,,,,,,,,,,,,,,,,,,,,,,,,,,,
datasets/gov/aaa/ezeru_monitoringas/EzeruValstybinioMonitoringoDuomenys,21c31714-cc28-4365-a59b-8b849a56390b,4d1eb26e-ddf3-45e1-bcae-d3c0625b7d20,,Panevėžio,Sartai,LTL169,Sartai,POINT (6188825 615033),2021-09-01,17.7,<2,5.0,7.6,8.3,3.8,394.0,1.1,0.03,0.002,0.06,0.092,0.33,"<0,002",0.014,,9.32,,,,,,,,,,,,,,,,,,,,,,,,,,,,,,,,,,,,,,,,,,,,,,,,,,,,,,,,,,,,,,,,,,,,,,,,,,,,,,,,,,,,,,,,,
datasets/gov/aaa/ezeru_monitoringas/EzeruValstybinioMonitoringoDuomenys,21d49d82-efad-4f1e-a8ab-580c1bcfcf2d,0643e3ec-b8ce-4b2a-a455-f7791427ea07,,Vilniaus,Bagdanonių HE tvenkinys,LTL537,Bagdononių HE tvenkinys,POINT (6051831 545616),2017-09-28,14.5,<2,3.1,9.3,8.0,3.0,366.0,2.1,0.017,0.01,0.045,0.072,0.173,"<0,014",0.018,,70.9,,,,,,,,,,,,,,,,,,,,,,,,,,,,,,,,,,,,,,,,,,,,,,,,,,,,,,,,,,,,,,,,,,,,,,,,,,,,,,,,,,,,,,,,,
datasets/gov/aaa/ezeru_monitoringas/EzeruValstybinioMonitoringoDuomenys,21e65fc1-0983-4f99-a2c4-eb4783b60da4,a9bcb50d-6c2a-4568-9b8e-4b8e2868b868,,Vilniaus,Kampuolis,LTL526,Kampuolis,POINT (6118311 623246),2019-04-24,12.8,2.2,2.6,12.32,8.78,1.8,253.0,3.9,0.029,"<0,005",0.051,0.085,0.302,"<0,015",0.023,,14.9,,,,,,,,,,,,,,,,,,,,,,,,,,,,,,,,,,,,,,,,,,,,,,,,,,,,,,,,,,,,,,,,,,,,,,,,,,,,,,,,,,,,,,,,,
datasets/gov/aaa/ezeru_monitoringas/EzeruValstybinioMonitoringoDuomenys,21ee0e86-f53d-4a69-9fc4-e06e5c7e55b9,4012eff5-e1cd-4f5c-b884-893a38cb8ddf,,Utenos RAAD,Malkėstas,LTL350,Malkėstas,,2022-04-26,7.7,2.2,2.7,12.4,8.49,2.6,367.0,2.4,0.027,"<0,005",0.11,0.142,0.612,"<0,015",0.024,,14.7,,,,,,,,,,,,,,,,,,,,,,,,,,,,,,,,,,,,,,,,,,,,,,,,,,,,,,,,,,,,,,,,,,,,,,,,,,,,,,,,,,,,,,,,,
datasets/gov/aaa/ezeru_monitoringas/EzeruValstybinioMonitoringoDuomenys,2200c0f0-38ec-41e7-9a99-7ecb72d28aeb,233dbc4e-60ee-4221-802c-2b792330b63f,,Utenos RAAD,Avilys,LTL299,Avilys,,2022-08-16,24.1,<2,2.3,9.0,8.4,5.2,255.0,1.4,0.02,"<0,001",0.04,0.061,0.43,0.003,0.011,,4.3,,,,,,,,,,,,,,,,,,,,,,,,,,,,,,,,,,,,,,,,,,,,,,,,,,,,,,,,,,,,,,,,,,,,,,,,,,,,,,,,,,,,,,,,,
datasets/gov/aaa/ezeru_monitoringas/EzeruValstybinioMonitoringoDuomenys,22149595-0220-446d-8578-b53c5111da1a,235c8070-3efd-44c5-a463-62ebbcc4639a,,Utenos,Želvos,LTL448,Želvos,POINT (6132284 597989),2021-09-16,16.2,3.9,3.3,10.6,8.78,2.0,386.0,2.6,0.022,0.016,0.21,0.248,0.695,"<0,015",0.028,,24.27,,,,,,,,,,,,,,,,,,,,,,,,,,,,,,,,,,,,,,,,,,,,,,,,,,,,,,,,,,,,,,,,,,,,,,,,,,,,,,,,,,,,,,,,,
datasets/gov/aaa/ezeru_monitoringas/EzeruValstybinioMonitoringoDuomenys,2216f0c0-27b5-4a1b-ba14-613e9f9ff9c2,d008a05d-1fc4-4ae4-b44e-4d4b9d895bc4,,Panevėžio RAAD,Gačionių ežeras,LTL294,Gačionių ežeras,,2022-05-17,13.3,2.6,3.8,11.8,8.5,2.6,386.0,3.3,0.02,0.01,0.68,0.71,1.6,0.003,0.023,,1.0,,,,,,,,,,,,,,,,,,,,,,,,,,,,,,,,,,,,,,,,,,,,,,,,,,,,,,,,,,,,,,,,,,,,,,,,,,,,,,,,,,,,,,,,,
datasets/gov/aaa/ezeru_monitoringas/EzeruValstybinioMonitoringoDuomenys,222c37da-916c-4bba-ab77-ecfb71e1cf84,cc275f58-92ce-4a0f-afc5-a5d025cce639,,Klaipėdos,Mosėdžio I tvenkinys,LTL262,Mosėdžio I tvenkinys,POINT (6227142 350031),2021-09-21,13.0,4.8,4.3,8.4,8.4,1.25,390.0,1.9,0.037,0.021,0.68,0.738,1.3,"<0,006",0.033,,19.83,,,,,,,,,,,,,,,,,,,,,,,,,,,,,,,,,,,,,,,,,,,,,,,,,,,,,,,,,,,,,,,,,,,,,,,,,,,,,,,,,,,,,,,,,
datasets/gov/aaa/ezeru_monitoringas/EzeruValstybinioMonitoringoDuomenys,223c27d9-3e0e-436c-8982-6a92f3210b21,e5efd133-b02c-4712-a779-7ed940572ba4,,Vilniaus RAAD,Ilgai,LTL368,Ilgai,,2022-04-28,7.7,<2,1.7,12.44,8.38,5.3,226.0,2.2,"<0,02","<0,005",0.065,0.09,0.475,"<0,015",0.023,,11.6,,,,,,,,,,,,,,,,,,,,,,,,,,,,,,,,,,,,,,,,,,,,,,,,,,,,,,,,,,,,,,,,,,,,,,,,,,,,,,,,,,,,,,,,,
datasets/gov/aaa/ezeru_monitoringas/EzeruValstybinioMonitoringoDuomenys,22691089-87d2-443b-9532-804c6a21cb50,94148256-20e0-418e-a2ed-d940105098dd,,Alytaus,Nedzingis,LTL238,Nedzingis,POINT (6016143 521786),2018-08-22,22.5,6.5,3.4,89.744,8.6,1.5,360.0,3.9,0.04,0.003,0.12,0.163,0.8,0.014,0.068,,8.5,,,,,,,,,,,,,,,,,,,,,,,,,,,,,,,,,,,,,,,,,,,,,,,,,,,,,,,,,,,,,,,,,,,,,,,,,,,,,,,,,,,,,,,,,
datasets/gov/aaa/ezeru_monitoringas/EzeruValstybinioMonitoringoDuomenys,227fa8a5-063c-44d9-8f08-9a6dc35bda44,fe3d51da-c016-4d1f-860f-0910f7f46ecc,,Marijampolės,Paežerių ežeras,LTL246,Paežerių ež.,POINT (6057176 434711),2020-05-21,12.3,6.5,3.6,10.7,8.3,2.1,508.0,2.2,0.04,0.004,0.38,0.424,1.5,0.029,0.066,,7.1,,,,,,,,,,,,,,,,,,,,,,,,,,,,,,,,,,,,,,,,,,,,,,,,,,,,,,,,,,,,,,,,,,,,,,,,,,,,,,,,,,,,,,,,,
datasets/gov/aaa/ezeru_monitoringas/EzeruValstybinioMonitoringoDuomenys,229056b2-a71c-4414-88e6-17dec13adc39,5bf428a7-1a1c-472d-86bf-9b8154fa6c33,,Panevėžio,Kupiškio tvenkinys,LTL417,Kupiškio,POINT (6191998 561083),2017-08-30,18.2,4.3,4.7,7.5,8.7,1.3,468.0,3.0,0.08,0.024,0.42,0.524,0.53,0.004,0.037,,9.47,,,,,,,,,,,,,,,,,,,,,,,,,,,,,,,,,,,,,,,,,,,,,,,,,,,,,,,,,,,,,,,,,,,,,,,,,,,,,,,,,,,,,,,,,
datasets/gov/aaa/ezeru_monitoringas/EzeruValstybinioMonitoringoDuomenys,22ab541f-7b9e-42ce-8a49-ffde4fe2437c,45b4fa3d-f0c4-451d-a4a2-27bb495e0611,,Šiaulių,Ilgis,LTL204,Ilgis,POINT (6210196 364291),2020-08-20,22.0,1.9,1.9,8.3,8.1,2.5,155.0,1.6,0.028,0.002,0.023,0.053,0.57,"<0,005",0.018,,6.22,,,,,,,,,,,,,,,,,,,,,,,,,,,,,,,,,,,,,,,,,,,,,,,,,,,,,,,,,,,,,,,,,,,,,,,,,,,,,,,,,,,,,,,,,
datasets/gov/aaa/ezeru_monitoringas/EzeruValstybinioMonitoringoDuomenys,22d6a673-effb-4714-8c2e-7791150ad790,99df0726-c001-4c9b-91cb-9752a5807cac,,Utenos,Samavas,LTL309,Samavas,POINT (6170134 639523),2018-05-02,12.4,<2,3.2,105.164,8.7,4.8,302.0,1.6,"<0,014",0.002,0.16,0.176,0.49,"<0,002",0.009,,13.5,,,,,,,,,,,,,,,,,,,,,,,,,,,,,,,,,,,,,,,,,,,,,,,,,,,,,,,,,,,,,,,,,,,,,,,,,,,,,,,,,,,,,,,,,
datasets/gov/aaa/ezeru_monitoringas/EzeruValstybinioMonitoringoDuomenys,22f469b0-4cb3-45e9-92c0-e3993d12bc49,25022109-7600-45be-a7fa-cf0ca46281ef,,Utenos RAAD,Siesartis,LTL348,Siesartis,,2022-07-18,20.1,<2,2.8,9.3,8.55,4.2,296.0,0.9,0.023,"<0,005",0.069,0.097,0.461,"<0,015",0.027,,3.2,,,,,,,,,,,,,,,,,,,,,,,,,,,,,,,,,,,,,,,,,,,,,,,,,,,,,,,,,,,,,,,,,,,,,,,,,,,,,,,,,,,,,,,,,
datasets/gov/aaa/ezeru_monitoringas/EzeruValstybinioMonitoringoDuomenys,22f892c6-5757-4223-99d9-539ddda41a78,e7fbcba6-5471-4d0b-be91-453cfbe08300,,Utenos,Alnis,LTL65,Alnis,POINT (6127535 606156),2018-10-16,11.3,<2,1.9,92.406,8.2,7.2,181.0,0.63,0.04,0.002,0.03,0.072,0.65,"<0,002","<0,0083",,2.1,,,,,,,,,,,,,,,,,,,,,,,,,,,,,,,,,,,,,,,,,,,,,,,,,,,,,,,,,,,,,,,,,,,,,,,,,,,,,,,,,,,,,,,,,
datasets/gov/aaa/ezeru_monitoringas/EzeruValstybinioMonitoringoDuomenys,22fe9a5b-9bed-42d5-909d-ae75fb1432aa,f18eea53-9c8d-4500-9da0-fb0cb4d2a149,,Utenos,Dysnai,LTL223,Dysnai,POINT (6153653 647416),2019-07-24,21.0,11,3.5,10.0,8.6,1.0,320.0,2.7,0.04,0.001,0.05,0.091,0.48,0.002,0.029,,16.9,,,,,,,,,,,,,,,,,,,,,,,,,,,,,,,,,,,,,,,,,,,,,,,,,,,,,,,,,,,,,,,,,,,,,,,,,,,,,,,,,,,,,,,,,
datasets/gov/aaa/ezeru_monitoringas/EzeruValstybinioMonitoringoDuomenys,2308bd90-4765-43e7-bc16-b0126477e83b,e18ef818-3f9e-4bd7-85c5-0a38f53cb463,,Šiaulių,Alsėdžių ežeras,LTL258,Alsėdžių ežeras,POINT (6207315 379242),2020-07-21,22.0,3.2,4.9,9.3,7.9,1.7,365.0,2.8,0.036,0.001,0.021,0.058,0.94,"<0,005",0.044,,13.32,,,,,,,,,,,,,,,,,,,,,,,,,,,,,,,,,,,,,,,,,,,,,,,,,,,,,,,,,,,,,,,,,,,,,,,,,,,,,,,,,,,,,,,,,
datasets/gov/aaa/ezeru_monitoringas/EzeruValstybinioMonitoringoDuomenys,235ce4df-1b43-4997-b6a5-1205575cc22a,b200ab22-9798-4148-a08c-81c3c0db28cf,,Kauno,Kalvių ežeras,LTL141,Kalvių ežeras,POINT (6064207 517746),2017-09-20,15.3,25,3.7,7.8,8.54,0.7,364.0,4.6,0.044,0.01,0.104,0.158,2.2,"<0,006",0.17,,251.0,,,,,,,,,,,,,,,,,,,,,,,,,,,,,,,,,,,,,,,,,,,,,,,,,,,,,,,,,,,,,,,,,,,,,,,,,,,,,,,,,,,,,,,,,
datasets/gov/aaa/ezeru_monitoringas/EzeruValstybinioMonitoringoDuomenys,2397bd63-66ba-4866-8ecb-eeca79f076b5,af601d08-a534-4995-9c6f-fd4909db2530,,Utenos,Stirniai,LTL343,Stirniai,POINT (6124518 605749),2017-07-12,19.8,"<1,7",2.5,9.6,8.8,5.0,227.0,1.5,0.02,"<0,001",0.04,0.061,0.61,"<0,002",0.009,,28.6,,,,,,,,,,,,,,,,,,,,,,,,,,,,,,,,,,,,,,,,,,,,,,,,,,,,,,,,,,,,,,,,,,,,,,,,,,,,,,,,,,,,,,,,,
datasets/gov/aaa/ezeru_monitoringas/EzeruValstybinioMonitoringoDuomenys,23c9b5ef-93f3-4250-8401-55ce852bf7e4,867f78d6-9a87-4860-8d23-239f2da84b9b,,Vilniaus,Kadrėnų tvenkinys,LTL162,Kadrėnų tvenkinys,POINT (6130624 552576),2020-09-30,15.7,2.4,5.0,8.2,8.28,2.0,609.0,1.8,0.032,"<0,005",0.041,0.078,0.623,"<0,015",0.033,,9.0,,,,,,,,,,,,,,,,,,,,,,,,,,,,,,,,,,,,,,,,,,,,,,,,,,,,,,,,,,,,,,,,,,,,,,,,,,,,,,,,,,,,,,,,,
datasets/gov/aaa/ezeru_monitoringas/EzeruValstybinioMonitoringoDuomenys,23e59878-f92d-4ba2-969a-561efc4fae70,48ed27c4-8835-4bc8-997b-840812cf1fb9,,Panevėžio RAAD,Liberiškio tvenkinys,LTL405,Liberiškio tvenkinys,,2022-04-28,12.0,2.4,5.5,10.8,8.9,1.35,764.0,3.8,0.08,0.065,7.5,7.645,8.1,"<0,006",0.038,,11.35,,,,,,,,,,,,,,,,,,,,,,,,,,,,,,,,,,,,,,,,,,,,,,,,,,,,,,,,,,,,,,,,,,,,,,,,,,,,,,,,,,,,,,,,,
datasets/gov/aaa/ezeru_monitoringas/EzeruValstybinioMonitoringoDuomenys,23fa1315-8c00-4182-8099-f96769f0ec5f,4d659624-6e56-41fd-b3ff-b22378adacd2,,Alytaus,Gudelių ežeras,LTL253,Gudelių ež.,POINT (6030044 491260),2020-07-30,21.3,2.5,3.3,8.3,8.7,,335.0,4.1,0.02,0.001,0.04,0.7,0.061,0.007,0.031,,8.8,,,,,,,,,,,,,,,,,,,,,,,,,,,,,,,,,,,,,,,,,,,,,,,,,,,,,,,,,,,,,,,,,,,,,,,,,,,,,,,,,,,,,,,,,
datasets/gov/aaa/ezeru_monitoringas/EzeruValstybinioMonitoringoDuomenys,240cad5f-3ec0-41e4-9f56-b6b37d07a008,e57043d7-3b4b-43ef-86c5-012639523f45,,Alytaus,Baltosios Ančios HE tvenkinys,LTL189,Baltosios Ančios HE tvenkinys,POINT (5981346 485415),2017-05-04,10.3,9.5,2.8,14.4,8.7,2.4,398.0,4.2,0.05,0.003,0.21,0.263,1.0,"<0,006",0.056,,3.3,,,,,,,,,,,,,,,,,,,,,,,,,,,,,,,,,,,,,,,,,,,,,,,,,,,,,,,,,,,,,,,,,,,,,,,,,,,,,,,,,,,,,,,,,
datasets/gov/aaa/ezeru_monitoringas/EzeruValstybinioMonitoringoDuomenys,24260ab3-22d7-4c21-b127-9102a100d9a3,c4e7a49c-eca1-4a3a-92ff-78a844f9c6a8,,Alytaus,Ančia,LTL195,Ančia,POINT (5994964 479239),2017-10-05,13.1,2.5,2.2,9.0,8.3,4.6,376.0,2.2,0.07,0.003,0.1,0.173,0.5,0.009,0.033,,7.1,,,,,,,,,,,,,,,,,,,,,,,,,,,,,,,,,,,,,,,,,,,,,,,,,,,,,,,,,,,,,,,,,,,,,,,,,,,,,,,,,,,,,,,,,
datasets/gov/aaa/ezeru_monitoringas/EzeruValstybinioMonitoringoDuomenys,2434b500-5bcd-42cf-8905-3f51c2aacf97,ced2e698-0a8b-4493-9bbb-8de3b0a786ee,,Utenos,Šiurpys,LTL311,Šiurpys,POINT (6169946 635569),2018-07-12,21.7,<2,1.0,111.239,9.3,7.8,91.0,0.6,0.02,"<0,001",0.01,0.031,0.38,0.002,"<0,0083",,2.5,,,,,,,,,,,,,,,,,,,,,,,,,,,,,,,,,,,,,,,,,,,,,,,,,,,,,,,,,,,,,,,,,,,,,,,,,,,,,,,,,,,,,,,,,
datasets/gov/aaa/ezeru_monitoringas/EzeruValstybinioMonitoringoDuomenys,24ac3a60-7fda-417a-85b0-be32d4a6261e,ce4cfd6b-1175-45e8-b217-491e3348df72,,Alytaus,Latežeris,LTL513,Latežeris,POINT (5982569 506877),2019-05-15,14.0,4,2.4,8.0,8.2,2.0,292.0,5.2,0.02,0.006,0.077,0.103,1.0,0.007,0.04,,5.5,,,,,,,,,,,,,,,,,,,,,,,,,,,,,,,,,,,,,,,,,,,,,,,,,,,,,,,,,,,,,,,,,,,,,,,,,,,,,,,,,,,,,,,,,
datasets/gov/aaa/ezeru_monitoringas/EzeruValstybinioMonitoringoDuomenys,24bb44bf-4a00-4f80-9de9-2b05ad07679f,1388343a-9e52-4800-8797-eac86934a56d,,Vilniaus RAAD,Lėnas,LTL278,Lėnas,,2022-08-17,25.4,5.8,3.4,7.34,8.04,1.0,403.0,2.8,0.078,0.007,0.27,0.355,1.99,"<0,015",0.027,,13.7,,,,,,,,,,,,,,,,,,,,,,,,,,,,,,,,,,,,,,,,,,,,,,,,,,,,,,,,,,,,,,,,,,,,,,,,,,,,,,,,,,,,,,,,,
datasets/gov/aaa/ezeru_monitoringas/EzeruValstybinioMonitoringoDuomenys,24d69985-c280-4060-9b38-2cb7d83be07d,8cde9b89-bc17-4dac-bc81-fc8b9ff917d5,,Utenos,Dūkštas,LTL313,Dūkštas,POINT (6162907 645550),2020-08-13,21.5,<2,2.2,9.2,8.6,5.0,192.0,1.3,0.02,"<0,001",0.02,0.041,0.41,"<0,002",0.012,,2.8,,,,,,,,,,,,,,,,,,,,,,,,,,,,,,,,,,,,,,,,,,,,,,,,,,,,,,,,,,,,,,,,,,,,,,,,,,,,,,,,,,,,,,,,,
datasets/gov/aaa/ezeru_monitoringas/EzeruValstybinioMonitoringoDuomenys,24e9a128-912a-4e62-b5f6-8010bf209535,86dc8c8a-25c6-411f-b1b1-235999c81c8a,,Utenos,Asavas,LTL310,Asavas,POINT (6167521 638935),2017-08-14,21.9,1.7,2.9,8.1,8.6,3.3,267.0,1.2,"<0,014","<0,001",0.03,0.045,0.5,0.004,0.014,,1.8,,,,,,,,,,,,,,,,,,,,,,,,,,,,,,,,,,,,,,,,,,,,,,,,,,,,,,,,,,,,,,,,,,,,,,,,,,,,,,,,,,,,,,,,,
datasets/gov/aaa/ezeru_monitoringas/EzeruValstybinioMonitoringoDuomenys,24ef787d-a103-4331-b677-926230947a23,22fff328-9f47-4d96-bbc4-82d64f9ae33f,,Utenos,Šakių ežeras,LTL531,Šakių,POINT (6171379 658835),2021-09-29,10.9,2.6,1.3,9.3,7.9,3.0,118.0,1.7,0.02,"<0,001",0.07,0.091,0.63,"<0,002",0.018,,10.66,,,,,,,,,,,,,,,,,,,,,,,,,,,,,,,,,,,,,,,,,,,,,,,,,,,,,,,,,,,,,,,,,,,,,,,,,,,,,,,,,,,,,,,,,
datasets/gov/aaa/ezeru_monitoringas/EzeruValstybinioMonitoringoDuomenys,24f2b857-8b3e-4e35-8b83-b6bda24beb85,6d8f8b61-435f-4be8-98a3-b1ad3e8b95a1,,Alytaus RAAD,Gailintas,LTL251,Gailintas,,2022-07-25,24.2,2,1.9,9.0,8.4,4.7,204.0,2.5,0.05,0.002,0.08,0.132,0.76,"<0,007",0.02,,2.3,,,,,,,,,,,,,,,,,,,,,,,,,,,,,,,,,,,,,,,,,,,,,,,,,,,,,,,,,,,,,,,,,,,,,,,,,,,,,,,,,,,,,,,,,
datasets/gov/aaa/ezeru_monitoringas/EzeruValstybinioMonitoringoDuomenys,25272ff9-fe97-4311-9795-61462a1b9b43,d2d5f97c-4990-4d79-8eac-a07e7f1fe339,,Alytaus RAAD,Varėnos m. I tvenkinys,LTL538,Varėnos m. I tvenkinys,,2022-05-05,14.2,3,2.3,12.2,8.7,2.2,321.0,5.3,0.03,0.004,0.23,0.264,0.3,0.031,0.061,,8.6,,,,,,,,,,,,,,,,,,,,,,,,,,,,,,,,,,,,,,,,,,,,,,,,,,,,,,,,,,,,,,,,,,,,,,,,,,,,,,,,,,,,,,,,,
datasets/gov/aaa/ezeru_monitoringas/EzeruValstybinioMonitoringoDuomenys,25576b24-f03d-4ec4-b4d7-01909ff7726c,68439eae-4b5c-4a9a-9bc9-01cd9fe32991,,Utenos,Pienionių tvenkinys,LTL430,Pienionių tvenkinys,POINT (6146819 555740),2019-05-07,12.8,3.8,4.9,10.7,8.7,1.8,546.0,5.9,0.02,0.026,1.6,1.646,1.7,0.009,0.031,,21.1,,,,,,,,,,,,,,,,,,,,,,,,,,,,,,,,,,,,,,,,,,,,,,,,,,,,,,,,,,,,,,,,,,,,,,,,,,,,,,,,,,,,,,,,,
datasets/gov/aaa/ezeru_monitoringas/EzeruValstybinioMonitoringoDuomenys,259b7f97-81e3-4704-b80d-ec099da796cb,8bf9855e-91e9-4837-85ba-a8d22fc03ef5,,Vilniaus RAAD,Ilgai,LTL368,Ilgai,,2022-09-20,15.7,<2,1.8,9.8,8.41,5.4,227.0,2.2,"<0,02","<0,005",0.017,0.042,0.227,"<0,015","<0,015",,3.3,,,,,,,,,,,,,,,,,,,,,,,,,,,,,,,,,,,,,,,,,,,,,,,,,,,,,,,,,,,,,,,,,,,,,,,,,,,,,,,,,,,,,,,,,
datasets/gov/aaa/ezeru_monitoringas/EzeruValstybinioMonitoringoDuomenys,25a87131-635b-4fa0-9679-856db13f7ada,84a2d996-10fb-4190-bfaf-c0294af99cbf,,Kauno,KAUNO MARIOS,LTL71,Kauno marios,POINT (6084954 505731),2019-10-14,11.7,2.6,3.2,9.38,7.97,2.4,419.0,1.3,0.144,0.015,0.228,0.387,0.429,0.087,0.105,,3.8,,,,,,,,,,,,,,,,,,,,,,,,,,,,,,,,,,,,,,,,,,,,,,,,,,,,,,,,,,,,,,,,,,,,,,,,,,,,,,,,,,,,,,,,,
datasets/gov/aaa/ezeru_monitoringas/EzeruValstybinioMonitoringoDuomenys,25c53468-99f8-4a71-9e78-de6dbe5abf88,06a84738-2b34-4725-b122-4776a9913429,,Aplinkos apsaugos departamento Šiaulių valdyba,Laičių I tvenkinys,LTL544,Laičių I tvenkinys,,2022-07-18,19.0,4.1,6.4,7.7,7.6,1.45,668.0,5.8,"<0,005",0.064,1.4,1.469,3.5,0.008,0.058,,45.51,,,,,,,,,,,,,,,,,,,,,,,,,,,,,,,,,,,,,,,,,,,,,,,,,,,,,,,,,,,,,,,,,,,,,,,,,,,,,,,,,,,,,,,,,
datasets/gov/aaa/ezeru_monitoringas/EzeruValstybinioMonitoringoDuomenys,262592cd-a7d8-4a80-9ea5-69608cbd6ba8,7c86711f-81c1-49ea-a2d4-0ba7fb8e7b63,,Utenos,Vidinkstas,LTL287,Vidinkstas,POINT (6146932 592911),2021-08-12,20.2,3.3,2.1,9.7,8.4,2.2,198.0,1.8,0.08,0.005,0.12,0.205,0.77,0.008,0.03,,8.88,,,,,,,,,,,,,,,,,,,,,,,,,,,,,,,,,,,,,,,,,,,,,,,,,,,,,,,,,,,,,,,,,,,,,,,,,,,,,,,,,,,,,,,,,
datasets/gov/aaa/ezeru_monitoringas/EzeruValstybinioMonitoringoDuomenys,2626182c-96e1-4802-99fb-f08bfc1ecdfe,2a03e97c-a7b8-4b93-976e-2226d09a4e74,,Alytaus,Gudelių ežeras,LTL253,Gudelių ež.,POINT (6030044 491260),2020-09-18,14.7,3,3.2,8.2,8.7,2.47,334.0,4.3,0.03,0.001,0.05,0.7,0.081,0.007,0.046,,8.6,,,,,,,,,,,,,,,,,,,,,,,,,,,,,,,,,,,,,,,,,,,,,,,,,,,,,,,,,,,,,,,,,,,,,,,,,,,,,,,,,,,,,,,,,
datasets/gov/aaa/ezeru_monitoringas/EzeruValstybinioMonitoringoDuomenys,262ea6e0-e603-4a47-b640-654ad61026d5,486fb513-c7b1-4eef-baf9-f1cfb0c0721a,,Utenos RAAD,Rubikių ežeras,LTL10,Rubikių ežeras,,2022-10-20,10.4,3.3,3.6,10.3,7.2,3.5,370.0,1.4,0.03,0.003,0.04,0.073,0.39,0.006,0.018,,4.4,,,,,,,,,,,,,,,,,,,,,,,,,,,,,,,,,,,,,,,,,,,,,,,,,,,,,,,,,,,,,,,,,,,,,,,,,,,,,,,,,,,,,,,,,
datasets/gov/aaa/ezeru_monitoringas/EzeruValstybinioMonitoringoDuomenys,2630485f-f046-4a07-bfe9-efbf804ee850,cec4385e-d036-41ff-a99c-5b68901206ef,,Vilniaus RAAD,Didžiulis,LTL134,Didžiulis,,2022-10-05,11.5,9.1,3,8.91,7.8,0.7,440.0,2.8,1,0.011,0.17,1.181,5.15,0.324,0.336,,60.3,,,,,,,,,,,,,,,,,,,,,,,,,,,,,,,,,,,,,,,,,,,,,,,,,,,,,,,,,,,,,,,,,,,,,,,,,,,,,,,,,,,,,,,,,
datasets/gov/aaa/ezeru_monitoringas/EzeruValstybinioMonitoringoDuomenys,2651c9a0-d491-4802-94c8-53fa3ce3de0a,6ea90f57-b49f-457f-80c6-9c892eba140a,,Šiaulių,Paežerių ežeras,LTL461,Paežerių,POINT (6202156 424935),2021-05-11,13.0,6.1,4.0,8.3,8.4,1.9,433.0,3.8,0.01,0.018,1.3,1.328,2.1,"<0,006",0.034,,14.8,,,,,,,,,,,,,,,,,,,,,,,,,,,,,,,,,,,,,,,,,,,,,,,,,,,,,,,,,,,,,,,,,,,,,,,,,,,,,,,,,,,,,,,,,
datasets/gov/aaa/ezeru_monitoringas/EzeruValstybinioMonitoringoDuomenys,2688aac6-db5e-49c0-beab-8297c85e8bec,db581985-57d0-4a62-a80c-706bee725ce2,,Klaipėdos,Tūbausių I tvenkinys,LTL207,Tūbausių I tvenkinys,POINT (6207850 330616),2018-04-25,10.0,3.6,3.1,,8.7,1.2,364.0,5.4,0.044,0.013,1.3,1.357,2.2,"<0,005",0.043,,21.74,,,,,,,,,,,,,,,,,,,,,,,,,,,,,,,,,,,,,,,,,,,,,,,,,,,,,,,,,,,,,,,,,,,,,,,,,,,,,,,,,,,,,,,,,
datasets/gov/aaa/ezeru_monitoringas/EzeruValstybinioMonitoringoDuomenys,26e39ff4-528e-4a8d-9811-46f96d2036a0,16a98dbe-26c0-4acb-a0bb-7a6968b5ed7e,,Kauno RAAD,KAUNO MARIOS,LTL71,Kauno HE tvenkinys,,2022-04-20,7.9,9.3,3.3,13.9,9.07,1.4,281.0,4.8,0.064,0.038,0.859,0.961,3.0,"<0,015",0.026,,25.6,,,,,,,,,,,,,,,,,,,,,,,,,,,,,,,,,,,,,,,,,,,,,,,,,,,,,,,,,,,,,,,,,,,,,,,,,,,,,,,,,,,,,,,,,
datasets/gov/aaa/ezeru_monitoringas/EzeruValstybinioMonitoringoDuomenys,26f8a378-7800-4383-869d-4937e7679040,2706771c-54f1-4ce2-a4b9-971ae83961a0,,Alytaus,Luksnėnų ežeras,LTL466,Luksnėnų ežeras,POINT (6028420 494673),2017-08-21,21.8,9.5,4,7.2,8.6,1.4,406.0,4.8,0.04,0.008,0.06,0.108,0.6,0.036,0.12,,81.9,,,,,,,,,,,,,,,,,,,,,,,,,,,,,,,,,,,,,,,,,,,,,,,,,,,,,,,,,,,,,,,,,,,,,,,,,,,,,,,,,,,,,,,,,
datasets/gov/aaa/ezeru_monitoringas/EzeruValstybinioMonitoringoDuomenys,27479fb7-4b24-48aa-b067-28bf15fe9765,b303bb37-0151-46c7-a82d-96dd1f34f2a1,,Utenos,Čičirys,LTL222,Čičirys,POINT (6187704 628556),2018-06-13,20.4,<2,3.4,105.363,8.8,4.5,309.0,1.6,0.02,0.015,0.05,0.085,0.46,0.003,"<0,0083",,3.1,,,,,,,,,,,,,,,,,,,,,,,,,,,,,,,,,,,,,,,,,,,,,,,,,,,,,,,,,,,,,,,,,,,,,,,,,,,,,,,,,,,,,,,,,
datasets/gov/aaa/ezeru_monitoringas/EzeruValstybinioMonitoringoDuomenys,275222e6-cec2-4600-bcb7-7ece6bbe04db,7f967938-03e5-4940-b173-51311cc472f2,,Alytaus,Glėbas,LTL377,Glėbas,POINT (6012629 533160),2019-07-18,19.7,4.5,2.3,9.3,8.5,4.1,202.0,3,0.04,0.006,0.16,0.206,0.6,0.013,0.056,,6.1,,,,,,,,,,,,,,,,,,,,,,,,,,,,,,,,,,,,,,,,,,,,,,,,,,,,,,,,,,,,,,,,,,,,,,,,,,,,,,,,,,,,,,,,,
datasets/gov/aaa/ezeru_monitoringas/EzeruValstybinioMonitoringoDuomenys,276617be-cf77-46a4-8856-241a4de722ce,31c0b0df-02c5-4302-8763-1f3f8802b3da,,Utenos,Alnis,LTL65,Alnis,POINT (6127535 606156),2020-09-15,17.1,<2,1.6,8.9,8.4,6.1,154.0,1.2,0.02,"<0,001",0.02,0.041,0.37,0.003,0.009,,1.5,,,,,,,,,,,,,,,,,,,,,,,,,,,,,,,,,,,,,,,,,,,,,,,,,,,,,,,,,,,,,,,,,,,,,,,,,,,,,,,,,,,,,,,,,
datasets/gov/aaa/ezeru_monitoringas/EzeruValstybinioMonitoringoDuomenys,27820b94-ebf3-475e-8dac-e53bfc54bef0,34ce9f1a-daca-441e-9001-ba96552c03b9,,Vilniaus,Stavarygalos ežeras,LTL362,Stavarygalos ež.,POINT (6099007 549978),2020-07-15,21.5,3.6,3.1,10.4,8.62,1.1,321.0,3.8,"<0,015","<0,005",0.062,0.082,0.763,"<0,015",0.06,,20.8,,,,,,,,,,,,,,,,,,,,,,,,,,,,,,,,,,,,,,,,,,,,,,,,,,,,,,,,,,,,,,,,,,,,,,,,,,,,,,,,,,,,,,,,,
datasets/gov/aaa/ezeru_monitoringas/EzeruValstybinioMonitoringoDuomenys,27ae706f-4ca8-44ff-989d-45bd6179daaf,5c52b71a-3a88-4e53-92f5-fdcd6d314e3b,,Šiaulių,Ubiškės tvenkinys,LTL400,Ubiškės tvenkinys,POINT (6207317 405961),2019-09-16,16.0,6.5,5.6,9.3,8.5,1.8,628.0,2.6,0.23,0.008,0.057,0.295,1.2,0.19,0.26,,6.96,,,,,,,,,,,,,,,,,,,,,,,,,,,,,,,,,,,,,,,,,,,,,,,,,,,,,,,,,,,,,,,,,,,,,,,,,,,,,,,,,,,,,,,,,
datasets/gov/aaa/ezeru_monitoringas/EzeruValstybinioMonitoringoDuomenys,27b546d4-81d8-43bc-9a3a-56df87436b3a,8d2ceaa2-d84a-47fe-87e0-f128565e187f,,Alytaus RAAD,Sagavas,LTL249,Sagavas,,2022-07-26,23.4,3,3.4,9.9,8.5,2.4,419.0,3.1,0.03,0.014,0.08,0.124,0.91,0.011,0.024,,9.6,,,,,,,,,,,,,,,,,,,,,,,,,,,,,,,,,,,,,,,,,,,,,,,,,,,,,,,,,,,,,,,,,,,,,,,,,,,,,,,,,,,,,,,,,
datasets/gov/aaa/ezeru_monitoringas/EzeruValstybinioMonitoringoDuomenys,27c4a9b4-5bfd-42a3-9f26-1cb081f5cd29,87692402-1f2d-4efd-ab70-126a4ae8acd5,,Utenos,Prūtas,LTL506,Prūtas,POINT (6151826 660962),2017-10-10,11.5,"<1,7",2.8,6.6,8.4,5.3,282.0,0.7,0.04,0.003,0.04,0.083,0.69,0.003,0.011,,101.8,,,,,,,,,,,,,,,,,,,,,,,,,,,,,,,,,,,,,,,,,,,,,,,,,,,,,,,,,,,,,,,,,,,,,,,,,,,,,,,,,,,,,,,,,
datasets/gov/aaa/ezeru_monitoringas/EzeruValstybinioMonitoringoDuomenys,27d3ae39-8cf4-4795-a0a0-616e671f69fb,b6cff6b3-254d-409e-a4dd-60597b01c89c,,Kauno,Mantviliškio tvenkinys,LTL409,Mantviliškio,POINT (6147383 487438),2018-07-25,24.8,22,3.5,130.329,8.84,0.9,456.0,5.9,0.017,0.004,0.059,0.08,2.5,0.003,0.13,,42.6,,,,,,,,,,,,,,,,,,,,,,,,,,,,,,,,,,,,,,,,,,,,,,,,,,,,,,,,,,,,,,,,,,,,,,,,,,,,,,,,,,,,,,,,,
datasets/gov/aaa/ezeru_monitoringas/EzeruValstybinioMonitoringoDuomenys,27f5750c-8728-494d-9fcb-0e2f08f0378d,fc904d3e-1ea4-4c7c-9d8f-d3b601cf892d,,Utenos RAAD,Auslas,LTL303,Auslas,,2022-05-05,11.3,2.9,2.3,11.9,8.3,3.1,253.0,2.6,"<0,014",0.003,0.08,0.097,0.82,0.005,0.014,,7.8,,,,,,,,,,,,,,,,,,,,,,,,,,,,,,,,,,,,,,,,,,,,,,,,,,,,,,,,,,,,,,,,,,,,,,,,,,,,,,,,,,,,,,,,,
datasets/gov/aaa/ezeru_monitoringas/EzeruValstybinioMonitoringoDuomenys,27f93366-75b2-4a27-9c8c-053e2d1682c6,5399f7a4-1a3f-4891-9cca-0c5aefcf15e9,,Utenos RAAD,Šventas,LTL39,Šventas,,2022-04-25,8.2,<2,0.93,12.2,8.0,8.2,107.0,1.8,"<0,014",0.003,0.06,0.077,0.08,0.004,"<0,0081",,3.2,,,,,,,,,,,,,,,,,,,,,,,,,,,,,,,,,,,,,,,,,,,,,,,,,,,,,,,,,,,,,,,,,,,,,,,,,,,,,,,,,,,,,,,,,
datasets/gov/aaa/ezeru_monitoringas/EzeruValstybinioMonitoringoDuomenys,2806c221-994e-441d-81f8-f7c15c483d2a,27763159-9cf9-4d17-b8cc-bf34bb6563d1,,Utenos,Vidinkstas,LTL287,Vidinkstas,POINT (6146932 592911),2021-07-21,25.3,2.3,2.3,8.0,8.3,3.0,192.0,1.6,0.03,"<0,001",0.03,0.061,0.81,0.002,0.017,,3.7,,,,,,,,,,,,,,,,,,,,,,,,,,,,,,,,,,,,,,,,,,,,,,,,,,,,,,,,,,,,,,,,,,,,,,,,,,,,,,,,,,,,,,,,,
datasets/gov/aaa/ezeru_monitoringas/EzeruValstybinioMonitoringoDuomenys,282bd57b-27ba-4668-88ba-a6fa80c8f6b7,c971988f-0575-465f-93dd-5b0cc70573b7,,Klaipėdos,Kernų tvenkinys,LTL261,Kernų tvenkinys,POINT (6236006 345893),2021-05-03,10.0,5.6,5.0,5.5,8.7,1.25,490.0,3.3,0.019,0.016,2.8,2.835,3.0,"<0,006",0.038,,28.12,,,,,,,,,,,,,,,,,,,,,,,,,,,,,,,,,,,,,,,,,,,,,,,,,,,,,,,,,,,,,,,,,,,,,,,,,,,,,,,,,,,,,,,,,
datasets/gov/aaa/ezeru_monitoringas/EzeruValstybinioMonitoringoDuomenys,2856b95d-908b-4c8e-bf51-c2f2f3c9fe8c,ee4c2cc0-ca57-4850-8a2d-71299b246e81,,Utenos,Žvernas,LTL357,Žvernas,POINT (6104640 596627),2020-07-13,20.1,2.7,3.5,8.6,8.64,1.2,304.0,2.1,"<0,015","<0,005","<0,005",0.025,0.266,"<0,015",0.063,,9.5,,,,,,,,,,,,,,,,,,,,,,,,,,,,,,,,,,,,,,,,,,,,,,,,,,,,,,,,,,,,,,,,,,,,,,,,,,,,,,,,,,,,,,,,,
datasets/gov/aaa/ezeru_monitoringas/EzeruValstybinioMonitoringoDuomenys,28794703-ab99-4a6f-a9bd-3e4c0af69167,924fd254-82e7-404f-9ac8-f03d8c63eda5,,Kauno,KAUNO MARIOS,LTL71,Kauno marios,POINT (6084954 505731),2019-09-12,19.9,5.1,3.0,7.6,8.39,1.3,412.0,4.6,0.175,0.01,0.081,0.266,0.504,0.207,0.213,,32.0,,,,,,,,,,,,,,,,,,,,,,,,,,,,,,,,,,,,,,,,,,,,,,,,,,,,,,,,,,,,,,,,,,,,,,,,,,,,,,,,,,,,,,,,,
datasets/gov/aaa/ezeru_monitoringas/EzeruValstybinioMonitoringoDuomenys,289a5f31-c9d5-48f9-bee7-73458fec9510,0e2a5a9e-aef1-4c0f-9ec1-28af6d9a2f50,,Utenos,Mūšėjus,LTL288,Mušėjus,POINT (6149216 582296),2020-05-14,11.4,4.4,4.0,11.3,8.6,1.3,475.0,3.9,0.03,0.013,2.2,2.243,3.3,0.004,0.029,,22.0,,,,,,,,,,,,,,,,,,,,,,,,,,,,,,,,,,,,,,,,,,,,,,,,,,,,,,,,,,,,,,,,,,,,,,,,,,,,,,,,,,,,,,,,,
datasets/gov/aaa/ezeru_monitoringas/EzeruValstybinioMonitoringoDuomenys,289a8df2-7e5e-4d08-bc97-0f94b14deeca,4aace14a-0962-4e50-b856-578bb185d6b4,,Utenos,Galuonis,LTL341,Galuonis,POINT (6133821 609874),2021-05-06,9.1,<2,3.7,12.42,8.44,2.3,424.0,1.7,"<0,02",0.006,0.943,0.969,1.13,"<0,015",0.017,,5.5,,,,,,,,,,,,,,,,,,,,,,,,,,,,,,,,,,,,,,,,,,,,,,,,,,,,,,,,,,,,,,,,,,,,,,,,,,,,,,,,,,,,,,,,,
datasets/gov/aaa/ezeru_monitoringas/EzeruValstybinioMonitoringoDuomenys,28ac4905-1721-495c-b7a3-4f580a9ba734,5f098840-5ad9-4883-ab24-1b537ad62792,,Utenos,Dūriai,LTL159,Dūriai,POINT (6124838 589100),2021-09-16,16.3,2.6,3.1,9.9,8.44,2.5,346.0,3.8,"<0,02","<0,005",0.092,0.117,0.364,"<0,015",0.02,,10.36,,,,,,,,,,,,,,,,,,,,,,,,,,,,,,,,,,,,,,,,,,,,,,,,,,,,,,,,,,,,,,,,,,,,,,,,,,,,,,,,,,,,,,,,,
datasets/gov/aaa/ezeru_monitoringas/EzeruValstybinioMonitoringoDuomenys,28cca142-d7e4-4c1f-a027-f7631918f3dd,7243001a-d75f-4f64-8cbb-620f5d577428,,Panevėžio RAAD,Juodis,LTL541,Juodis,,2022-08-17,25.1,3.3,2.8,6.76,7.95,0.9,325.0,2.1,0.07,0.026,0.9,0.996,2.56,"<0,015",0.044,,22.6,,,,,,,,,,,,,,,,,,,,,,,,,,,,,,,,,,,,,,,,,,,,,,,,,,,,,,,,,,,,,,,,,,,,,,,,,,,,,,,,,,,,,,,,,
datasets/gov/aaa/ezeru_monitoringas/EzeruValstybinioMonitoringoDuomenys,28e7e22c-ce26-4e2a-8b46-cbd7b99a571b,cacc4663-d918-45dd-922d-d22fc41dec9b,,Utenos,Vencavas,LTL226,Vencavas,POINT (6177170 624162),2019-10-03,12.8,<2,2.1,8.9,8.7,8.8,214.0,0.82,"<0,014","<0,001",0.02,0.035,0.25,"<0,002",0.009,,0.9,,,,,,,,,,,,,,,,,,,,,,,,,,,,,,,,,,,,,,,,,,,,,,,,,,,,,,,,,,,,,,,,,,,,,,,,,,,,,,,,,,,,,,,,,
datasets/gov/aaa/ezeru_monitoringas/EzeruValstybinioMonitoringoDuomenys,28f6a837-21d4-4c90-b33d-9dc357e8701e,8d95790d-bc38-4531-be6a-24fef677803e,,Šiaulių,Kivylių tvenkinys,LTL270,Kivylių,POINT (6246663 419282),2020-08-18,23.0,5.9,5.2,8.2,8.6,1.2,773.0,5.7,0.03,0.004,0.014,0.048,1.1,0.005,0.097,,33.55,,,,,,,,,,,,,,,,,,,,,,,,,,,,,,,,,,,,,,,,,,,,,,,,,,,,,,,,,,,,,,,,,,,,,,,,,,,,,,,,,,,,,,,,,
datasets/gov/aaa/ezeru_monitoringas/EzeruValstybinioMonitoringoDuomenys,29023ba5-13f1-4afa-a818-e00a1eeb7dfa,68a220a4-86b8-48a9-9ebb-e9c2701b2e6c,,Alytaus,Sagavas,LTL249,Sagavas,POINT (6009029 490181),2019-05-16,13.2,4,3.5,11.2,8.7,3.3,450.0,3.1,0.02,0.003,0.085,0.108,0.8,0.011,0.048,,5.7,,,,,,,,,,,,,,,,,,,,,,,,,,,,,,,,,,,,,,,,,,,,,,,,,,,,,,,,,,,,,,,,,,,,,,,,,,,,,,,,,,,,,,,,,
datasets/gov/aaa/ezeru_monitoringas/EzeruValstybinioMonitoringoDuomenys,2914253f-ca60-4d00-918b-d93c9b81a882,d41481e1-7cf9-46b3-ba10-c874a0a252f6,,Klaipėdos,Mosėdžio I tvenkinys,LTL262,Mosėdžio I tvenkinys,POINT (6227142 350031),2021-07-22,23.0,2.3,4.4,5.7,8.0,1.2,429.0,2,0.025,0.001,0.013,0.039,0.67,"<0,006",0.05,,23.68,,,,,,,,,,,,,,,,,,,,,,,,,,,,,,,,,,,,,,,,,,,,,,,,,,,,,,,,,,,,,,,,,,,,,,,,,,,,,,,,,,,,,,,,,
datasets/gov/aaa/ezeru_monitoringas/EzeruValstybinioMonitoringoDuomenys,293bb469-9257-439b-b069-28364c31f342,a5d8e585-24bb-47ff-a82f-8dc38ca331db,,Marijampolės,Stebuliškių tvenkinys,LTL542,Stebuliškių tvenkinys,POINT (6038735 456571),2017-10-05,10.4,7.2,4.4,8.7,8.19,0.5,612.0,5.3,0.07,0.006,0.39,0.466,1.4,0.013,0.032,,3.1,,,,,,,,,,,,,,,,,,,,,,,,,,,,,,,,,,,,,,,,,,,,,,,,,,,,,,,,,,,,,,,,,,,,,,,,,,,,,,,,,,,,,,,,,
datasets/gov/aaa/ezeru_monitoringas/EzeruValstybinioMonitoringoDuomenys,293d9381-50f2-4b2c-be2b-d570756e5023,2f9f01e2-0eb4-4279-ac4f-d73768cb49fe,,Klaipėdos,Padvarių tvenkinys,LTL257,Padvarių tvenkinys,POINT (6203287 328598),2018-09-13,18.0,4.7,4.1,,8.1,1.2,427.0,2.5,0.038,0.002,0.005,0.045,0.68,"<0,005",0.065,,14.49,,,,,,,,,,,,,,,,,,,,,,,,,,,,,,,,,,,,,,,,,,,,,,,,,,,,,,,,,,,,,,,,,,,,,,,,,,,,,,,,,,,,,,,,,
datasets/gov/aaa/ezeru_monitoringas/EzeruValstybinioMonitoringoDuomenys,2958a631-0ff7-4b8f-a40a-f502b3384ef6,57f7687c-fd24-4605-9f9e-497b2c4a49ce,,Utenos,Luodis,LTL312,Luodis,POINT (6163284 639476),2020-09-29,15.6,3.2,2.7,9.6,8.4,4.2,269.0,0.86,0.02,0.025,0.04,0.085,0.44,0.003,0.014,,5.5,,,,,,,,,,,,,,,,,,,,,,,,,,,,,,,,,,,,,,,,,,,,,,,,,,,,,,,,,,,,,,,,,,,,,,,,,,,,,,,,,,,,,,,,,
datasets/gov/aaa/ezeru_monitoringas/EzeruValstybinioMonitoringoDuomenys,296dcf63-8fda-4bea-b72e-2bd5a660dde6,5cfb4146-cbf8-49d7-b673-f87c11e7cf03,,Vilniaus,Peršokšnai,LTL340,Peršokšnai,POINT (6121856 614302),2021-07-28,24.6,<2,2.5,8.0,8.28,5.3,289.0,1.1,"<0,02","<0,005",0.022,0.047,0.338,"<0,015","<0,015",,1.7,,,,,,,,,,,,,,,,,,,,,,,,,,,,,,,,,,,,,,,,,,,,,,,,,,,,,,,,,,,,,,,,,,,,,,,,,,,,,,,,,,,,,,,,,
datasets/gov/aaa/ezeru_monitoringas/EzeruValstybinioMonitoringoDuomenys,29736031-4d00-4e7f-a339-1567b00e0d30,e4e5a842-69dd-48fc-a113-349ad22db76e,,Utenos,Kavarsko tvenkinys,LTL416,Kavarsko,POINT (6145097 560110),2019-09-02,19.0,2.4,4.8,9.0,8.3,3.2,470.0,0.96,0.03,0.003,0.07,0.103,0.22,0.019,0.045,,2.3,,,,,,,,,,,,,,,,,,,,,,,,,,,,,,,,,,,,,,,,,,,,,,,,,,,,,,,,,,,,,,,,,,,,,,,,,,,,,,,,,,,,,,,,,
datasets/gov/aaa/ezeru_monitoringas/EzeruValstybinioMonitoringoDuomenys,299ae551-a8ff-4632-b46b-dc89d12d182f,bb9d4594-a0b8-4a5d-b652-5171878f8d62,,Klaipėdos,Tūbausių I tvenkinys,LTL207,Tūbausių I tvenkinys,POINT (6207850 330616),2021-09-21,13.0,8.5,3.8,8.1,8.4,1.05,424.0,2.3,0.016,0.08,4.3,4.396,4.6,"<0,006",0.038,,36.7,,,,,,,,,,,,,,,,,,,,,,,,,,,,,,,,,,,,,,,,,,,,,,,,,,,,,,,,,,,,,,,,,,,,,,,,,,,,,,,,,,,,,,,,,
datasets/gov/aaa/ezeru_monitoringas/EzeruValstybinioMonitoringoDuomenys,29a7de80-db0b-420c-9b43-710cebbe5171,f40a423d-4d64-401f-8a12-4b5f142b1696,,Alytaus,Krūminių tvenkinys,LTL184,Krūminių tvenkinys,POINT (6016830 553517),2018-05-14,19.1,6,3.9,150.163,8.7,1.6,441.0,5.9,0.02,0.006,0.1,0.126,0.5,0.011,0.045,,22.9,,,,,,,,,,,,,,,,,,,,,,,,,,,,,,,,,,,,,,,,,,,,,,,,,,,,,,,,,,,,,,,,,,,,,,,,,,,,,,,,,,,,,,,,,
datasets/gov/aaa/ezeru_monitoringas/EzeruValstybinioMonitoringoDuomenys,29bfd5cd-ef4b-46b2-9197-618537fa55ee,f5f64ca8-dc0f-4ec0-acc0-8b66d458726e,,Vilniaus,Baltas,LTL338,Baltas,POINT (6126393 617851),2021-08-26,19.0,<2,2.8,9.1,8.51,4.1,292.0,1.1,"<0,02","<0,005",0.028,0.053,0.205,"<0,015","<0,015",,5.92,,,,,,,,,,,,,,,,,,,,,,,,,,,,,,,,,,,,,,,,,,,,,,,,,,,,,,,,,,,,,,,,,,,,,,,,,,,,,,,,,,,,,,,,,
datasets/gov/aaa/ezeru_monitoringas/EzeruValstybinioMonitoringoDuomenys,29c23d91-e586-4b8c-a1c9-3fa6fcdf83b1,b13efe05-a0a7-4cd1-9d6b-0697a85c0a4b,,Vilniaus,Karvys,LTL363,Karvys,POINT (6083349 573096),2020-07-22,22.3,2,3.1,10.5,9.05,1.9,296.0,2.1,"<0,015","<0,005",0.09,0.1,0.266,"<0,015",0.026,,13.3,,,,,,,,,,,,,,,,,,,,,,,,,,,,,,,,,,,,,,,,,,,,,,,,,,,,,,,,,,,,,,,,,,,,,,,,,,,,,,,,,,,,,,,,,
datasets/gov/aaa/ezeru_monitoringas/EzeruValstybinioMonitoringoDuomenys,2a28704e-e245-4daf-9186-f336097ab3da,fd27524d-d124-403c-b653-38e920b92a62,,Vilniaus,Pikeliškių ežeras(ež.Žalesas),LTL364,Pikeliškių ežeras (ež.Žalesas),POINT (6082605 581424),2017-10-04,11.9,4.5,2.8,8.7,7.87,1.0,347.0,3.0,0.058,0.009,0.339,0.406,1.11,"<0,014",0.051,,1.6,,,,,,,,,,,,,,,,,,,,,,,,,,,,,,,,,,,,,,,,,,,,,,,,,,,,,,,,,,,,,,,,,,,,,,,,,,,,,,,,,,,,,,,,,
datasets/gov/aaa/ezeru_monitoringas/EzeruValstybinioMonitoringoDuomenys,2a2db1ee-8088-4f10-95d7-921e583b7237,3dd71966-d912-4a51-9197-a810dca5ebf1,,Alytaus,Atesys,LTL248,Atesys,POINT (6026979 481767),2019-08-28,23.6,3,2.5,12.6,8.7,1.6,529.0,4,0.06,0.01,0.25,0.32,1.0,0.016,0.059,,12.0,,,,,,,,,,,,,,,,,,,,,,,,,,,,,,,,,,,,,,,,,,,,,,,,,,,,,,,,,,,,,,,,,,,,,,,,,,,,,,,,,,,,,,,,,
datasets/gov/aaa/ezeru_monitoringas/EzeruValstybinioMonitoringoDuomenys,2a429ea8-b0a6-4497-bd98-45cfadca1d16,2fb08411-8bae-47ee-aeb9-4b11320d0ed4,,Vilniaus,Nikajis,LTL355,Nikajis,POINT (6103950 603917),2021-07-27,24.3,<2,3.0,7.85,8.1,2.4,337.0,2,0.03,"<0,005",0.058,0.093,0.223,"<0,015","<0,015",,5.5,,,,,,,,,,,,,,,,,,,,,,,,,,,,,,,,,,,,,,,,,,,,,,,,,,,,,,,,,,,,,,,,,,,,,,,,,,,,,,,,,,,,,,,,,
datasets/gov/aaa/ezeru_monitoringas/EzeruValstybinioMonitoringoDuomenys,2a600ec5-41df-4e58-90f6-0f9310437fa3,f77c5a89-32e8-4d73-883c-c41603e67487,,Vilniaus,Didžiulis,LTL274,Didžiulis,POINT (6032301 531320),2019-07-25,23.9,12.5,2.5,9.3,8.7,0.4,332.0,4.9,0.07,0.01,0.11,0.19,1.3,0.025,0.099,,22.4,,,,,,,,,,,,,,,,,,,,,,,,,,,,,,,,,,,,,,,,,,,,,,,,,,,,,,,,,,,,,,,,,,,,,,,,,,,,,,,,,,,,,,,,,
datasets/gov/aaa/ezeru_monitoringas/EzeruValstybinioMonitoringoDuomenys,2a6c4c99-3206-4c83-9575-4d72b6bac41f,71e4d3b9-0b3c-4d1e-9a82-77aa04d7bbb8,,Utenos,Ilgys,LTL316,Ilgys,POINT (6156794 621674),2021-07-28,24.5,3.6,3.8,12.4,8.9,1.6,341.0,1.8,0.03,0.018,0.29,0.338,1.2,0.004,0.01,,2.47,,,,,,,,,,,,,,,,,,,,,,,,,,,,,,,,,,,,,,,,,,,,,,,,,,,,,,,,,,,,,,,,,,,,,,,,,,,,,,,,,,,,,,,,,
datasets/gov/aaa/ezeru_monitoringas/EzeruValstybinioMonitoringoDuomenys,2a88f61f-e931-45c8-bdce-d7b02223f274,9171779c-5583-4a52-bb1e-3aee29191498,,Utenos,Asavas,LTL310,Asavas,POINT (6167521 638935),2021-08-18,20.2,2.7,2.8,8.9,8.4,2.5,260.0,3.8,0.08,0.009,0.17,0.259,0.49,0.005,0.015,,13.11,,,,,,,,,,,,,,,,,,,,,,,,,,,,,,,,,,,,,,,,,,,,,,,,,,,,,,,,,,,,,,,,,,,,,,,,,,,,,,,,,,,,,,,,,
datasets/gov/aaa/ezeru_monitoringas/EzeruValstybinioMonitoringoDuomenys,2a924890-f7a7-4731-a17f-9c9fa8b44fbe,ece73178-b1ff-4f7c-8538-9807ee584fbd,,Vilniaus RAAD,Lėnas,LTL278,Lėnas,,2022-04-21,10.3,5.2,3.2,12.2,8.53,1.3,374.0,2.9,0.023,0.023,2.94,2.986,4.14,"<0,015",0.026,,13.0,,,,,,,,,,,,,,,,,,,,,,,,,,,,,,,,,,,,,,,,,,,,,,,,,,,,,,,,,,,,,,,,,,,,,,,,,,,,,,,,,,,,,,,,,
datasets/gov/aaa/ezeru_monitoringas/EzeruValstybinioMonitoringoDuomenys,2ad9655a-a570-4f31-9a0d-1158e24af445,e392a501-16c2-4401-a69f-39144e9338e5,,Šiaulių,Rėkyvos ežeras,LTL64,Rėkyvos,POINT (6192439 456065),2021-05-11,15.0,7.6,2.3,8.1,8.5,0.9,216.0,3.1,0.91,0.005,0.074,0.989,2.0,"<0,006",0.028,,15.69,,,,,,,,,,,,,,,,,,,,,,,,,,,,,,,,,,,,,,,,,,,,,,,,,,,,,,,,,,,,,,,,,,,,,,,,,,,,,,,,,,,,,,,,,
datasets/gov/aaa/ezeru_monitoringas/EzeruValstybinioMonitoringoDuomenys,2b4c2584-f59d-431c-8683-a1c74a594113,f7bcf3e1-a4bd-425d-be84-3259911742b5,,Utenos,Dūriai,LTL159,Dūriai,POINT (6124838 589100),2021-08-17,21.4,2.8,3.4,8.3,8.48,2.0,358.0,2.3,0.072,"<0,005",0.062,0.139,0.857,"<0,015","<0,015",,7.25,,,,,,,,,,,,,,,,,,,,,,,,,,,,,,,,,,,,,,,,,,,,,,,,,,,,,,,,,,,,,,,,,,,,,,,,,,,,,,,,,,,,,,,,,
datasets/gov/aaa/ezeru_monitoringas/EzeruValstybinioMonitoringoDuomenys,2b5606fe-d632-4a9e-a1cb-2bb34ad99b0e,8d889d6e-d2f7-4d18-a966-6f749e074c51,,Alytaus,Vabalių ežeras,LTL379,Vabalių,POINT (6016717 507296),2018-08-23,22.7,5,2.6,104.094,8.3,2.6,99.0,2.8,0.07,0.003,0.04,0.113,0.7,0.014,0.061,,6.7,,,,,,,,,,,,,,,,,,,,,,,,,,,,,,,,,,,,,,,,,,,,,,,,,,,,,,,,,,,,,,,,,,,,,,,,,,,,,,,,,,,,,,,,,
datasets/gov/aaa/ezeru_monitoringas/EzeruValstybinioMonitoringoDuomenys,2b7eb186-a328-44ad-a766-435506664bdf,c443abe7-fe80-48cb-965a-99da2c6ffa56,,Kauno,KAUNO MARIOS,LTL71,Kauno marios,POINT (6084954 505731),2019-01-30,0.3,"<1,9",3.9,12.02,7.94,2.1,518.0,2.1,0.235,0.018,2.25,2.503,4.12,0.048,0.057,,,,,,,,,,,,,,,,,,,,,,,,,,,,,,,,,,,,,,,,,,,,,,,,,,,,,,,,,,,,,,,,,,,,,,,,,,,,,,,,,,,,,,,,,,,
datasets/gov/aaa/ezeru_monitoringas/EzeruValstybinioMonitoringoDuomenys,2b8f3253-2637-4cac-ac48-1758f6049b46,72bf769e-68e5-4a29-8bf9-5773e38100a8,,Šiaulių,Platelių ežeras,LTL34,Plateliai,POINT (6214390 366955),2018-06-18,21.0,<2,0.9,,8.76,5,199.0,1.6,0.018,"<0,001","<0,003",0.022,0.33,"<0,005",0.009,,3.4,,,,,,,,,,,,,,,,,,,,,,,,,,,,,,,,,,,,,,,,,,,,,,,,,,,,,,,,,,,,,,,,,,,,,,,,,,,,,,,,,,,,,,,,,
datasets/gov/aaa/ezeru_monitoringas/EzeruValstybinioMonitoringoDuomenys,2b9d5b58-aa38-4032-bb92-1ca1be5c2edf,377768d1-d9b0-4845-bbd1-cd17f1e5fc82,,Alytaus,Latežeris,LTL513,Latežeris,POINT (5982569 506877),2017-08-24,18.9,15,3.3,7.3,8.2,0.9,228.0,4.3,0.06,0.004,0.07,0.134,1.0,0.011,0.22,,27.0,,,,,,,,,,,,,,,,,,,,,,,,,,,,,,,,,,,,,,,,,,,,,,,,,,,,,,,,,,,,,,,,,,,,,,,,,,,,,,,,,,,,,,,,,
datasets/gov/aaa/ezeru_monitoringas/EzeruValstybinioMonitoringoDuomenys,2ba177fd-acae-4fc3-b945-92635cfcedec,cdd022c6-87e4-43b8-9cc5-f8a058d7a624,,Utenos,Luknas,LTL290,Luknas,POINT (6160187 597153),2019-05-02,14.9,3.6,4.8,13.9,8.6,2.1,464.0,3.8,0.03,0.005,0.06,0.095,0.52,0.014,0.015,,11.7,,,,,,,,,,,,,,,,,,,,,,,,,,,,,,,,,,,,,,,,,,,,,,,,,,,,,,,,,,,,,,,,,,,,,,,,,,,,,,,,,,,,,,,,,
datasets/gov/aaa/ezeru_monitoringas/EzeruValstybinioMonitoringoDuomenys,2bafe211-7985-452b-831d-38e4d236856a,0db8863e-d135-4e51-aa5e-2b21e9100169,,Klaipėdos,Padvarių tvenkinys,LTL257,Padvarių tvenkinys,POINT (6203287 328598),2021-05-07,9.0,4,3.8,8.4,8.3,1.4,431.0,2.1,0.025,0.017,2.9,2.942,3.2,"<0,006",0.036,,20.51,,,,,,,,,,,,,,,,,,,,,,,,,,,,,,,,,,,,,,,,,,,,,,,,,,,,,,,,,,,,,,,,,,,,,,,,,,,,,,,,,,,,,,,,,
datasets/gov/aaa/ezeru_monitoringas/EzeruValstybinioMonitoringoDuomenys,2bb0c83c-6343-4c12-a17d-b8f8c8e00cba,679e90d0-829c-4060-a0eb-b4595cb2573d,,Kauno,Angirių tvenkinys,LTL410,Angirių tvenkinys,POINT (6128127 482763),2018-10-02,13.7,3.1,5.0,83.253,8.41,1.4,526.0,1.3,0.033,0.018,0.77,0.821,1.6,0.017,0.041,,2.8,,,,,,,,,,,,,,,,,,,,,,,,,,,,,,,,,,,,,,,,,,,,,,,,,,,,,,,,,,,,,,,,,,,,,,,,,,,,,,,,,,,,,,,,,
datasets/gov/aaa/ezeru_monitoringas/EzeruValstybinioMonitoringoDuomenys,2bb98b5a-442c-4e58-8e3b-6f2f02309c5c,1dcc2b7b-38e5-426b-b158-6c8b807e7ed9,,Alytaus,Latežeris,LTL513,Latežeris,POINT (5982569 506877),2019-08-26,23.4,6,2.7,16.4,9.4,0.4,179.0,5,0.05,0.004,0.06,0.114,1.3,0.013,0.045,,63.7,,,,,,,,,,,,,,,,,,,,,,,,,,,,,,,,,,,,,,,,,,,,,,,,,,,,,,,,,,,,,,,,,,,,,,,,,,,,,,,,,,,,,,,,,
datasets/gov/aaa/ezeru_monitoringas/EzeruValstybinioMonitoringoDuomenys,2bbf6eb9-1028-41fd-b833-fac82658ad52,55ca9f87-9800-45c9-bcef-055d2a2a2181,,Utenos,Alnis,LTL65,Alnis,POINT (6127535 606156),2019-09-10,20.1,<2,1.7,9.7,8.8,6.5,159.0,0.88,"<0,014","<0,001",0.01,0.025,0.43,0.003,"<0,0081",,3.5,,,,,,,,,,,,,,,,,,,,,,,,,,,,,,,,,,,,,,,,,,,,,,,,,,,,,,,,,,,,,,,,,,,,,,,,,,,,,,,,,,,,,,,,,
datasets/gov/aaa/ezeru_monitoringas/EzeruValstybinioMonitoringoDuomenys,2bbf86e6-c69d-4e85-b93a-4d55d1b3d2bf,4b00675a-a59b-4bf6-bafd-7a10b45ea40a,,Alytaus RAAD,Galstas,LTL390,Galstas,,2022-05-04,8.6,1.5,3.3,12.2,8.5,6.2,363.0,3.6,0.02,0.004,0.09,0.114,0.32,0.016,0.044,,2.7,,,,,,,,,,,,,,,,,,,,,,,,,,,,,,,,,,,,,,,,,,,,,,,,,,,,,,,,,,,,,,,,,,,,,,,,,,,,,,,,,,,,,,,,,
datasets/gov/aaa/ezeru_monitoringas/EzeruValstybinioMonitoringoDuomenys,2bde6600-d733-4283-a12c-5bb426f99dac,ace5d907-be45-4b10-8286-76ce6685ed2b,,Alytaus,Lielukas,LTL455,Lielukas,POINT (6027379 544025),2019-08-20,23.5,6,2.6,12.9,8.6,1.5,397.0,3.9,0.04,0.003,0.15,0.193,1.1,0.011,0.049,,6.7,,,,,,,,,,,,,,,,,,,,,,,,,,,,,,,,,,,,,,,,,,,,,,,,,,,,,,,,,,,,,,,,,,,,,,,,,,,,,,,,,,,,,,,,,
datasets/gov/aaa/ezeru_monitoringas/EzeruValstybinioMonitoringoDuomenys,2c042f4e-f587-4e11-843b-2c12d13f3dc7,c5cc0a7a-6b94-4116-89ff-281d5dde59d1,,Utenos,Šiurpys,LTL311,Šiurpys,POINT (6169946 635569),2019-07-11,19.0,2.2,2.9,10.7,8.8,6.5,93.0,0.54,0.03,"<0,001",0.02,0.051,0.51,"<0,002","<0,0081",,5.9,,,,,,,,,,,,,,,,,,,,,,,,,,,,,,,,,,,,,,,,,,,,,,,,,,,,,,,,,,,,,,,,,,,,,,,,,,,,,,,,,,,,,,,,,
datasets/gov/aaa/ezeru_monitoringas/EzeruValstybinioMonitoringoDuomenys,2c48896a-2905-4d1c-86a6-c7097ab7f593,e55a3f50-fdc4-473f-8d19-393f02fc15e8,,Alytaus,Simno ežeras,LTL196,Simno ežeras,POINT (6029242 476810),2017-09-28,15.3,16,3.7,10.0,8.5,1.1,385.0,3.3,0.04,0.004,0.05,0.094,1.0,0.011,0.11,,12.8,,,,,,,,,,,,,,,,,,,,,,,,,,,,,,,,,,,,,,,,,,,,,,,,,,,,,,,,,,,,,,,,,,,,,,,,,,,,,,,,,,,,,,,,,
datasets/gov/aaa/ezeru_monitoringas/EzeruValstybinioMonitoringoDuomenys,2c7c72ed-98ca-4f04-94bd-611baf9ec700,00057895-da1e-4d01-8296-1a03871add20,,Alytaus,Sagavas,LTL249,Sagavas,POINT (6009029 490181),2019-10-03,13.1,6,3.3,8.3,8.3,3.4,415.0,2.4,0.05,0.004,0.11,0.164,1.2,0.014,0.051,,5.7,,,,,,,,,,,,,,,,,,,,,,,,,,,,,,,,,,,,,,,,,,,,,,,,,,,,,,,,,,,,,,,,,,,,,,,,,,,,,,,,,,,,,,,,,
datasets/gov/aaa/ezeru_monitoringas/EzeruValstybinioMonitoringoDuomenys,2c911025-9b06-49e8-86d9-f56817d2e53d,566e4e65-9844-4a53-85b0-884ed4173cde,,Vilniaus,Spindžius,LTL106,Spindžius,POINT (6048288 544856),2018-09-03,20.4,2.1,3.2,107.263,8.05,3.4,353.0,1.6,"<0,01","<0,004",0.021,0.035,0.209,"<0,014","<0,014",,4.6,,,,,,,,,,,,,,,,,,,,,,,,,,,,,,,,,,,,,,,,,,,,,,,,,,,,,,,,,,,,,,,,,,,,,,,,,,,,,,,,,,,,,,,,,
datasets/gov/aaa/ezeru_monitoringas/EzeruValstybinioMonitoringoDuomenys,2ca6f277-f4ee-44f7-b334-5695bc493341,bc6e6eaa-389b-41ce-9b0f-9f95a02ae8a5,,Utenos,Asalnai,LTL324,Asalnai,POINT (6137224 629487),2019-07-29,21.9,<2,3.1,10.5,8.6,5.4,297.0,1.3,"<0,014","<0,001",0.003,0.018,0.41,0.002,0.01,,1.6,,,,,,,,,,,,,,,,,,,,,,,,,,,,,,,,,,,,,,,,,,,,,,,,,,,,,,,,,,,,,,,,,,,,,,,,,,,,,,,,,,,,,,,,,
datasets/gov/aaa/ezeru_monitoringas/EzeruValstybinioMonitoringoDuomenys,2caefd31-7e41-45f9-854b-e11c4a6738a3,9aff1d3c-59c0-485d-afed-a2b149197485,,Panevėžio RAAD,Kupiškio tvenkinys,LTL417,Kupiškio,,2022-10-06,11.6,4.9,4.2,9.2,8.4,1.7,457.0,2.3,0.04,0.002,0.08,0.122,0.62,"<0,002",0.037,,17.4,,,,,,,,,,,,,,,,,,,,,,,,,,,,,,,,,,,,,,,,,,,,,,,,,,,,,,,,,,,,,,,,,,,,,,,,,,,,,,,,,,,,,,,,,
datasets/gov/aaa/ezeru_monitoringas/EzeruValstybinioMonitoringoDuomenys,2d00d83c-bdc2-456a-b2fc-76445c5a1907,b9209e54-4c8f-427d-94e7-1f3bb1e51e23,,Kauno,Sujainių tvenkinys,LTL420,Sujainių tvenkinys,POINT (6139208 434911),2018-08-13,24.7,14,3.3,,8.68,0.7,388.0,3,0.026,0.007,0.44,0.473,0.5,"<0,007",0.1,,115.6,,,,,,,,,,,,,,,,,,,,,,,,,,,,,,,,,,,,,,,,,,,,,,,,,,,,,,,,,,,,,,,,,,,,,,,,,,,,,,,,,,,,,,,,,
datasets/gov/aaa/ezeru_monitoringas/EzeruValstybinioMonitoringoDuomenys,2d185fef-3c0a-49eb-8461-682bec87d0b3,c14cae38-45be-4745-a3bf-e9e20975ecab,,Utenos,Alaušai,LTL452,Alaušai,POINT (6129479 569749),2018-04-24,10.0,2.1,2.3,99.379,8.8,3.6,325.0,1.9,0.02,0.003,0.24,0.263,0.61,"<0,002",0.019,,4.48,,,,,,,,,,,,,,,,,,,,,,,,,,,,,,,,,,,,,,,,,,,,,,,,,,,,,,,,,,,,,,,,,,,,,,,,,,,,,,,,,,,,,,,,,
datasets/gov/aaa/ezeru_monitoringas/EzeruValstybinioMonitoringoDuomenys,2d56f7dc-1c18-4860-b24f-f184813b7487,110ab3ea-a417-4fb9-9154-645f549113e1,,Alytaus RAAD,Sagavas,LTL249,Sagavas,,2022-05-04,12.2,3.5,3.8,12.8,8.6,2.4,464.0,4.9,0.02,0.008,0.14,0.168,1.1,0.018,0.048,,11.0,,,,,,,,,,,,,,,,,,,,,,,,,,,,,,,,,,,,,,,,,,,,,,,,,,,,,,,,,,,,,,,,,,,,,,,,,,,,,,,,,,,,,,,,,
datasets/gov/aaa/ezeru_monitoringas/EzeruValstybinioMonitoringoDuomenys,2d6900cb-fecf-4cf5-8e29-36ea3456d497,7e814536-8a2d-4944-9f5a-c9a203f0a046,,Alytaus,Žuvintas,LTL29,Žuvintas,POINT (6037458 476746),2018-09-25,12.0,5.5,2.8,92.093,8.4,2,390.0,2.3,0.03,0.001,0.14,0.171,0.5,0.016,0.054,,6.9,,,,,,,,,,,,,,,,,,,,,,,,,,,,,,,,,,,,,,,,,,,,,,,,,,,,,,,,,,,,,,,,,,,,,,,,,,,,,,,,,,,,,,,,,
datasets/gov/aaa/ezeru_monitoringas/EzeruValstybinioMonitoringoDuomenys,2d98ee35-b75f-4dd4-ab7d-af028987e754,a8c213ea-c8c6-4fff-8388-5215e8a735be,,Panevėžio,Sartai,LTL169,Sartai,POINT (6188825 615033),2021-07-30,23.8,2.1,4.2,10.0,8.4,1.6,394.0,2.5,0.02,0.002,0.07,0.092,0.28,0.003,0.023,,5.59,,,,,,,,,,,,,,,,,,,,,,,,,,,,,,,,,,,,,,,,,,,,,,,,,,,,,,,,,,,,,,,,,,,,,,,,,,,,,,,,,,,,,,,,,
datasets/gov/aaa/ezeru_monitoringas/EzeruValstybinioMonitoringoDuomenys,2da14687-65f0-401d-955f-acc8f1312eee,576db1e5-d94b-4460-bbda-0c38b6fd2e59,,Šiaulių,Tausalas,LTL206,Tausalas,POINT (6213325 393517),2020-07-20,25.0,3.2,3.1,9.4,8.3,1.8,296.0,2.3,0.043,"<0,001",0.03,0.074,1.2,"<0,005",0.031,,7.1,,,,,,,,,,,,,,,,,,,,,,,,,,,,,,,,,,,,,,,,,,,,,,,,,,,,,,,,,,,,,,,,,,,,,,,,,,,,,,,,,,,,,,,,,
datasets/gov/aaa/ezeru_monitoringas/EzeruValstybinioMonitoringoDuomenys,2da4132d-e212-47f5-a80e-c0da39df1fe6,ef4aabae-6f7d-478c-b294-1e41d6b50c9c,,Alytaus,Neveiglas,LTL457,Neveiglas,POINT (6027817 520856),2019-05-13,15.1,5.5,2.6,13.3,9.0,0.9,288.0,4.2,0.04,0.006,0.078,0.124,1.4,0.011,0.046,,48.2,,,,,,,,,,,,,,,,,,,,,,,,,,,,,,,,,,,,,,,,,,,,,,,,,,,,,,,,,,,,,,,,,,,,,,,,,,,,,,,,,,,,,,,,,
datasets/gov/aaa/ezeru_monitoringas/EzeruValstybinioMonitoringoDuomenys,2e17f074-3170-46d0-95aa-184f0507f901,9ef8277c-8da9-4e93-a69a-2c299d97b2ca,,Vilniaus,Antakmenių ežeras,LTL115,Antakmenių ežeras,POINT (6052356 536423),2017-09-28,14.9,<2,2.4,8.4,8.19,1.6,283.0,2.0,0.101,0.006,0.105,0.212,0.219,"<0,014",0.023,,17.1,,,,,,,,,,,,,,,,,,,,,,,,,,,,,,,,,,,,,,,,,,,,,,,,,,,,,,,,,,,,,,,,,,,,,,,,,,,,,,,,,,,,,,,,,
datasets/gov/aaa/ezeru_monitoringas/EzeruValstybinioMonitoringoDuomenys,2e1dc206-b9ec-4217-9239-235d06597bfb,e7c466a4-1fdf-412f-b6cf-7c4299b8dba4,,Utenos,Rubikių ežeras,LTL10,Rubikių ežeras,POINT (6152176 580655),2017-10-02,13.7,"<1,7",3.6,8.3,8.6,3.0,334.0,1.2,0.02,0.009,0.1,0.129,0.95,0.007,0.028,,6.9,,,,,,,,,,,,,,,,,,,,,,,,,,,,,,,,,,,,,,,,,,,,,,,,,,,,,,,,,,,,,,,,,,,,,,,,,,,,,,,,,,,,,,,,,
datasets/gov/aaa/ezeru_monitoringas/EzeruValstybinioMonitoringoDuomenys,2e495e5d-23a3-4002-9663-c519ee745ec2,e1750446-23f9-4858-8ec8-926722138766,,Vilniaus,Antakmenių ežeras,LTL115,Antakmenių ežeras,POINT (6052356 536423),2017-07-20,20.6,5.9,2.4,10.3,8.88,1.4,274.0,4.8,0.025,0.016,0.264,0.305,1.05,"<0,014",0.056,,21.3,,,,,,,,,,,,,,,,,,,,,,,,,,,,,,,,,,,,,,,,,,,,,,,,,,,,,,,,,,,,,,,,,,,,,,,,,,,,,,,,,,,,,,,,,
datasets/gov/aaa/ezeru_monitoringas/EzeruValstybinioMonitoringoDuomenys,2e704480-1f7b-4f50-9e12-ef84110f2053,f5475cc0-88cb-48c3-97d3-f374b3f2e226,,Klaipėdos,Padvarių tvenkinys,LTL257,Padvarių tvenkinys,POINT (6203287 328598),2018-07-16,23.0,4.1,3.8,,8.5,1.4,541.0,4.3,0.023,0.002,"<0,003",0.028,0.76,"<0,005",0.25,,11.73,,,,,,,,,,,,,,,,,,,,,,,,,,,,,,,,,,,,,,,,,,,,,,,,,,,,,,,,,,,,,,,,,,,,,,,,,,,,,,,,,,,,,,,,,
datasets/gov/aaa/ezeru_monitoringas/EzeruValstybinioMonitoringoDuomenys,2e9a3056-320f-4b87-8730-34bd82e8e90d,f34fc3cf-e0f6-4e39-b18a-d494dc002292,,Utenos,Alnis,LTL65,Alnis,POINT (6127535 606156),2020-10-26,10.9,2,1.7,9.2,8.1,7.6,165.0,1.1,0.08,"<0,001",0.01,0.091,0.49,"<0,002","<0,0081",,1.2,,,,,,,,,,,,,,,,,,,,,,,,,,,,,,,,,,,,,,,,,,,,,,,,,,,,,,,,,,,,,,,,,,,,,,,,,,,,,,,,,,,,,,,,,
datasets/gov/aaa/ezeru_monitoringas/EzeruValstybinioMonitoringoDuomenys,2eaf5737-801f-46c8-a60b-d268d0c06ac0,b8a7df58-b8fe-4183-98e5-0bf2a9b58384,,Vilniaus,Elektrėnų marios,LTL125,Elektrėnų,POINT (6070639 543013),2021-07-14,26.6,2.2,2.9,8.2,7.75,3.1,375.0,2.2,0.027,"<0,005",0.026,0.058,0.461,"<0,015",0.031,,2.6,,,,,,,,,,,,,,,,,,,,,,,,,,,,,,,,,,,,,,,,,,,,,,,,,,,,,,,,,,,,,,,,,,,,,,,,,,,,,,,,,,,,,,,,,
datasets/gov/aaa/ezeru_monitoringas/EzeruValstybinioMonitoringoDuomenys,2ec279ff-d16f-4585-8fa0-2602d53c47c4,8679cb57-6515-4b07-9f5a-8521356116d5,,Vilniaus RAAD,Žeimenys,LTL445,Žeimenys,,2022-05-10,11.6,<2,3.1,11.8,8.73,3.0,241.0,2.9,"<0,02","<0,005","<0,015",0.04,0.378,"<0,015","<0,015",,9.7,,,,,,,,,,,,,,,,,,,,,,,,,,,,,,,,,,,,,,,,,,,,,,,,,,,,,,,,,,,,,,,,,,,,,,,,,,,,,,,,,,,,,,,,,
datasets/gov/aaa/ezeru_monitoringas/EzeruValstybinioMonitoringoDuomenys,2ec28348-f153-4650-a57f-a73b18f223b5,6ef37095-9456-41ed-b527-f437587e2479,,Utenos,Dūburaitis,LTL528,Dūburaitis,POINT (6187179 624173),2020-05-13,11.8,3.8,4.3,11.9,8.7,1.8,432.0,2.8,0.03,0.005,0.24,0.275,0.52,0.01,0.016,,10.4,,,,,,,,,,,,,,,,,,,,,,,,,,,,,,,,,,,,,,,,,,,,,,,,,,,,,,,,,,,,,,,,,,,,,,,,,,,,,,,,,,,,,,,,,
datasets/gov/aaa/ezeru_monitoringas/EzeruValstybinioMonitoringoDuomenys,2ecf5e51-3f25-4928-940b-87fd4ae90063,78671dc6-b75f-4489-a431-26a5f81c92e9,,Utenos RAAD,Zarasas,LTL171,Zarasas,,2022-09-27,13.2,<2,3.5,9.2,8.2,4.1,379.0,1.6,"<0,014",0.004,0.08,0.098,0.26,0.003,0.017,,7.6,,,,,,,,,,,,,,,,,,,,,,,,,,,,,,,,,,,,,,,,,,,,,,,,,,,,,,,,,,,,,,,,,,,,,,,,,,,,,,,,,,,,,,,,,
datasets/gov/aaa/ezeru_monitoringas/EzeruValstybinioMonitoringoDuomenys,2ef9451b-5a9f-4f5f-8c68-6050950c66ae,53fd62eb-19fb-4a5e-bf9d-4849c199f4c0,,Alytaus,Pluvija,LTL512,Pluvija,POINT (6030583 493559),2020-08-19,23.5,11,3.4,11.7,8.6,1.0,449.0,5.4,0.06,0.006,0.05,1.4,0.116,0.009,0.061,,22.2,,,,,,,,,,,,,,,,,,,,,,,,,,,,,,,,,,,,,,,,,,,,,,,,,,,,,,,,,,,,,,,,,,,,,,,,,,,,,,,,,,,,,,,,,
datasets/gov/aaa/ezeru_monitoringas/EzeruValstybinioMonitoringoDuomenys,2f0a2806-13aa-43f1-ad82-f876c900dcd5,ca18714a-b6c2-4623-bdd1-6f3604df3e7c,,Kauno,KAUNO MARIOS,LTL71,Kauno marios,POINT (6084954 505731),2021-04-22,7.9,3.2,3.2,12.5,8.4,2.0,462.0,2.1,0.03,0.011,2.21,2.251,2.87,"<0,015",0.216,10.9,14.0,227,"<0,01","<0,1",<1,<1,2.4,<1,<2,0.15,<30,0.21,<15,"<0,002","<0,003",0.005,0.003,"<0,002","<0,002","<0,003","<0,003",-,"<0,1","<0,1",,,"<0,05","<0,2","<0,2","<0,2","<0,2","<0,1","<0,1","<0,2","<0,2","<0,1","<0,2","<0,005","<0,005","<0,005","<0,005","<0,005","<0,005","<0,005","<0,005","<0,005","<0,004","<0,004","<0,005","<0,005","<0,005","<0,005","<0,05","<0,05","<0,05","<0,05","<0,05","<0,05","<0,05",,"<0,5","<0,5","<0,5","<0,005","<0,005",,"<0,12","<0,005","<0,005","<0,005","<0,005","<0,005","<0,005","<0,005",,,,,,,,,"<0,001","<0,001","<0,001","<0,00005","<0,00005","<0,01","<0,01","<0,01"
datasets/gov/aaa/ezeru_monitoringas/EzeruValstybinioMonitoringoDuomenys,2f0f086d-b47e-4a5c-9119-a3c561f86543,f624615f-09a4-495c-8fb1-0aa7fe0be6f8,,Klaipėdos,Lazdininkų tvenkinys,LTL263,Lazdininkų tvenkinys,POINT (6213336 324740),2019-07-23,19.0,"<1,6",3.3,9.0,8.2,2.1,495.0,2.4,0.023,0.001,"<0,003",0.027,0.25,"<0,005",0.024,,3.17,,,,,,,,,,,,,,,,,,,,,,,,,,,,,,,,,,,,,,,,,,,,,,,,,,,,,,,,,,,,,,,,,,,,,,,,,,,,,,,,,,,,,,,,,
datasets/gov/aaa/ezeru_monitoringas/EzeruValstybinioMonitoringoDuomenys,2f1e5760-0e26-4838-884c-5f4c70218717,cf1fcd85-b1ad-4b89-a82a-958738a79ac3,,Aplinkos apsaugos departamento Šiaulių valdyba,Plinkšių ežeras,LTL434,Plinkšių ež.,,2022-07-14,20.0,2.4,3.4,2.5,8.2,1.6,347.0,2.2,0.055,0.006,0.058,0.119,1.1,0.007,0.028,,7.59,,,,,,,,,,,,,,,,,,,,,,,,,,,,,,,,,,,,,,,,,,,,,,,,,,,,,,,,,,,,,,,,,,,,,,,,,,,,,,,,,,,,,,,,,
datasets/gov/aaa/ezeru_monitoringas/EzeruValstybinioMonitoringoDuomenys,2f2246ac-ea83-4f20-b719-84e7e55f8d44,6d598df3-5469-44f1-949f-bc9cb44f67e5,,Utenos,Dūburys,LTL300,Duburys,POINT (6186218 623677),2019-07-23,21.0,<2,4.6,9.3,8.6,4.6,394.0,1.4,0.02,"<0,001",0.04,0.061,0.24,"<0,002",0.023,,3.6,,,,,,,,,,,,,,,,,,,,,,,,,,,,,,,,,,,,,,,,,,,,,,,,,,,,,,,,,,,,,,,,,,,,,,,,,,,,,,,,,,,,,,,,,
datasets/gov/aaa/ezeru_monitoringas/EzeruValstybinioMonitoringoDuomenys,2f2fa33a-afcc-4b46-9624-6231d8ee489d,7569473d-41f3-4e38-b5c2-e9b3e6f99c79,,Utenos,Išnarai,LTL344,Išnarai,POINT (6114181 602959),2020-05-18,12.2,3.4,3.2,12.8,8.15,1.3,373.0,3.3,0.037,"<0,005",0.183,0.225,0.533,"<0,015",0.015,,6.4,,,,,,,,,,,,,,,,,,,,,,,,,,,,,,,,,,,,,,,,,,,,,,,,,,,,,,,,,,,,,,,,,,,,,,,,,,,,,,,,,,,,,,,,,
datasets/gov/aaa/ezeru_monitoringas/EzeruValstybinioMonitoringoDuomenys,2f4b4712-3186-42eb-ab7d-0cddf987bb38,b4553c66-ebb2-4b35-b4e6-9dc957cfacd0,,Utenos,Smalvykštis,LTL308,Smalvykštis,POINT (6168063 648680),2018-10-10,11.0,<2,2.8,84.545,8.3,2.6,292.0,1.6,0.02,"<0,001",0.04,0.061,0.34,0.002,0.018,,1.4,,,,,,,,,,,,,,,,,,,,,,,,,,,,,,,,,,,,,,,,,,,,,,,,,,,,,,,,,,,,,,,,,,,,,,,,,,,,,,,,,,,,,,,,,
datasets/gov/aaa/ezeru_monitoringas/EzeruValstybinioMonitoringoDuomenys,2f5c3729-4959-41a6-867b-d8d50865542a,e5c0c2eb-0102-4061-863a-2d515f331404,,Utenos RAAD,Žiezdrelis,LTL529,Ziezdrelis,,2022-10-17,10.6,<2,3.4,7.55,8.06,2.8,388.0,1.6,0.12,0.011,0.092,0.223,1.33,"<0,015","<0,015",,2.1,,,,,,,,,,,,,,,,,,,,,,,,,,,,,,,,,,,,,,,,,,,,,,,,,,,,,,,,,,,,,,,,,,,,,,,,,,,,,,,,,,,,,,,,,
datasets/gov/aaa/ezeru_monitoringas/EzeruValstybinioMonitoringoDuomenys,2f64a472-90a1-413f-9608-0d283cd79c5b,65e20872-3223-40a6-90fe-f0eca1c8938c,,Šiaulių,Kairių ežeras,LTL265,Kairių ežeras,POINT (6197781 464163),2019-07-24,23.0,3.8,2.7,7.9,7.1,2.0,461.0,4.1,0.034,0.001,0.008,0.043,0.5,"<0,005",0.032,,4.65,,,,,,,,,,,,,,,,,,,,,,,,,,,,,,,,,,,,,,,,,,,,,,,,,,,,,,,,,,,,,,,,,,,,,,,,,,,,,,,,,,,,,,,,,
datasets/gov/aaa/ezeru_monitoringas/EzeruValstybinioMonitoringoDuomenys,2f6e3141-137b-4a7d-9410-f3b0b5bd310a,749fee60-088f-4a27-a8af-6eeb385c8e95,,Vilniaus,Spėra,LTL114,Spėra,POINT (6087485 557081),2017-09-19,13.7,5.6,2.2,8.1,7.5,0.5,248.0,4.1,0.054,0.007,0.105,0.166,0.95,0.039,0.056,,69.4,,,,,,,,,,,,,,,,,,,,,,,,,,,,,,,,,,,,,,,,,,,,,,,,,,,,,,,,,,,,,,,,,,,,,,,,,,,,,,,,,,,,,,,,,
datasets/gov/aaa/ezeru_monitoringas/EzeruValstybinioMonitoringoDuomenys,2f7cc92d-3c97-4a01-ad9f-443962053839,ccbc30ab-676d-4403-a39d-3165a898d67e,,Utenos,Rūžas,LTL399,Rūžas,POINT (6152597 657313),2017-10-10,9.8,"<1,7",2.7,6.9,8.4,3.8,261.0,1.1,0.05,0.002,0.06,0.112,0.38,0.003,0.012,,15.4,,,,,,,,,,,,,,,,,,,,,,,,,,,,,,,,,,,,,,,,,,,,,,,,,,,,,,,,,,,,,,,,,,,,,,,,,,,,,,,,,,,,,,,,,
datasets/gov/aaa/ezeru_monitoringas/EzeruValstybinioMonitoringoDuomenys,2fd7f691-0030-432b-b18c-8e9fdb7b86a3,ce33cf3e-3148-412d-9542-c824916fcca8,,Alytaus,Lielukas,LTL455,Lielukas,POINT (6027379 544025),2019-05-08,14.3,12,3.1,11.1,8.5,1.6,481.0,4.5,0.03,0.003,0.29,0.323,1.0,0.009,0.054,,12.5,,,,,,,,,,,,,,,,,,,,,,,,,,,,,,,,,,,,,,,,,,,,,,,,,,,,,,,,,,,,,,,,,,,,,,,,,,,,,,,,,,,,,,,,,
datasets/gov/aaa/ezeru_monitoringas/EzeruValstybinioMonitoringoDuomenys,30252db2-c29d-4cc3-afe0-29d2e3a37684,1d4e1744-7417-42e2-874c-1b9edf0f8f77,,Vilniaus,Šventas,LTL522,Šventas,POINT (6123837 641284),2019-07-17,19.1,3.4,4.0,8.7,8.46,1.5,418.0,2.3,0.038,"<0,005",0.03,0.073,0.558,"<0,015",0.022,,8.5,,,,,,,,,,,,,,,,,,,,,,,,,,,,,,,,,,,,,,,,,,,,,,,,,,,,,,,,,,,,,,,,,,,,,,,,,,,,,,,,,,,,,,,,,
datasets/gov/aaa/ezeru_monitoringas/EzeruValstybinioMonitoringoDuomenys,30496f48-d97e-441f-a976-1fb19886f169,b7258a07-7fc7-4686-88b6-b3e37f885736,,Klaipėdos,Kernų tvenkinys,LTL261,Kernų tvenkinys,POINT (6236006 345893),2018-04-26,11.0,3.9,1.6,,7.9,1.2,500.0,6,0.03,0.013,0.89,0.933,1.9,"<0,005",0.058,,9.81,,,,,,,,,,,,,,,,,,,,,,,,,,,,,,,,,,,,,,,,,,,,,,,,,,,,,,,,,,,,,,,,,,,,,,,,,,,,,,,,,,,,,,,,,
datasets/gov/aaa/ezeru_monitoringas/EzeruValstybinioMonitoringoDuomenys,3071f2a5-3832-45a2-9dc1-90141940b544,2ea44b49-c6e9-4c37-b249-7cf28054ce11,,Vilniaus,Kančioginas,LTL386,Kančioginas,POINT (6122858 648752),2018-09-20,18.0,2.1,3.4,86.915,8.17,2.9,346.0,1.2,0.032,"<0,004",0.057,0.093,0.464,"<0,014",0.023,,7.1,,,,,,,,,,,,,,,,,,,,,,,,,,,,,,,,,,,,,,,,,,,,,,,,,,,,,,,,,,,,,,,,,,,,,,,,,,,,,,,,,,,,,,,,,
datasets/gov/aaa/ezeru_monitoringas/EzeruValstybinioMonitoringoDuomenys,3076435d-786d-45dd-9b3f-20768e9e0da7,b9e1ca48-14c0-4232-9750-bd0f2e9dcbe4,,Vilniaus,Žirnajai,LTL154,Žirnajai,POINT (6109520 547965),2019-08-26,22.4,2.8,2.7,10.5,8.71,2.1,334.0,1.3,0.016,"<0,005",0.048,0.069,0.616,"<0,015","<0,015",,6.9,,,,,,,,,,,,,,,,,,,,,,,,,,,,,,,,,,,,,,,,,,,,,,,,,,,,,,,,,,,,,,,,,,,,,,,,,,,,,,,,,,,,,,,,,
datasets/gov/aaa/ezeru_monitoringas/EzeruValstybinioMonitoringoDuomenys,3078cb1e-d8e9-41e7-889a-a10dfc0c9e89,fc942a64-a76a-48fc-8b84-6ae1a79350e8,,Klaipėdos,Paršežeris,LTL436,Paršežeris,POINT (6169161 392511),2019-08-19,22.0,6.7,2.7,8.9,7.9,0.85,256.0,3.6,0.046,0.002,0.023,0.071,1.3,"<0,005",0.055,,37.0,,,,,,,,,,,,,,,,,,,,,,,,,,,,,,,,,,,,,,,,,,,,,,,,,,,,,,,,,,,,,,,,,,,,,,,,,,,,,,,,,,,,,,,,,
datasets/gov/aaa/ezeru_monitoringas/EzeruValstybinioMonitoringoDuomenys,30821d95-8cb8-4394-acc2-7a15da14ba2f,4285b019-9099-41f4-afc0-22a8175c94fc,,Aplinkos apsaugos departamento Šiaulių valdyba,Bijotė,LTL259,Bijotė,,2022-09-20,15.0,2,3.2,8.4,7.9,1.8,309.0,0.82,0.027,0.001,0.005,0.033,0.56,"<0,006",0.015,,56.24,,,,,,,,,,,,,,,,,,,,,,,,,,,,,,,,,,,,,,,,,,,,,,,,,,,,,,,,,,,,,,,,,,,,,,,,,,,,,,,,,,,,,,,,,
datasets/gov/aaa/ezeru_monitoringas/EzeruValstybinioMonitoringoDuomenys,30aadf20-5414-44d7-9732-94201f92940d,bd2af9f6-df31-4aa3-9c6b-e756515b3698,,Alytaus,Veisiejis,LTL237,Veisiejis,POINT (5992922 473385),2017-09-20,15.5,8,1.7,8.5,8.1,2.0,396.0,4.1,0.1,0.005,0.06,0.165,0.7,0.018,0.086,,18.6,,,,,,,,,,,,,,,,,,,,,,,,,,,,,,,,,,,,,,,,,,,,,,,,,,,,,,,,,,,,,,,,,,,,,,,,,,,,,,,,,,,,,,,,,
datasets/gov/aaa/ezeru_monitoringas/EzeruValstybinioMonitoringoDuomenys,30b4a6c1-84e9-42a8-9bc5-abaac94a09bd,75c1afcf-cff9-4bd5-b596-cfbf9377be7a,,Alytaus,Akmenių ežeras,LTL516,Akmenių ežeras,POINT (6003300 466571),2017-07-25,22.6,7,4.3,10.8,8.7,1.6,447.0,4.6,0.03,0.002,0.13,0.162,1.1,0.009,0.035,,18.7,,,,,,,,,,,,,,,,,,,,,,,,,,,,,,,,,,,,,,,,,,,,,,,,,,,,,,,,,,,,,,,,,,,,,,,,,,,,,,,,,,,,,,,,,
datasets/gov/aaa/ezeru_monitoringas/EzeruValstybinioMonitoringoDuomenys,30d2cf0e-687d-42f9-86b7-29123091de5d,0bcb8aed-d5d0-4bee-a580-5f59daf99aa6,,Vilniaus,Luka,LTL468,Luka,POINT (6056543 560787),2020-05-05,11.2,"<1,9",2.1,12.01,8.45,3.6,346.0,1.5,"<0,015","<0,005",0.018,0.038,0.277,"<0,015",0.021,,5.0,,,,,,,,,,,,,,,,,,,,,,,,,,,,,,,,,,,,,,,,,,,,,,,,,,,,,,,,,,,,,,,,,,,,,,,,,,,,,,,,,,,,,,,,,
datasets/gov/aaa/ezeru_monitoringas/EzeruValstybinioMonitoringoDuomenys,30dd9b88-eb82-4c8d-b1f3-818d7817ac17,567764fb-e968-4a0a-a15a-6f88c705e343,,Alytaus,Ūdrijos ežeras,LTL511,Ūdrijos ežeras,POINT (6033214 490256),2017-08-16,22.5,22,1.7,15.8,9.1,0.4,478.0,5.8,0.04,0.004,0.07,0.114,1.8,0.022,0.15,,21.3,,,,,,,,,,,,,,,,,,,,,,,,,,,,,,,,,,,,,,,,,,,,,,,,,,,,,,,,,,,,,,,,,,,,,,,,,,,,,,,,,,,,,,,,,
datasets/gov/aaa/ezeru_monitoringas/EzeruValstybinioMonitoringoDuomenys,31693200-f9eb-48ff-bebd-71785f0aeb84,d67bc2c9-2ec3-40fb-acc1-446156481159,,Vilniaus,Gelvanės ežeras,LTL520,Gelvanės ežeras,POINT (6101212 550083),2020-05-19,12.0,6.3,3.4,10.4,8.72,1.0,350.0,5.5,0.074,0.015,0.138,0.227,0.167,"<0,015",0.028,,29.6,,,,,,,,,,,,,,,,,,,,,,,,,,,,,,,,,,,,,,,,,,,,,,,,,,,,,,,,,,,,,,,,,,,,,,,,,,,,,,,,,,,,,,,,,
datasets/gov/aaa/ezeru_monitoringas/EzeruValstybinioMonitoringoDuomenys,317fdc7c-a936-4057-889a-6c614aa7cede,473b88d1-c2de-4eaa-b30e-8350f69a70c2,,Šiaulių,Platelių ežeras,LTL34,Plateliai,POINT (6214390 366955),2020-09-23,16.0,"<1,6",1.6,8.8,8.2,7.0,174.0,0.84,0.031,"<0,001",0.006,0.038,0.57,"<0,005",0.01,,2.66,,,,,,,,,,,,,,,,,,,,,,,,,,,,,,,,,,,,,,,,,,,,,,,,,,,,,,,,,,,,,,,,,,,,,,,,,,,,,,,,,,,,,,,,,
datasets/gov/aaa/ezeru_monitoringas/EzeruValstybinioMonitoringoDuomenys,318f5ae8-2cf1-4843-9b8a-0b26b3796771,ded44eda-40bb-48e2-8cbf-7473311a8bcc,,Alytaus,Sausvingis,LTL378,Sausvingis,POINT (6017605 512931),2018-09-21,19.8,7,3.1,91.611,8.4,4.4,360.0,2.3,0.03,0.002,0.12,0.152,0.9,0.011,0.03,,6.9,,,,,,,,,,,,,,,,,,,,,,,,,,,,,,,,,,,,,,,,,,,,,,,,,,,,,,,,,,,,,,,,,,,,,,,,,,,,,,,,,,,,,,,,,
datasets/gov/aaa/ezeru_monitoringas/EzeruValstybinioMonitoringoDuomenys,31ea6883-5332-4fc1-8542-c6f13cde237e,de8f37ce-a370-4366-ae07-8da8bc53c788,,Marijampolės,Paežerių ežeras,LTL246,Paežerių ež.,POINT (6057176 434711),2020-09-24,16.6,5.5,3.4,10.0,8.6,2.2,446.0,2.6,0.02,0.003,0.15,0.173,0.6,0.031,0.081,,7.5,,,,,,,,,,,,,,,,,,,,,,,,,,,,,,,,,,,,,,,,,,,,,,,,,,,,,,,,,,,,,,,,,,,,,,,,,,,,,,,,,,,,,,,,,
datasets/gov/aaa/ezeru_monitoringas/EzeruValstybinioMonitoringoDuomenys,31f42510-7533-47af-bcab-0ec56610cee3,896c7a2d-087e-4e71-9f50-8e817ddbec30,,Vilniaus,Aukštadvario HE tvenkinys(ež.Baluosis ež.Sienis),LTL110,Aukštadvario HE tvenkinys,POINT (6048892 535009),2018-07-30,25.9,<2,2.7,108.209,8.37,3.9,340.0,0.9,"<0,01","<0,004",0.027,0.041,0.072,"<0,014",0.015,,5.2,,,,,,,,,,,,,,,,,,,,,,,,,,,,,,,,,,,,,,,,,,,,,,,,,,,,,,,,,,,,,,,,,,,,,,,,,,,,,,,,,,,,,,,,,
datasets/gov/aaa/ezeru_monitoringas/EzeruValstybinioMonitoringoDuomenys,31fbacf7-40e1-4882-9221-b0db924dea1d,0a731097-c8d8-407d-9a33-e5a441487d9a,,Panevėžio RAAD,Notigalė,LTL147,Notigalė,,2022-07-25,22.5,8.7,"<0,06",8.4,5.2,0.7,19.8,3.7,0.02,0.002,0.19,0.212,0.66,0.043,0.071,,17.7,,,,,,,,,,,,,,,,,,,,,,,,,,,,,,,,,,,,,,,,,,,,,,,,,,,,,,,,,,,,,,,,,,,,,,,,,,,,,,,,,,,,,,,,,
datasets/gov/aaa/ezeru_monitoringas/EzeruValstybinioMonitoringoDuomenys,3202797f-735a-4716-95ad-22d8664f748c,56ed58b7-be88-47f5-b288-5eee88128085,,Aplinkos apsaugos departamento Šiaulių valdyba,Juodeikių tvenkinys,LTL268,Juodeikių,,2022-09-27,15.0,3.5,4.2,7.4,8.0,2.1,400.0,1.3,0.022,0.002,0.013,0.037,0.69,"<0,006",0.033,,20.72,,,,,,,,,,,,,,,,,,,,,,,,,,,,,,,,,,,,,,,,,,,,,,,,,,,,,,,,,,,,,,,,,,,,,,,,,,,,,,,,,,,,,,,,,
datasets/gov/aaa/ezeru_monitoringas/EzeruValstybinioMonitoringoDuomenys,321eb7dd-efc5-4c02-bdbd-46b6d10a117f,3297af8c-c43e-4acd-9659-901dd2dd31a8,,Utenos,Alnis,LTL65,Alnis,POINT (6127535 606156),2020-07-13,20.7,<2,1.6,9.1,8.8,5.3,148.0,1.3,"<0,014","<0,001",0.01,0.025,0.49,"<0,002",0.009,,3.0,,,,,,,,,,,,,,,,,,,,,,,,,,,,,,,,,,,,,,,,,,,,,,,,,,,,,,,,,,,,,,,,,,,,,,,,,,,,,,,,,,,,,,,,,
datasets/gov/aaa/ezeru_monitoringas/EzeruValstybinioMonitoringoDuomenys,3220a6ac-8105-4634-960e-6ee727904b3b,c835dfe3-3bb0-45ca-ab84-772dc72d71ac,,Panevėžio,Skaistė,LTL385,Skaistė,POINT (6214826 584859),2017-08-31,18.2,"<1,7",3.3,8.7,8.6,3.3,317.0,1.8,"<0,014","<0,001",0.05,0.065,0.6,0.025,0.084,,4.2,,,,,,,,,,,,,,,,,,,,,,,,,,,,,,,,,,,,,,,,,,,,,,,,,,,,,,,,,,,,,,,,,,,,,,,,,,,,,,,,,,,,,,,,,
datasets/gov/aaa/ezeru_monitoringas/EzeruValstybinioMonitoringoDuomenys,32234091-6e4b-49e3-b5bd-58e7b0987675,9cafd959-b636-4819-9f47-4e0576cec11b,,Vilniaus,Šventas,LTL522,Šventas,POINT (6123837 641284),2019-08-19,21.5,3,3.8,8.6,8.24,1.1,413.0,2.8,0.046,"<0,005",0.042,0.093,0.292,"<0,015",0.032,,5.5,,,,,,,,,,,,,,,,,,,,,,,,,,,,,,,,,,,,,,,,,,,,,,,,,,,,,,,,,,,,,,,,,,,,,,,,,,,,,,,,,,,,,,,,,
datasets/gov/aaa/ezeru_monitoringas/EzeruValstybinioMonitoringoDuomenys,323bfb98-2e16-4d97-8401-2742f7eb131c,92875262-1cbc-4c6f-8c12-659ec10099c7,,Vilniaus RAAD,Mažasai Siaurys,LTL352,Mažasai Siaurys,,2022-07-27,23.0,<2,0.7,8.9,8.56,4.8,72.0,1.6,0.029,"<0,005",0.039,0.073,0.436,"<0,015",0.029,,3.5,,,,,,,,,,,,,,,,,,,,,,,,,,,,,,,,,,,,,,,,,,,,,,,,,,,,,,,,,,,,,,,,,,,,,,,,,,,,,,,,,,,,,,,,,
datasets/gov/aaa/ezeru_monitoringas/EzeruValstybinioMonitoringoDuomenys,3253f68a-831d-493d-a8cb-f7c6c67e8a82,6687fcd0-afd9-4145-9b92-d4fd0659a91c,,Šiaulių,Dvariukų tvenkinys,LTL403,Dvariukų tvenkinys,POINT (6215124 503814),2019-07-25,23.0,5.2,5.1,6.6,7.8,2.6,820.0,3.8,0.061,0.004,0.016,0.081,1.2,0.11,0.18,,9.32,,,,,,,,,,,,,,,,,,,,,,,,,,,,,,,,,,,,,,,,,,,,,,,,,,,,,,,,,,,,,,,,,,,,,,,,,,,,,,,,,,,,,,,,,
datasets/gov/aaa/ezeru_monitoringas/EzeruValstybinioMonitoringoDuomenys,32ba78ab-b1d1-45b6-96ea-f5d8f02264b0,11abc5f8-5a19-42e5-a844-a634d3a07998,,Alytaus,Vernijis,LTL393,Vernijis,POINT (5998083 480687),2018-08-20,23.9,6,3.1,102.994,8.4,3.3,432.0,3.5,0.04,0.003,0.04,0.083,0.9,0.027,0.084,,8.6,,,,,,,,,,,,,,,,,,,,,,,,,,,,,,,,,,,,,,,,,,,,,,,,,,,,,,,,,,,,,,,,,,,,,,,,,,,,,,,,,,,,,,,,,
datasets/gov/aaa/ezeru_monitoringas/EzeruValstybinioMonitoringoDuomenys,32cdd335-a9ed-4a3b-806e-973e5b3c3bae,c416f032-a2c6-4895-a6b2-f1c2c4f13498,,Utenos,Zalvas,LTL523,Zalvas,POINT (6169360 632093),2020-10-20,11.4,<2,2.7,8.5,8.2,7.8,269.0,0.92,"<0,014",0.002,0.04,0.056,0.23,"<0,002","<0,0081",,2.0,,,,,,,,,,,,,,,,,,,,,,,,,,,,,,,,,,,,,,,,,,,,,,,,,,,,,,,,,,,,,,,,,,,,,,,,,,,,,,,,,,,,,,,,,
datasets/gov/aaa/ezeru_monitoringas/EzeruValstybinioMonitoringoDuomenys,32e7df67-91d3-44c9-a465-dd794d3ba216,4ae76955-3db6-43eb-b5de-fc4c79453e6c,,Vilniaus,Nestrėvantys,LTL535,Nestrėvantys,POINT (6057805 543596),2017-05-24,18.6,2.4,3.9,9.7,8.53,2.6,411.0,2.5,0.029,"<0,004","<0,016",0.049,0.338,"<0,014",0.042,,15.0,,,,,,,,,,,,,,,,,,,,,,,,,,,,,,,,,,,,,,,,,,,,,,,,,,,,,,,,,,,,,,,,,,,,,,,,,,,,,,,,,,,,,,,,,
datasets/gov/aaa/ezeru_monitoringas/EzeruValstybinioMonitoringoDuomenys,32f13411-c241-46c8-ac9a-fcd386d23f95,10c2b644-86a2-4b8a-ad25-d1ef8e572440,,Utenos,Šiurpys,LTL311,Šiurpys,POINT (6169946 635569),2017-10-16,11.7,"<1,7",0.99,5.4,8.2,8.8,91.0,1.4,0.1,"<0,001",0.02,0.121,0.75,"<0,002",0.0084,,5.21,,,,,,,,,,,,,,,,,,,,,,,,,,,,,,,,,,,,,,,,,,,,,,,,,,,,,,,,,,,,,,,,,,,,,,,,,,,,,,,,,,,,,,,,,
datasets/gov/aaa/ezeru_monitoringas/EzeruValstybinioMonitoringoDuomenys,333aef1c-c907-4bf8-8a79-306096645085,b2e62bd3-16ac-402a-90d3-b0a8b947f06e,,Utenos,Šventas,LTL39,Šventas,POINT (6166706 644760),2018-04-17,7.2,<2,0.93,98.51,8.3,8.4,92.0,2.3,0.1,0.001,0.09,0.191,0.3,0.005,"<0,0083",,2.84,,,,,,,,,,,,,,,,,,,,,,,,,,,,,,,,,,,,,,,,,,,,,,,,,,,,,,,,,,,,,,,,,,,,,,,,,,,,,,,,,,,,,,,,,
datasets/gov/aaa/ezeru_monitoringas/EzeruValstybinioMonitoringoDuomenys,335d8b98-f36a-454c-9b08-19dd88185db2,71966022-38db-4082-bb06-953799aec9df,,Utenos,Alnis,LTL65,Alnis,POINT (6127535 606156),2020-06-16,19.1,<2,1.8,10.4,8.3,8.5,156.0,0.9,0.03,"<0,001",0.04,0.071,0.49,"<0,002","<0,0081",,2.7,,,,,,,,,,,,,,,,,,,,,,,,,,,,,,,,,,,,,,,,,,,,,,,,,,,,,,,,,,,,,,,,,,,,,,,,,,,,,,,,,,,,,,,,,
datasets/gov/aaa/ezeru_monitoringas/EzeruValstybinioMonitoringoDuomenys,338b7bb4-4dc4-467a-8fb4-d002a6774ea3,cdf49840-672e-44e2-9a84-cdd540421435,,Utenos RAAD,Šiurpys,LTL311,Šiurpys,,2022-04-25,9.2,<2,1,11.5,8.0,7.2,110.0,1.6,0.12,0.002,0.05,0.172,0.86,0.003,"<0,0081",,2.1,,,,,,,,,,,,,,,,,,,,,,,,,,,,,,,,,,,,,,,,,,,,,,,,,,,,,,,,,,,,,,,,,,,,,,,,,,,,,,,,,,,,,,,,,
datasets/gov/aaa/ezeru_monitoringas/EzeruValstybinioMonitoringoDuomenys,33a5c8e0-31d3-47ad-ad7b-c865ff840131,972655ca-42a2-446f-ad53-e81d0ba416f8,,Utenos,Šventas,LTL39,Šventas,POINT (6166706 644760),2017-08-16,21.5,3,1,9.1,9.3,5.6,92.0,1.0,"<0,014","<0,001",0.04,0.055,0.43,0.002,0.0084,,10.9,,,,,,,,,,,,,,,,,,,,,,,,,,,,,,,,,,,,,,,,,,,,,,,,,,,,,,,,,,,,,,,,,,,,,,,,,,,,,,,,,,,,,,,,,
datasets/gov/aaa/ezeru_monitoringas/EzeruValstybinioMonitoringoDuomenys,33bafd3a-70fb-42bd-b572-620ff99fb21d,33d3a60c-a093-4a13-912e-a1aa51bafa16,,Panevėžio,Beičių tvenkinys,LTL524,Beičių tvenkinys,POINT (6192057 600805),2018-07-19,23.2,<2,3.9,33.097,7.9,1.6,367.0,3.3,0.05,"<0,001",0.11,0.161,0.47,0.083,0.17,,5.8,,,,,,,,,,,,,,,,,,,,,,,,,,,,,,,,,,,,,,,,,,,,,,,,,,,,,,,,,,,,,,,,,,,,,,,,,,,,,,,,,,,,,,,,,
datasets/gov/aaa/ezeru_monitoringas/EzeruValstybinioMonitoringoDuomenys,33bd7eb1-0277-431d-8295-cca170df2afd,4ff00c0e-3ead-4cd2-9791-a628ad46203e,,Utenos,Šiurpys,LTL311,Šiurpys,POINT (6169946 635569),2018-04-19,8.3,<2,0.96,85.957,8.1,8.8,93.0,1.8,0.18,0.002,0.05,0.232,0.48,"<0,002","<0,0083",,2.84,,,,,,,,,,,,,,,,,,,,,,,,,,,,,,,,,,,,,,,,,,,,,,,,,,,,,,,,,,,,,,,,,,,,,,,,,,,,,,,,,,,,,,,,,
datasets/gov/aaa/ezeru_monitoringas/EzeruValstybinioMonitoringoDuomenys,33d2a212-a378-45cd-8fc8-bc3150f4fc19,42ea0fbe-05ea-4075-8990-e421e3f463c1,,Utenos RAAD,Auslas,LTL303,Auslas,,2022-08-16,23.8,<2,2.4,8.5,8.2,4.3,253.0,2.2,0.02,0.001,0.05,0.071,0.55,"<0,002",0.01,,21.5,,,,,,,,,,,,,,,,,,,,,,,,,,,,,,,,,,,,,,,,,,,,,,,,,,,,,,,,,,,,,,,,,,,,,,,,,,,,,,,,,,,,,,,,,
datasets/gov/aaa/ezeru_monitoringas/EzeruValstybinioMonitoringoDuomenys,33d73623-32b5-4ce3-b157-f786bdf286b7,a03809ea-2080-43bf-bcb9-c7a07183bc26,,Alytaus,Pabezninkų ežeras,LTL375,Pabezninkų ež.,POINT (6023828 537110),2019-08-23,21.0,14,2.8,9.2,6.5,0.6,48.0,1.6,0.03,0.001,0.24,0.271,1.5,0.011,0.068,,31.9,,,,,,,,,,,,,,,,,,,,,,,,,,,,,,,,,,,,,,,,,,,,,,,,,,,,,,,,,,,,,,,,,,,,,,,,,,,,,,,,,,,,,,,,,
datasets/gov/aaa/ezeru_monitoringas/EzeruValstybinioMonitoringoDuomenys,33e59f75-ed21-4a10-ac9c-3e42b37819a8,0f4b94f7-294a-4e75-a54a-eae17dac64bd,,Utenos,Spenglas,LTL173,Spenglas,POINT (6101954 612176),2019-08-27,23.4,26,2.3,12.0,8.91,0.3,252.0,5.5,0.023,0.007,0.09,0.12,1.42,"<0,015",0.02,,60.6,,,,,,,,,,,,,,,,,,,,,,,,,,,,,,,,,,,,,,,,,,,,,,,,,,,,,,,,,,,,,,,,,,,,,,,,,,,,,,,,,,,,,,,,,
datasets/gov/aaa/ezeru_monitoringas/EzeruValstybinioMonitoringoDuomenys,33ec5708-8caf-4c42-b4ff-55bda5af83b0,533d7b61-02b1-44e2-8f49-5a01e2caa4db,,Panevėžio,Skaistė,LTL385,Skaistė,POINT (6214826 584859),2017-09-28,13.9,"<1,7",3.4,8.0,8.5,2.6,318.0,1.9,0.05,0.002,0.07,0.122,1.1,0.006,0.042,,1.0,,,,,,,,,,,,,,,,,,,,,,,,,,,,,,,,,,,,,,,,,,,,,,,,,,,,,,,,,,,,,,,,,,,,,,,,,,,,,,,,,,,,,,,,,
datasets/gov/aaa/ezeru_monitoringas/EzeruValstybinioMonitoringoDuomenys,343b691b-90d2-4d58-885c-34874a350f21,4eb42710-2493-4262-b63e-030cab7af8ae,,Alytaus,Ančia,LTL195,Ančia,POINT (5994964 479239),2020-08-18,23.1,2,2.8,8.9,8.3,3.9,352.0,2,0.01,0.001,0.03,0.5,0.041,0.007,0.033,,2.4,,,,,,,,,,,,,,,,,,,,,,,,,,,,,,,,,,,,,,,,,,,,,,,,,,,,,,,,,,,,,,,,,,,,,,,,,,,,,,,,,,,,,,,,,
datasets/gov/aaa/ezeru_monitoringas/EzeruValstybinioMonitoringoDuomenys,3454f673-61d9-4d9c-8e80-5206593cf5b0,97f63f0a-3237-40a7-9617-a519a7e8a323,,Vilniaus,Antakmenių ežeras,LTL115,Antakmenių ežeras,POINT (6052356 536423),2017-05-04,10.8,2.7,2.8,12.9,8.44,1.1,296.0,2.9,"<0,01",0.008,0.915,0.933,1.76,"<0,014","<0,014",,13.0,,,,,,,,,,,,,,,,,,,,,,,,,,,,,,,,,,,,,,,,,,,,,,,,,,,,,,,,,,,,,,,,,,,,,,,,,,,,,,,,,,,,,,,,,
datasets/gov/aaa/ezeru_monitoringas/EzeruValstybinioMonitoringoDuomenys,3467ed2f-0ad4-4ee6-9fe1-fab7383d8e0e,7d335148-7dcf-4870-8c27-ab495d0df0f6,,Marijampolės,Stebuliškių tvenkinys,LTL542,Stebuliškių tvenkinys,POINT (6038735 456571),2017-07-27,19.9,5.8,6,7.8,8.15,0.8,756.0,5.6,0.12,0.044,0.23,0.394,1.1,0.012,0.096,,3.8,,,,,,,,,,,,,,,,,,,,,,,,,,,,,,,,,,,,,,,,,,,,,,,,,,,,,,,,,,,,,,,,,,,,,,,,,,,,,,,,,,,,,,,,,
datasets/gov/aaa/ezeru_monitoringas/EzeruValstybinioMonitoringoDuomenys,3499fada-5152-4c55-8b2b-9a9b6f8b2685,a2329a15-0011-4bf6-b293-a607aca01238,,Kauno,KAUNO MARIOS,LTL71,Kauno marios,POINT (6084954 505731),2020-08-17,23.0,7.7,3.4,11.2,8.95,1.5,400.0,4.4,0.016,"<0,005",0.04,0.061,0.133,0.111,0.155,,35.3,,,,,,,,,,,,,,,,,,,,,,,,,,,,,,,,,,,,,,,,,,,,,,,,,,,,,,,,,,,,,,,,,,,,,,,,,,,,,,,,,,,,,,,,,
datasets/gov/aaa/ezeru_monitoringas/EzeruValstybinioMonitoringoDuomenys,34cba881-7c22-45c4-9630-9a8d03582ed2,c4293549-bbf2-4731-abb8-5ffdf59a2c43,,Panevėžio RAAD,Notigalė,LTL147,Notigalė,,2022-08-22,23.3,<2,"<0,06",7.4,5.2,0.7,20.0,2.5,0.03,0.002,0.2,0.232,0.44,0.034,0.074,,8.0,,,,,,,,,,,,,,,,,,,,,,,,,,,,,,,,,,,,,,,,,,,,,,,,,,,,,,,,,,,,,,,,,,,,,,,,,,,,,,,,,,,,,,,,,
datasets/gov/aaa/ezeru_monitoringas/EzeruValstybinioMonitoringoDuomenys,34fbeeca-e15b-494a-bc3c-a46fe39649a9,f7a8cb2c-02a4-4e0d-821e-274e66318995,,Šiaulių,Paežerių ežeras,LTL461,Paežerių,POINT (6202156 424935),2021-09-22,12.0,7.8,3.9,8.5,8.3,0.9,395.0,2.8,0.007,0.002,0.009,0.018,0.95,"<0,006",0.044,,22.2,,,,,,,,,,,,,,,,,,,,,,,,,,,,,,,,,,,,,,,,,,,,,,,,,,,,,,,,,,,,,,,,,,,,,,,,,,,,,,,,,,,,,,,,,
datasets/gov/aaa/ezeru_monitoringas/EzeruValstybinioMonitoringoDuomenys,35132c93-cb2f-419b-89ec-d93a3b0d794b,7c6e6f51-91ae-44f3-814c-49783a2b8232,,Utenos,Paštys,LTL293,Paštys,POINT (6176255 606702),2021-08-31,17.6,3.6,3.9,7.3,8.0,3.3,360.0,2.1,0.03,0.003,0.05,0.083,0.72,0.004,0.035,,9.21,,,,,,,,,,,,,,,,,,,,,,,,,,,,,,,,,,,,,,,,,,,,,,,,,,,,,,,,,,,,,,,,,,,,,,,,,,,,,,,,,,,,,,,,,
datasets/gov/aaa/ezeru_monitoringas/EzeruValstybinioMonitoringoDuomenys,3534105c-c914-4f8e-8e67-052ae7d805f1,d1d1971c-fb9f-42f3-8a22-ef0b240b078a,,Utenos,Linkmenas,LTL330,Linkmenas,POINT (6138980 626413),2021-07-22,25.0,<2,2.9,8.1,8.3,4.7,265.0,2.5,0.02,"<0,001",0.03,0.051,0.54,0.003,0.013,,6.1,,,,,,,,,,,,,,,,,,,,,,,,,,,,,,,,,,,,,,,,,,,,,,,,,,,,,,,,,,,,,,,,,,,,,,,,,,,,,,,,,,,,,,,,,
datasets/gov/aaa/ezeru_monitoringas/EzeruValstybinioMonitoringoDuomenys,3568aa4c-8220-4d67-9478-4ec1a4318bf8,b90e9eb8-1265-4319-bbbf-6aa7f4bffece,,Utenos RAAD,Lamėstas,LTL444,Lamėstas,,2022-07-25,22.8,6.2,3.5,10.3,8.59,2.3,379.0,3.5,0.02,0.005,0.095,0.12,0.886,"<0,015",0.023,,17.8,,,,,,,,,,,,,,,,,,,,,,,,,,,,,,,,,,,,,,,,,,,,,,,,,,,,,,,,,,,,,,,,,,,,,,,,,,,,,,,,,,,,,,,,,
datasets/gov/aaa/ezeru_monitoringas/EzeruValstybinioMonitoringoDuomenys,35dc5d91-9b73-462d-a9f4-643cc24f66c6,5e481f03-53e3-4b2d-81df-ca9475b99443,,Utenos RAAD,Lamėstas,LTL444,Lamėstas,,2022-05-12,14.1,10,3.6,10.5,8.8,1.2,342.0,3.6,0.055,0.021,1.1,1.176,1.58,"<0,015",0.066,,190.0,,,,,,,,,,,,,,,,,,,,,,,,,,,,,,,,,,,,,,,,,,,,,,,,,,,,,,,,,,,,,,,,,,,,,,,,,,,,,,,,,,,,,,,,,
datasets/gov/aaa/ezeru_monitoringas/EzeruValstybinioMonitoringoDuomenys,35e7755e-5bb0-4067-91c2-c79f820ec812,51ecaf51-e175-41f4-a4b4-2235b393362a,,Alytaus RAAD,Guostus,LTL454,Guostus,,2022-09-30,13.3,3,2.4,9.2,8.8,2.9,277.0,2.3,0.03,0.003,0.12,0.153,0.75,0.007,0.033,,8.9,,,,,,,,,,,,,,,,,,,,,,,,,,,,,,,,,,,,,,,,,,,,,,,,,,,,,,,,,,,,,,,,,,,,,,,,,,,,,,,,,,,,,,,,,
datasets/gov/aaa/ezeru_monitoringas/EzeruValstybinioMonitoringoDuomenys,35eeef73-fcca-404f-ac45-4a7f4a668714,c439812b-c1b3-4865-a30a-9198f2a35c06,,Utenos,Šiurpys,LTL311,Šiurpys,POINT (6169946 635569),2018-10-18,11.5,<2,1.0,93.836,7.8,8,97.0,0.92,0.08,"<0,001",0.02,0.101,0.55,"<0,002","<0,0083",,0.3,,,,,,,,,,,,,,,,,,,,,,,,,,,,,,,,,,,,,,,,,,,,,,,,,,,,,,,,,,,,,,,,,,,,,,,,,,,,,,,,,,,,,,,,,
datasets/gov/aaa/ezeru_monitoringas/EzeruValstybinioMonitoringoDuomenys,36166921-cac4-4a1b-b03a-ae7ef4584d39,8843c93c-b50c-4240-afa3-8d2c50047fb8,,Klaipėdos,Padvarių tvenkinys,LTL257,Padvarių tvenkinys,POINT (6203287 328598),2021-09-21,14.0,8.8,4.0,8.2,8.6,0.8,384.0,2.4,0.04,0.031,0.95,1.021,1.9,"<0,006",0.056,,29.9,,,,,,,,,,,,,,,,,,,,,,,,,,,,,,,,,,,,,,,,,,,,,,,,,,,,,,,,,,,,,,,,,,,,,,,,,,,,,,,,,,,,,,,,,
datasets/gov/aaa/ezeru_monitoringas/EzeruValstybinioMonitoringoDuomenys,363b5b03-38db-40fa-b2e0-b6fd4a1369af,e5ee17b6-6667-4ee2-9821-c1834e099d0d,,Vilniaus,Bartkuškio tvenkinys,LTL128,Bartkuškio tvenkinys,POINT (6088672 560436),2019-10-10,9.4,11,5.1,8.3,8.14,2.2,531.0,0.6,0.08,0.007,0.099,0.186,0.306,"<0,015",0.02,,2.4,,,,,,,,,,,,,,,,,,,,,,,,,,,,,,,,,,,,,,,,,,,,,,,,,,,,,,,,,,,,,,,,,,,,,,,,,,,,,,,,,,,,,,,,,
datasets/gov/aaa/ezeru_monitoringas/EzeruValstybinioMonitoringoDuomenys,3695c8af-d8ff-4e77-9c07-515a9cdddb50,52ce20e2-2e1e-4f37-bce1-da23b0fcd7df,,Utenos,Šiurpys,LTL311,Šiurpys,POINT (6169946 635569),2017-01-18,0.6,"<1,7",1.1,13.1,8.3,6.3,124.0,2.0,0.2,0.002,0.05,0.252,0.73,"<0,002","<0,0083",,5.7,,,,,,,,,,,,,,,,,,,,,,,,,,,,,,,,,,,,,,,,,,,,,,,,,,,,,,,,,,,,,,,,,,,,,,,,,,,,,,,,,,,,,,,,,
datasets/gov/aaa/ezeru_monitoringas/EzeruValstybinioMonitoringoDuomenys,36c16d5f-9a8c-4eba-985d-ac92d16e8c53,fff002fc-9b05-4598-9a11-16998b450bff,,Šiaulių,Mastis,LTL435,Mastis,POINT (6205996 390736),2017-07-27,20.0,14,3.3,5.6,8.0,1.1,414.0,5.7,0.071,0.005,0.004,0.08,1.5,0.055,0.17,,23.7,,,,,,,,,,,,,,,,,,,,,,,,,,,,,,,,,,,,,,,,,,,,,,,,,,,,,,,,,,,,,,,,,,,,,,,,,,,,,,,,,,,,,,,,,
datasets/gov/aaa/ezeru_monitoringas/EzeruValstybinioMonitoringoDuomenys,36d81484-b9d3-4556-bc28-4cda65b93d63,8e5fc2a6-ec19-4306-98ae-cf4f3659a649,,Utenos,Grabuostas,LTL360,Grabuostas,POINT (6114414 584709),2020-07-23,20.7,4.5,2.5,9.1,8.58,1.5,272.0,3.4,"<0,015","<0,005",0.03,0.05,0.58,"<0,015",0.017,,18.9,,,,,,,,,,,,,,,,,,,,,,,,,,,,,,,,,,,,,,,,,,,,,,,,,,,,,,,,,,,,,,,,,,,,,,,,,,,,,,,,,,,,,,,,,
datasets/gov/aaa/ezeru_monitoringas/EzeruValstybinioMonitoringoDuomenys,36dc59f6-1244-47b4-a151-626612389f6c,5c87bfff-bbea-404a-949a-a15a5a44f22c,,Aplinkos apsaugos departamento Šiaulių valdyba,Arimaičių ežeras,LTL266,Arimaičių ež.,,2022-07-21,21.0,22,4,6.0,8.0,0.73,468.0,5.5,0.075,0.018,0.5,0.593,0.9,"<0,006",0.052,,51.8,,,,,,,,,,,,,,,,,,,,,,,,,,,,,,,,,,,,,,,,,,,,,,,,,,,,,,,,,,,,,,,,,,,,,,,,,,,,,,,,,,,,,,,,,
datasets/gov/aaa/ezeru_monitoringas/EzeruValstybinioMonitoringoDuomenys,36e85afc-8b45-46a0-8324-bcc3285edc80,36bc9be8-d737-4fab-abc0-e2d453277211,,Utenos,Ilmėdas,LTL351,Ilmėdas,POINT (6126210 598293),2018-10-09,11.9,<2,3.1,79.851,8.2,6.2,309.0,0.92,0.04,0.001,0.02,0.061,0.57,"<0,002",0.009,,2.7,,,,,,,,,,,,,,,,,,,,,,,,,,,,,,,,,,,,,,,,,,,,,,,,,,,,,,,,,,,,,,,,,,,,,,,,,,,,,,,,,,,,,,,,,
datasets/gov/aaa/ezeru_monitoringas/EzeruValstybinioMonitoringoDuomenys,36f52e70-d503-4084-b0f7-389df1fd9b5f,c188440c-f3a0-4a66-8a71-3cd660d03719,,Marijampolės RAAD,Stebuliškių tvenkinys,LTL542,Stebuliškių tvenkinys,,2022-09-15,14.0,3,3.9,7.0,8.2,1.5,996.0,3.1,0.15,0.074,2.2,2.424,3.1,"<0,007",0.062,,10.0,,,,,,,,,,,,,,,,,,,,,,,,,,,,,,,,,,,,,,,,,,,,,,,,,,,,,,,,,,,,,,,,,,,,,,,,,,,,,,,,,,,,,,,,,
datasets/gov/aaa/ezeru_monitoringas/EzeruValstybinioMonitoringoDuomenys,370528f7-d597-4782-a20c-3a33d758ef59,7971a50a-2077-4c34-80d6-c549893691e2,,Utenos,Šventas,LTL39,Šventas,POINT (6166706 644760),2019-06-11,22.3,<2,0.93,9.4,8.7,8.1,89.0,1.1,0.014,"<0,001",0.06,0.075,0.8,0.003,"<0,0081",,3.7,,,,,,,,,,,,,,,,,,,,,,,,,,,,,,,,,,,,,,,,,,,,,,,,,,,,,,,,,,,,,,,,,,,,,,,,,,,,,,,,,,,,,,,,,
datasets/gov/aaa/ezeru_monitoringas/EzeruValstybinioMonitoringoDuomenys,37179662-9175-4cbc-a249-6d0483b7579a,9715bea7-ef0c-4059-b368-fc3e2808d347,,Utenos RAAD,Parsvėtas,LTL532,Parsvetas,,2022-08-30,23.9,2.5,2.8,9.9,8.8,3.3,309.0,1.6,"<0,014","<0,001",0.26,0.275,0.59,0.005,0.014,,5.3,,,,,,,,,,,,,,,,,,,,,,,,,,,,,,,,,,,,,,,,,,,,,,,,,,,,,,,,,,,,,,,,,,,,,,,,,,,,,,,,,,,,,,,,,
datasets/gov/aaa/ezeru_monitoringas/EzeruValstybinioMonitoringoDuomenys,377348e5-7108-45b4-8edd-74c12f1bc4fb,f1679cc4-138d-48ec-a121-97d68ee056b8,,Panevėžio RAAD,Notigalė,LTL147,Notigalė,,2022-05-24,17.1,<2,"<0,06",10.0,4.9,1.0,22.0,1.0,"<0,014",0.003,0.25,0.267,0.62,0.042,0.057,,4.9,,,,,,,,,,,,,,,,,,,,,,,,,,,,,,,,,,,,,,,,,,,,,,,,,,,,,,,,,,,,,,,,,,,,,,,,,,,,,,,,,,,,,,,,,
datasets/gov/aaa/ezeru_monitoringas/EzeruValstybinioMonitoringoDuomenys,378068fe-1460-47c8-95c3-c144891069fa,2db04cef-ea05-4af3-b133-a0df997c239a,,Vilniaus,Rašia,LTL218,Rašia,POINT (6120837 608102),2018-10-04,12.6,<2,2.3,104.434,8.04,5.6,147.0,0.5,0.012,"<0,004",0.051,0.067,0.151,"<0,014","<0,014",,3.7,,,,,,,,,,,,,,,,,,,,,,,,,,,,,,,,,,,,,,,,,,,,,,,,,,,,,,,,,,,,,,,,,,,,,,,,,,,,,,,,,,,,,,,,,
datasets/gov/aaa/ezeru_monitoringas/EzeruValstybinioMonitoringoDuomenys,3804669a-df6d-4627-b730-e73abf4d212d,3a09bcba-3bb1-4eea-808a-a99e0b59fcd8,,Panevėžio,Juodis,LTL541,Juodis,POINT (6148577 529911),2017-05-11,11.8,"<1,7",3.2,9.7,8.0,1.7,354.0,2.6,0.02,0.012,2.3,2.332,2.5,"<0,002",0.012,,10.4,,,,,,,,,,,,,,,,,,,,,,,,,,,,,,,,,,,,,,,,,,,,,,,,,,,,,,,,,,,,,,,,,,,,,,,,,,,,,,,,,,,,,,,,,
datasets/gov/aaa/ezeru_monitoringas/EzeruValstybinioMonitoringoDuomenys,380eb81f-5f69-4dd6-8a04-58d8c603f291,db24f302-0c43-4104-951b-5c78234f81be,,Vilniaus,Riešė,LTL165,Riešė,POINT (6072871 571379),2021-05-05,9.0,8.3,3.6,12.84,8.51,0.8,422.0,4.2,0.569,0.022,0.401,0.992,1.82,0.015,0.026,,43.3,,,,,,,,,,,,,,,,,,,,,,,,,,,,,,,,,,,,,,,,,,,,,,,,,,,,,,,,,,,,,,,,,,,,,,,,,,,,,,,,,,,,,,,,,
datasets/gov/aaa/ezeru_monitoringas/EzeruValstybinioMonitoringoDuomenys,3818651f-4148-4e24-af04-9fc08f4bc762,bc46ea4b-2cc6-43ab-b52c-de3e5b808945,,Šiaulių,Platelių ežeras,LTL34,Plateliai,POINT (6214390 366955),2019-05-08,10.0,<2,1.8,9.5,8.8,5.1,182.0,1.3,0.006,"<0,001",0.007,0.014,0.51,"<0,005",0.009,,6.55,,,,,,,,,,,,,,,,,,,,,,,,,,,,,,,,,,,,,,,,,,,,,,,,,,,,,,,,,,,,,,,,,,,,,,,,,,,,,,,,,,,,,,,,,
datasets/gov/aaa/ezeru_monitoringas/EzeruValstybinioMonitoringoDuomenys,381cbb54-459f-46a8-94bf-84b49eeec505,d2dc6b4a-e737-4969-9a40-a417b7c39647,,Šiaulių,Biržulis,LTL208,Biržulis,POINT (6182662 402309),2017-09-26,16.0,<2,3.6,6.1,8.0,,383.0,2.7,0.023,0.029,0.58,0.632,1.6,0.005,0.042,,3.6,,,,,,,,,,,,,,,,,,,,,,,,,,,,,,,,,,,,,,,,,,,,,,,,,,,,,,,,,,,,,,,,,,,,,,,,,,,,,,,,,,,,,,,,,
datasets/gov/aaa/ezeru_monitoringas/EzeruValstybinioMonitoringoDuomenys,384da738-f742-4883-8391-892fcd6be79f,68a173f0-5c92-465f-882d-7c807531332e,,Šiaulių,Rėkyvos ežeras,LTL64,Rėkyvos,POINT (6192439 456065),2021-09-22,10.0,25,2.5,8.2,8.8,0.7,234.0,11,0.007,0.002,0.016,0.025,2.1,"<0,006",0.059,,88.06,,,,,,,,,,,,,,,,,,,,,,,,,,,,,,,,,,,,,,,,,,,,,,,,,,,,,,,,,,,,,,,,,,,,,,,,,,,,,,,,,,,,,,,,,
datasets/gov/aaa/ezeru_monitoringas/EzeruValstybinioMonitoringoDuomenys,38987561-f2f8-49a9-a559-cf11941b221d,106a1b5b-f6e4-49ea-a6a2-bd1e64676412,,Šiaulių,Ilgis,LTL204,Ilgis,POINT (6210196 364291),2017-06-19,19.0,<2,3.3,5.9,8.8,1.8,179.0,1.6,0.027,0.002,0.008,0.037,0.65,0.005,0.019,,5.32,,,,,,,,,,,,,,,,,,,,,,,,,,,,,,,,,,,,,,,,,,,,,,,,,,,,,,,,,,,,,,,,,,,,,,,,,,,,,,,,,,,,,,,,,
datasets/gov/aaa/ezeru_monitoringas/EzeruValstybinioMonitoringoDuomenys,38a64629-aa52-4a8d-ae50-e6ec1c8ba00d,e1f141a7-c807-4b24-84c8-3c5011af224d,,Utenos RAAD,Luokesai,LTL158,Luokesai,,2022-08-22,24.0,<2,1.9,7.96,8.53,7.0,250.0,1.1,0.02,"<0,005","<0,015",0.04,0.119,"<0,015",0.016,,0.3,,,,,,,,,,,,,,,,,,,,,,,,,,,,,,,,,,,,,,,,,,,,,,,,,,,,,,,,,,,,,,,,,,,,,,,,,,,,,,,,,,,,,,,,,
datasets/gov/aaa/ezeru_monitoringas/EzeruValstybinioMonitoringoDuomenys,38c0a5e7-a2a5-49ef-8863-5e7667211cb8,92cc174d-715d-4987-b77d-339e9fb4fdac,,Vilniaus,Baltas,LTL338,Baltas,POINT (6126393 617851),2021-05-04,8.1,<2,2.8,10.28,8.22,4.4,301.0,1.7,"<0,02","<0,005",0.069,0.094,0.396,"<0,015",0.027,,5.9,,,,,,,,,,,,,,,,,,,,,,,,,,,,,,,,,,,,,,,,,,,,,,,,,,,,,,,,,,,,,,,,,,,,,,,,,,,,,,,,,,,,,,,,,
datasets/gov/aaa/ezeru_monitoringas/EzeruValstybinioMonitoringoDuomenys,38c9f4cc-6b0a-479a-b60a-51ff68ad74ca,44b25651-f145-45a1-ae34-47f23edccd17,,Šiaulių,Mastis,LTL435,Mastis,POINT (6205996 390736),2020-09-28,16.0,27,2.6,8.6,8.6,0.6,295.0,4.3,0.057,"<0,001",0.015,0.073,1.3,0.01,0.14,,38.71,,,,,,,,,,,,,,,,,,,,,,,,,,,,,,,,,,,,,,,,,,,,,,,,,,,,,,,,,,,,,,,,,,,,,,,,,,,,,,,,,,,,,,,,,
datasets/gov/aaa/ezeru_monitoringas/EzeruValstybinioMonitoringoDuomenys,38d8bce7-9c69-4cab-a257-3efc347acab6,c94d9838-df24-457d-b97f-57eb8f69f435,,Panevėžio,Obelių ežeras,LTL439,Obelių ežeras,POINT (6202087 611850),2021-07-30,23.3,8.3,5.6,8.3,8.3,0.5,468.0,5.7,0.02,0.002,0.08,0.102,0.95,0.047,0.28,,29.35,,,,,,,,,,,,,,,,,,,,,,,,,,,,,,,,,,,,,,,,,,,,,,,,,,,,,,,,,,,,,,,,,,,,,,,,,,,,,,,,,,,,,,,,,
datasets/gov/aaa/ezeru_monitoringas/EzeruValstybinioMonitoringoDuomenys,38e38f4e-c5cb-416c-9e6a-2729b8402e99,33365150-b8a5-4d69-8a82-00bddb1a0747,,Utenos,Stirniai,LTL343,Stirniai,POINT (6124518 605749),2018-08-13,22.1,<2,2.6,94.104,8.5,5.2,233.0,1.5,0.02,"<0,001",0.02,0.041,0.45,0.002,0.009,,2.3,,,,,,,,,,,,,,,,,,,,,,,,,,,,,,,,,,,,,,,,,,,,,,,,,,,,,,,,,,,,,,,,,,,,,,,,,,,,,,,,,,,,,,,,,
datasets/gov/aaa/ezeru_monitoringas/EzeruValstybinioMonitoringoDuomenys,392215dd-65d3-409c-b378-2e7b608910b2,ba75c170-a6ae-4815-840b-6d172c906470,,Alytaus,Krokialaukio tvenkinys,LTL188,Krokialaukio tvenkinys,POINT (6033768 482752),2020-09-17,17.8,5,3.4,8.8,8.2,1.6,478.0,4.1,0.06,0.006,0.06,1.2,0.126,0.011,0.068,,12.4,,,,,,,,,,,,,,,,,,,,,,,,,,,,,,,,,,,,,,,,,,,,,,,,,,,,,,,,,,,,,,,,,,,,,,,,,,,,,,,,,,,,,,,,,
datasets/gov/aaa/ezeru_monitoringas/EzeruValstybinioMonitoringoDuomenys,395838c2-ed63-43c8-bd5f-8bb2e1fcc0fc,1b5fe2d8-87de-48f0-9797-135a27f0852b,,Šiaulių,Lūkstas,LTL48,Lūkstas,POINT (6176834 395151),2019-08-20,21.0,11,3.0,9.1,7.3,1.7,249.0,2.4,0.029,"<0,001",0.02,0.05,1.3,"<0,005",0.041,,12.83,,,,,,,,,,,,,,,,,,,,,,,,,,,,,,,,,,,,,,,,,,,,,,,,,,,,,,,,,,,,,,,,,,,,,,,,,,,,,,,,,,,,,,,,,
datasets/gov/aaa/ezeru_monitoringas/EzeruValstybinioMonitoringoDuomenys,396110dd-1cdd-4f56-8337-9b8796393a93,51f34313-081f-49b4-9051-5245b7e5fbdf,,Alytaus,Pluvija,LTL512,Pluvija,POINT (6030583 493559),2017-07-18,19.9,11,5,9.4,8.5,1.0,406.0,5.8,0.05,0.003,0.06,0.113,1.4,0.009,0.081,,17.4,,,,,,,,,,,,,,,,,,,,,,,,,,,,,,,,,,,,,,,,,,,,,,,,,,,,,,,,,,,,,,,,,,,,,,,,,,,,,,,,,,,,,,,,,
datasets/gov/aaa/ezeru_monitoringas/EzeruValstybinioMonitoringoDuomenys,39874725-65b5-43c7-b51d-3c755f35cf16,9707a995-26b1-43a7-b544-976d52da9a5d,,Vilniaus,Didysai Siaurys,LTL217,Didysai Siaurys,POINT (6118847 613457),2018-05-16,20.2,<2,1.3,,7.79,1.3,74.0,1.6,0.09,"<0,004",0.288,0.382,0.896,"<0,014","<0,014",,4.68,,,,,,,,,,,,,,,,,,,,,,,,,,,,,,,,,,,,,,,,,,,,,,,,,,,,,,,,,,,,,,,,,,,,,,,,,,,,,,,,,,,,,,,,,
datasets/gov/aaa/ezeru_monitoringas/EzeruValstybinioMonitoringoDuomenys,39a60eb2-fa08-4499-854c-ac2145316dee,0422d5b7-62cb-468c-81ad-98305b75d3f6,,Panevėžio,Kupiškio tvenkinys,LTL417,Kupiškio,POINT (6191998 561083),2017-07-25,21.6,9.9,4.5,13.6,8.9,1.0,449.0,4.1,0.03,0.03,1.5,1.56,2.5,"<0,002",0.028,,5.58,,,,,,,,,,,,,,,,,,,,,,,,,,,,,,,,,,,,,,,,,,,,,,,,,,,,,,,,,,,,,,,,,,,,,,,,,,,,,,,,,,,,,,,,,
datasets/gov/aaa/ezeru_monitoringas/EzeruValstybinioMonitoringoDuomenys,39aa117c-6750-4732-87a1-34177bf9e8e9,58376ffc-905c-410f-9ef2-50d2ef999825,,Utenos,Asavas,LTL310,Asavas,POINT (6167521 638935),2021-10-14,9.5,<2,2.8,10.2,8.4,3.2,269.0,1.1,0.02,"<0,001",0.02,0.041,0.35,"<0,002",0.014,,12.83,,,,,,,,,,,,,,,,,,,,,,,,,,,,,,,,,,,,,,,,,,,,,,,,,,,,,,,,,,,,,,,,,,,,,,,,,,,,,,,,,,,,,,,,,
datasets/gov/aaa/ezeru_monitoringas/EzeruValstybinioMonitoringoDuomenys,39d83d2f-0130-4cf1-9418-29f27222bcc8,e1c4ab71-7b17-4a64-8ef9-ff2af9b4c66e,,Alytaus,Vabalių ežeras,LTL379,Vabalių,POINT (6016717 507296),2021-07-27,25.4,4,3.0,9.1,8.8,2.8,92.0,4.2,0.06,0.003,0.1,0.163,0.93,0.025,0.042,,2.41,,,,,,,,,,,,,,,,,,,,,,,,,,,,,,,,,,,,,,,,,,,,,,,,,,,,,,,,,,,,,,,,,,,,,,,,,,,,,,,,,,,,,,,,,
datasets/gov/aaa/ezeru_monitoringas/EzeruValstybinioMonitoringoDuomenys,39db5f69-09a5-400a-a8e6-0d7e62c8237a,ca0c74e1-48b3-4019-a73f-565183ac8ba7,,Alytaus,Grūtas,LTL514,Grūtas,POINT (5987558 505368),2020-05-11,18.0,3.5,1.7,10.9,8.4,2.0,256.0,4.2,0.13,0.002,0.05,1.1,0.182,0.022,0.058,,10.9,,,,,,,,,,,,,,,,,,,,,,,,,,,,,,,,,,,,,,,,,,,,,,,,,,,,,,,,,,,,,,,,,,,,,,,,,,,,,,,,,,,,,,,,,
datasets/gov/aaa/ezeru_monitoringas/EzeruValstybinioMonitoringoDuomenys,39f6665b-d20c-4fe0-9223-549b9cbd2649,77d9fc42-ac29-4111-aca5-5d3d416764b0,,Vilniaus,Balsys(Žalieji ežerai),LTL509,Balsys (Žalieji ežerai),POINT (6073599 585625),2021-05-05,7.9,2.4,3.6,13.21,8.38,3.3,385.0,1.7,"<0,02","<0,005","<0,015",0.04,0.191,0.029,0.039,,13.7,,,,,,,,,,,,,,,,,,,,,,,,,,,,,,,,,,,,,,,,,,,,,,,,,,,,,,,,,,,,,,,,,,,,,,,,,,,,,,,,,,,,,,,,,
datasets/gov/aaa/ezeru_monitoringas/EzeruValstybinioMonitoringoDuomenys,3a473351-2f02-46b4-bc33-a244ec465006,4690410d-3a3d-4e2a-be49-20b51cabf5bc,,Utenos,Lamėstas,LTL444,Lamėstas,POINT (6136908 616272),2017-10-12,10.3,2.7,3.8,5.7,8.4,2.0,365.0,2.1,0.07,0.01,0.3,0.38,1.4,0.007,0.026,,45.0,,,,,,,,,,,,,,,,,,,,,,,,,,,,,,,,,,,,,,,,,,,,,,,,,,,,,,,,,,,,,,,,,,,,,,,,,,,,,,,,,,,,,,,,,
datasets/gov/aaa/ezeru_monitoringas/EzeruValstybinioMonitoringoDuomenys,3a7eb504-786c-483d-bce0-12f92e5bb85e,d109012c-85be-46f0-bda2-bc3764b50612,,Alytaus,Zapsys,LTL241,Zapsys,POINT (5998028 471189),2020-08-17,24.2,3.5,2.2,10.6,8.5,1.0,381.0,3.2,0.03,0.002,0.1,0.5,0.132,0.009,0.028,,8.2,,,,,,,,,,,,,,,,,,,,,,,,,,,,,,,,,,,,,,,,,,,,,,,,,,,,,,,,,,,,,,,,,,,,,,,,,,,,,,,,,,,,,,,,,
datasets/gov/aaa/ezeru_monitoringas/EzeruValstybinioMonitoringoDuomenys,3a838905-3d74-49d2-81bf-8418646fc7b5,311cdb65-3cbd-4953-b404-584e598d7962,,Utenos,Lamėstas,LTL444,Lamėstas,POINT (6136908 616272),2017-07-17,19.1,3.3,3.8,8.7,8.7,4.3,367.0,3.2,0.05,0.014,0.21,0.274,1.3,0.002,0.029,,7.3,,,,,,,,,,,,,,,,,,,,,,,,,,,,,,,,,,,,,,,,,,,,,,,,,,,,,,,,,,,,,,,,,,,,,,,,,,,,,,,,,,,,,,,,,
datasets/gov/aaa/ezeru_monitoringas/EzeruValstybinioMonitoringoDuomenys,3a8b4de3-a6b5-4e26-8ea0-ca29772377a6,2d9bfa68-6401-4c6a-89b4-2864a12505a5,,Alytaus,Snaigynas,LTL252,Snaigynas,POINT (5994866 482623),2021-07-20,26.3,3.5,2.1,8.6,8.5,5.6,242.0,1.3,0.01,0.008,0.02,0.038,0.31,0.022,0.059,,2.8,,,,,,,,,,,,,,,,,,,,,,,,,,,,,,,,,,,,,,,,,,,,,,,,,,,,,,,,,,,,,,,,,,,,,,,,,,,,,,,,,,,,,,,,,
datasets/gov/aaa/ezeru_monitoringas/EzeruValstybinioMonitoringoDuomenys,3aa2a56e-b51d-4900-8e07-5f538a69d2e4,b38371ba-1242-4913-afdb-5134d941b386,,Utenos RAAD,Ilgis,LTL306,Ilgis,,2022-08-29,24.4,<2,3.7,6.8,8.0,3.9,380.0,1.6,"<0,014",0.002,0.08,0.096,0.47,0.003,0.012,,6.6,,,,,,,,,,,,,,,,,,,,,,,,,,,,,,,,,,,,,,,,,,,,,,,,,,,,,,,,,,,,,,,,,,,,,,,,,,,,,,,,,,,,,,,,,
datasets/gov/aaa/ezeru_monitoringas/EzeruValstybinioMonitoringoDuomenys,3ad4f3e2-0e04-4bfe-bf60-11bf399b6d93,eeb8b3e9-6a68-4868-8a5c-fc1adc68a068,,Alytaus,Balandis,LTL546,Balandis,POINT (5995701 468082),2018-07-17,22.6,5,3.6,98.131,8.6,5.1,299.0,2.4,0.05,0.002,0.05,0.102,0.7,0.013,0.03,,2.1,,,,,,,,,,,,,,,,,,,,,,,,,,,,,,,,,,,,,,,,,,,,,,,,,,,,,,,,,,,,,,,,,,,,,,,,,,,,,,,,,,,,,,,,,
datasets/gov/aaa/ezeru_monitoringas/EzeruValstybinioMonitoringoDuomenys,3afecb0e-1967-4553-99b0-85a0a32ddcde,e11d600d-914a-402b-a0e1-e9859d8af3e7,,Utenos,Sągardas,LTL317,Sągardas,POINT (6152936 633556),2021-05-06,8.3,<2,1.8,12.2,8.4,4.0,175.0,2.2,0.03,0.002,0.05,0.082,0.58,0.003,0.018,,7.7,,,,,,,,,,,,,,,,,,,,,,,,,,,,,,,,,,,,,,,,,,,,,,,,,,,,,,,,,,,,,,,,,,,,,,,,,,,,,,,,,,,,,,,,,
datasets/gov/aaa/ezeru_monitoringas/EzeruValstybinioMonitoringoDuomenys,3b0f0e86-d05a-46cd-82d3-246f2e7ed4ab,9d09b120-6439-461b-92e1-6e2fc438462a,,Aplinkos apsaugos departamento Šiaulių valdyba,Arimaičių ežeras,LTL266,Arimaičių ež.,,2022-08-22,25.0,5.9,5.6,7.3,7.4,0.95,633.0,4.8,0.09,0.009,0.026,0.125,1.8,"<0,006",0.076,,51.5,,,,,,,,,,,,,,,,,,,,,,,,,,,,,,,,,,,,,,,,,,,,,,,,,,,,,,,,,,,,,,,,,,,,,,,,,,,,,,,,,,,,,,,,,
datasets/gov/aaa/ezeru_monitoringas/EzeruValstybinioMonitoringoDuomenys,3b129c5c-8bc9-47eb-be5e-ffaee375e4e9,ab7aea37-0103-4a1b-9327-f1c064c77dbb,,Šiaulių,Platelių ežeras,LTL34,Plateliai,POINT (6214390 366955),2017-06-19,17.0,<2,2,6.3,9.3,7.5,203.0,0.7,"<0,008",0.001,"<0,003",0.012,0.44,"<0,005",0.011,,3.4,,,,,,,,,,,,,,,,,,,,,,,,,,,,,,,,,,,,,,,,,,,,,,,,,,,,,,,,,,,,,,,,,,,,,,,,,,,,,,,,,,,,,,,,,
datasets/gov/aaa/ezeru_monitoringas/EzeruValstybinioMonitoringoDuomenys,3b3d271a-b515-4cac-81df-2a8870f796ed,9c77bd20-2267-48b1-8856-16568cc55f3d,,Alytaus,Ančia,LTL195,Ančia,POINT (5994964 479239),2020-05-14,11.6,3.5,2.2,12.0,8.6,2.9,397.0,2.4,0.02,0.003,0.06,0.8,0.083,0.007,0.036,,6.1,,,,,,,,,,,,,,,,,,,,,,,,,,,,,,,,,,,,,,,,,,,,,,,,,,,,,,,,,,,,,,,,,,,,,,,,,,,,,,,,,,,,,,,,,
datasets/gov/aaa/ezeru_monitoringas/EzeruValstybinioMonitoringoDuomenys,3b8740ef-561b-4714-89a0-98a866a0f1c5,a4f6010b-7119-4b3e-a691-a3ba9f3e7498,,Utenos,Juodieji Lakajai,LTL347,Juodieji Lakajai,POINT (6119121 604788),2019-05-02,13.5,"<1,9",2.8,12.1,8.53,3.1,310.0,2.1,"<0,015","<0,005",0.033,0.053,0.335,"<0,015","<0,015",,10.4,,,,,,,,,,,,,,,,,,,,,,,,,,,,,,,,,,,,,,,,,,,,,,,,,,,,,,,,,,,,,,,,,,,,,,,,,,,,,,,,,,,,,,,,,
datasets/gov/aaa/ezeru_monitoringas/EzeruValstybinioMonitoringoDuomenys,3ba8547c-83a5-4df0-8078-d02b1fdfd4a7,b4374818-4c06-49e3-9a0d-ddec8c521255,,Utenos,Šventas,LTL39,Šventas,POINT (6166706 644760),2018-08-08,24.5,<2,0.96,113.939,8.7,8.3,88.0,0.94,0.03,"<0,001",0.007,0.038,0.5,0.002,"<0,0083",,2.6,,,,,,,,,,,,,,,,,,,,,,,,,,,,,,,,,,,,,,,,,,,,,,,,,,,,,,,,,,,,,,,,,,,,,,,,,,,,,,,,,,,,,,,,,
datasets/gov/aaa/ezeru_monitoringas/EzeruValstybinioMonitoringoDuomenys,3bb4325c-0064-4b4e-a978-825f3830c382,a41f81c0-d786-4107-86c3-c1fa6c9d8757,,Alytaus,Netečius,LTL464,Netečius,POINT (6024890 541136),2019-07-29,24.3,5.5,2.8,9.7,6.6,0.9,35.0,2.9,0.05,0.013,0.09,0.153,1.5,0.015,0.069,,7.4,,,,,,,,,,,,,,,,,,,,,,,,,,,,,,,,,,,,,,,,,,,,,,,,,,,,,,,,,,,,,,,,,,,,,,,,,,,,,,,,,,,,,,,,,
datasets/gov/aaa/ezeru_monitoringas/EzeruValstybinioMonitoringoDuomenys,3bb65bd0-4bcc-49e6-82a9-c10fa2b491d4,040b26e3-f4fd-427d-b5de-ab2fbe63ad2f,,Utenos,Asalnykštis,LTL329,Asalnykštis,POINT (6137078 628096),2019-09-25,13.6,2.2,3.1,7.7,8.4,5.0,308.0,1.1,"<0,014","<0,001",0.03,0.045,0.39,0.003,0.015,,3.2,,,,,,,,,,,,,,,,,,,,,,,,,,,,,,,,,,,,,,,,,,,,,,,,,,,,,,,,,,,,,,,,,,,,,,,,,,,,,,,,,,,,,,,,,
datasets/gov/aaa/ezeru_monitoringas/EzeruValstybinioMonitoringoDuomenys,3bb842ea-53f5-4acd-9f3f-61d63edb2d73,9de5da18-9fa9-45ae-bcbc-6cecb3bd0ac3,,Vilniaus,Margis,LTL367,Margis,POINT (6052686 553571),2020-05-07,11.8,"<1,9",3.7,11.7,8.69,3.2,420.0,1.9,0.017,"<0,005",0.237,0.259,0.569,"<0,015","<0,015",,4.4,,,,,,,,,,,,,,,,,,,,,,,,,,,,,,,,,,,,,,,,,,,,,,,,,,,,,,,,,,,,,,,,,,,,,,,,,,,,,,,,,,,,,,,,,
datasets/gov/aaa/ezeru_monitoringas/EzeruValstybinioMonitoringoDuomenys,3bca8474-56f0-4164-a8e1-32876de641f5,2189a851-1daf-4e08-82f3-a59598b835c3,,Alytaus,Galadusys,LTL187,Galadusys,POINT (6007408 461186),2018-05-08,14.5,3.5,2.8,123.153,8.6,4.2,363.0,2.9,0.02,0.002,0.03,0.052,0.7,0.013,0.03,,4.7,,,,,,,,,,,,,,,,,,,,,,,,,,,,,,,,,,,,,,,,,,,,,,,,,,,,,,,,,,,,,,,,,,,,,,,,,,,,,,,,,,,,,,,,,
datasets/gov/aaa/ezeru_monitoringas/EzeruValstybinioMonitoringoDuomenys,3c1180d5-bda7-4dbd-ba72-4d03f8e8b639,02bd71ea-0684-47d5-bf51-e1e966b4dbb9,,Utenos,Ilgys,LTL316,Ilgys,POINT (6156794 621674),2021-05-11,11.6,<2,4.0,11.3,8.3,4.6,385.0,3.3,0.04,0.011,0.77,0.821,1.2,0.01,0.12,,2.6,,,,,,,,,,,,,,,,,,,,,,,,,,,,,,,,,,,,,,,,,,,,,,,,,,,,,,,,,,,,,,,,,,,,,,,,,,,,,,,,,,,,,,,,,
datasets/gov/aaa/ezeru_monitoringas/EzeruValstybinioMonitoringoDuomenys,3c545da1-5560-4c3f-a773-51bdc5469f33,a0e964ac-e979-46c2-aae7-0cc8d83652ec,,Utenos,Ilgiai,LTL397,Ilgiai,POINT (6157143 654481),2021-07-29,24.3,<2,3.9,7.6,8.2,3.8,389.0,1.7,"<0,014","<0,001",0.06,0.075,0.33,"<0,002",0.013,,16.28,,,,,,,,,,,,,,,,,,,,,,,,,,,,,,,,,,,,,,,,,,,,,,,,,,,,,,,,,,,,,,,,,,,,,,,,,,,,,,,,,,,,,,,,,
datasets/gov/aaa/ezeru_monitoringas/EzeruValstybinioMonitoringoDuomenys,3c72f91e-1aee-42e6-b04c-d855127e41ad,5be9bad2-67cb-4cbc-8432-dd908c82e0c0,,Kauno,Sujainių tvenkinys,LTL420,Sujainių tvenkinys,POINT (6139208 434911),2018-04-18,11.8,6.5,4.4,136.111,8.66,1.7,470.0,5,0.016,0.028,3.1,3.144,4.3,0.006,0.046,,26.8,,,,,,,,,,,,,,,,,,,,,,,,,,,,,,,,,,,,,,,,,,,,,,,,,,,,,,,,,,,,,,,,,,,,,,,,,,,,,,,,,,,,,,,,,
datasets/gov/aaa/ezeru_monitoringas/EzeruValstybinioMonitoringoDuomenys,3c857943-3e52-4774-9b22-a84720312b19,89b9d29a-2c97-449f-8342-ec322622ee52,,Utenos,Alaušai,LTL452,Alaušai,POINT (6129479 569749),2018-08-16,21.3,2.8,3.1,101.251,8.5,3.7,294.0,2.2,0.02,"<0,001",0.03,0.051,0.42,0.003,0.019,,9,,,,,,,,,,,,,,,,,,,,,,,,,,,,,,,,,,,,,,,,,,,,,,,,,,,,,,,,,,,,,,,,,,,,,,,,,,,,,,,,,,,,,,,,,
datasets/gov/aaa/ezeru_monitoringas/EzeruValstybinioMonitoringoDuomenys,3c8ddfb9-beb8-461e-b4b7-7f005db8f08d,53629cc8-5e44-459f-813a-ca0fd0dad187,,Utenos,Arinas,LTL230,Arinas,POINT (6104116 606593),2019-08-27,22.4,"<1,9",2.9,9.7,8.54,4.8,338.0,1.3,"<0,015","<0,005",0.069,0.089,0.612,"<0,015","<0,015",,2.2,,,,,,,,,,,,,,,,,,,,,,,,,,,,,,,,,,,,,,,,,,,,,,,,,,,,,,,,,,,,,,,,,,,,,,,,,,,,,,,,,,,,,,,,,
datasets/gov/aaa/ezeru_monitoringas/EzeruValstybinioMonitoringoDuomenys,3cb054a2-7868-4ecc-a2f9-5cf067a6fef4,306d95e2-e28c-491f-9282-c79dc96a6787,,Alytaus,Ilgis,LTL394,Ilgis,POINT (5988529 482829),2018-09-19,19.6,6,2.7,95.604,8.5,4,283.0,2.7,0.06,0.001,0.18,0.241,0.9,0.016,0.04,,7.4,,,,,,,,,,,,,,,,,,,,,,,,,,,,,,,,,,,,,,,,,,,,,,,,,,,,,,,,,,,,,,,,,,,,,,,,,,,,,,,,,,,,,,,,,
datasets/gov/aaa/ezeru_monitoringas/EzeruValstybinioMonitoringoDuomenys,3ce65c33-9788-48ef-995d-5aec7e42faff,24167d1c-f0d5-48e3-8b20-dd1fa07f36d4,,Šiaulių,Ilgis,LTL204,Ilgis,POINT (6210196 364291),2021-08-23,19.0,"<1,4",1.5,8.3,8.0,1.9,147.0,2.1,0.041,"<0,001",0.012,0.054,0.55,"<0,006",0.018,,3.89,,,,,,,,,,,,,,,,,,,,,,,,,,,,,,,,,,,,,,,,,,,,,,,,,,,,,,,,,,,,,,,,,,,,,,,,,,,,,,,,,,,,,,,,,
datasets/gov/aaa/ezeru_monitoringas/EzeruValstybinioMonitoringoDuomenys,3d369213-47f2-4037-aef8-23f0fb72bab3,49c2611e-0e48-4d1a-8ed9-3eecd90ca53f,,Panevėžio RAAD,Gačionių ežeras,LTL294,Gačionių ežeras,,2022-10-10,11.1,3.2,3.9,7.9,8.0,2.5,382.0,2.2,0.11,0.003,0.07,0.183,0.93,0.003,0.038,,12.0,,,,,,,,,,,,,,,,,,,,,,,,,,,,,,,,,,,,,,,,,,,,,,,,,,,,,,,,,,,,,,,,,,,,,,,,,,,,,,,,,,,,,,,,,
datasets/gov/aaa/ezeru_monitoringas/EzeruValstybinioMonitoringoDuomenys,3d437fc9-5f01-4df7-974b-0c4e3be075c0,5dae1d79-0e27-4ede-9de2-ac0ec5f78d3b,,Utenos,Šiurpys,LTL311,Šiurpys,POINT (6169946 635569),2017-05-04,8.8,"<1,7",1,11.0,8.1,7.6,99.0,1.9,0.21,0.003,0.05,0.263,0.7,"<0,002",0.0084,,4.6,,,,,,,,,,,,,,,,,,,,,,,,,,,,,,,,,,,,,,,,,,,,,,,,,,,,,,,,,,,,,,,,,,,,,,,,,,,,,,,,,,,,,,,,,
datasets/gov/aaa/ezeru_monitoringas/EzeruValstybinioMonitoringoDuomenys,3d5583aa-f852-4a6e-ac87-985b128899ae,3d9545f1-8b19-4059-9618-9e7f54b5da4a,,Utenos,Alnis,LTL65,Alnis,POINT (6127535 606156),2021-08-19,20.4,<2,1.7,9.4,8.8,6.1,143.0,1,0.04,"<0,001",0.16,0.201,0.4,"<0,002","<0,0081",,2.75,,,,,,,,,,,,,,,,,,,,,,,,,,,,,,,,,,,,,,,,,,,,,,,,,,,,,,,,,,,,,,,,,,,,,,,,,,,,,,,,,,,,,,,,,
datasets/gov/aaa/ezeru_monitoringas/EzeruValstybinioMonitoringoDuomenys,3d6c97aa-e110-4aa2-be42-654d2dc4625a,8f1f6e48-34eb-4dff-a466-cf4227778f8f,,Vilniaus,Kurėnų ežeras,LTL281,Kurėnų ežeras,POINT (6130913 548326),2019-10-03,11.7,11,4.2,8.6,8.17,0.7,524.0,2.8,0.042,0.006,0.105,0.153,0.385,"<0,015",0.015,,29.6,,,,,,,,,,,,,,,,,,,,,,,,,,,,,,,,,,,,,,,,,,,,,,,,,,,,,,,,,,,,,,,,,,,,,,,,,,,,,,,,,,,,,,,,,
datasets/gov/aaa/ezeru_monitoringas/EzeruValstybinioMonitoringoDuomenys,3d76fa73-b79f-4aa7-842d-8c6bf4fb0e2a,af1e7b55-cba6-4ef2-b24c-8426fdb3e6d4,,Utenos,Vasaknas,LTL297,Vasaknas,POINT (6173874 612109),2020-10-05,15.3,3.5,2.7,9.5,8.3,2.6,264.0,0.56,"<0,014",0.001,0.04,0.055,0.28,0.002,0.026,,8.9,,,,,,,,,,,,,,,,,,,,,,,,,,,,,,,,,,,,,,,,,,,,,,,,,,,,,,,,,,,,,,,,,,,,,,,,,,,,,,,,,,,,,,,,,
datasets/gov/aaa/ezeru_monitoringas/EzeruValstybinioMonitoringoDuomenys,3d7c01aa-dd85-442a-85cb-41838f1e0b7b,d4ddf287-0535-4725-93fb-d52015b6ace1,,Aplinkos apsaugos departamento Šiaulių valdyba,Gudelių ežeras,LTL264,Gudelių ež.,,2022-09-20,14.0,1.3,4.2,8.8,8.0,2.3,398.0,0.86,0.11,0.004,0.042,0.156,0.69,"<0,006",0.014,,23.68,,,,,,,,,,,,,,,,,,,,,,,,,,,,,,,,,,,,,,,,,,,,,,,,,,,,,,,,,,,,,,,,,,,,,,,,,,,,,,,,,,,,,,,,,
datasets/gov/aaa/ezeru_monitoringas/EzeruValstybinioMonitoringoDuomenys,3dbaaeb5-a05a-4fd0-a7bb-4c939277ed46,42b25a1a-9297-45f1-b11b-90f00921684d,,Šiaulių,Platelių ežeras,LTL34,Plateliai,POINT (6214390 366955),2021-10-06,14.0,"<1,4",1.8,8.6,8.4,6.5,202.0,0.7,0.025,"<0,001","<0,002",0.028,0.48,"<0,006",0.013,,1.78,,,,,,,,,,,,,,,,,,,,,,,,,,,,,,,,,,,,,,,,,,,,,,,,,,,,,,,,,,,,,,,,,,,,,,,,,,,,,,,,,,,,,,,,,
datasets/gov/aaa/ezeru_monitoringas/EzeruValstybinioMonitoringoDuomenys,3dd6515f-4afc-47cc-9dc0-37548007b034,c2cb4497-3144-4a64-9d4e-2416bf9e499d,,Kauno RAAD,KAUNO MARIOS,LTL71,Kauno HE tvenkinys,,2022-02-08,0.5,2.1,2.9,12.03,7.98,1.7,478.0,2.9,0.035,0.011,2.1,2.146,2.55,0.024,0.066,,,,,,,,,,,,,,,,,,,,,,,,,,,,,,,,,,,,,,,,,,,,,,,,,,,,,,,,,,,,,,,,,,,,,,,,,,,,,,,,,,,,,,,,,,,
datasets/gov/aaa/ezeru_monitoringas/EzeruValstybinioMonitoringoDuomenys,3e0218af-860d-4009-9477-bb4f10529434,438e291b-d5a0-4579-840d-02974ba56cb9,,Šiaulių,Ilgis,LTL204,Ilgis,POINT (6210196 364291),2020-10-20,9.0,"<1,6",1.8,8.6,8.4,2.8,175.0,0.96,0.011,0.001,0.016,0.028,0.63,"<0,005",0.016,,5.6,,,,,,,,,,,,,,,,,,,,,,,,,,,,,,,,,,,,,,,,,,,,,,,,,,,,,,,,,,,,,,,,,,,,,,,,,,,,,,,,,,,,,,,,,
datasets/gov/aaa/ezeru_monitoringas/EzeruValstybinioMonitoringoDuomenys,3e44c8b3-e026-4835-96de-5e238f3fff11,ed562e4d-706f-42b0-b823-ed8890ed4314,,Šiaulių,Gauštvinis,LTL518,Gauštvinis,POINT (6168601 449429),2020-09-30,16.0,15,4.2,8.7,8.5,1.1,493.0,5.8,0.032,0.001,0.01,0.043,1.9,"<0,005",0.099,,39.96,,,,,,,,,,,,,,,,,,,,,,,,,,,,,,,,,,,,,,,,,,,,,,,,,,,,,,,,,,,,,,,,,,,,,,,,,,,,,,,,,,,,,,,,,
datasets/gov/aaa/ezeru_monitoringas/EzeruValstybinioMonitoringoDuomenys,3e492f43-4123-4184-a81d-8a4296c722d6,5a45f095-a34c-4348-acef-3608b44679ea,,Utenos,Dūkštas,LTL313,Dūkštas,POINT (6162907 645550),2020-09-29,15.5,<2,2.0,9.5,8.4,4.0,199.0,1.1,0.02,"<0,001",0.03,0.051,0.41,0.003,0.012,,3.4,,,,,,,,,,,,,,,,,,,,,,,,,,,,,,,,,,,,,,,,,,,,,,,,,,,,,,,,,,,,,,,,,,,,,,,,,,,,,,,,,,,,,,,,,
datasets/gov/aaa/ezeru_monitoringas/EzeruValstybinioMonitoringoDuomenys,3e51981d-cb94-495f-aaa2-8d2d5e71e614,98a79c7f-b7f7-42c3-acc2-c5ef5e36baa0,,Panevėžio RAAD,Liberiškio tvenkinys,LTL405,Liberiškio tvenkinys,,2022-08-18,24.0,5.6,6,6.9,8.1,3.2,731.0,3.3,0.12,0.081,2.2,2.401,3.5,"<0,006",0.047,,8.74,,,,,,,,,,,,,,,,,,,,,,,,,,,,,,,,,,,,,,,,,,,,,,,,,,,,,,,,,,,,,,,,,,,,,,,,,,,,,,,,,,,,,,,,,
datasets/gov/aaa/ezeru_monitoringas/EzeruValstybinioMonitoringoDuomenys,3e62eac0-983b-4f0c-bdc8-b9cca4114302,de2e504e-6a87-43a4-a29c-986427149686,,Utenos,Dūkštas,LTL313,Dūkštas,POINT (6162907 645550),2020-07-20,22.2,<2,2.1,8.2,8.6,5.5,198.0,1.7,"<0,014",0.004,0.07,0.088,0.83,0.002,0.011,,4.4,,,,,,,,,,,,,,,,,,,,,,,,,,,,,,,,,,,,,,,,,,,,,,,,,,,,,,,,,,,,,,,,,,,,,,,,,,,,,,,,,,,,,,,,,
datasets/gov/aaa/ezeru_monitoringas/EzeruValstybinioMonitoringoDuomenys,3e6661f6-1b4c-4ce2-8f36-e488b97bab8e,7e0ec27d-7da6-44bc-9c0b-99b36866791f,,Šiaulių,Ilgis,LTL204,Ilgis,POINT (6210196 364291),2019-07-22,22.0,4.6,1.8,6.0,7.2,2.1,152.0,2.1,0.027,0.001,0.003,0.031,0.59,"<0,005",0.019,,6.34,,,,,,,,,,,,,,,,,,,,,,,,,,,,,,,,,,,,,,,,,,,,,,,,,,,,,,,,,,,,,,,,,,,,,,,,,,,,,,,,,,,,,,,,,
datasets/gov/aaa/ezeru_monitoringas/EzeruValstybinioMonitoringoDuomenys,3e79623e-5e4d-4f42-8c7f-e9f44088d5b2,11e4f16c-3bbe-4fc0-bd77-c69e6c3828bf,,Utenos,Šakių ežeras,LTL531,Šakių,POINT (6171379 658835),2018-08-22,20.9,3.8,1.6,80.474,8.1,2.5,146.0,3.3,0.02,"<0,001",0.12,0.141,1.0,0.005,0.034,,8.7,,,,,,,,,,,,,,,,,,,,,,,,,,,,,,,,,,,,,,,,,,,,,,,,,,,,,,,,,,,,,,,,,,,,,,,,,,,,,,,,,,,,,,,,,
datasets/gov/aaa/ezeru_monitoringas/EzeruValstybinioMonitoringoDuomenys,3edf41d0-264c-4c88-9714-89b8a0feb816,e90ce846-e77a-44b9-acb9-24e0a52321ff,,Utenos,Asavas,LTL310,Asavas,POINT (6167521 638935),2017-01-18,0.4,1.8,3,12.9,8.5,3.0,323.0,2.2,0.04,0.002,0.11,0.152,0.6,0.002,"<0,0083",,2.7,,,,,,,,,,,,,,,,,,,,,,,,,,,,,,,,,,,,,,,,,,,,,,,,,,,,,,,,,,,,,,,,,,,,,,,,,,,,,,,,,,,,,,,,,
datasets/gov/aaa/ezeru_monitoringas/EzeruValstybinioMonitoringoDuomenys,3f102cd3-3a03-4574-a9b3-cd32fdabac7b,5fcf6a51-cce8-48c7-9c66-5acf403df2e0,,Panevėžio,Obelių ežeras,LTL439,Obelių ežeras,POINT (6202087 611850),2021-10-06,9.7,10,5.5,10.2,8.6,0.7,608.0,5.9,0.07,0.018,0.2,0.288,1.1,0.003,0.079,,89.98,,,,,,,,,,,,,,,,,,,,,,,,,,,,,,,,,,,,,,,,,,,,,,,,,,,,,,,,,,,,,,,,,,,,,,,,,,,,,,,,,,,,,,,,,
datasets/gov/aaa/ezeru_monitoringas/EzeruValstybinioMonitoringoDuomenys,3fc898ce-2f9f-47b5-b060-3be8ec1892b3,4fe72968-22e0-4e17-83a7-26aada32b705,,Klaipėdos,Mosėdžio I tvenkinys,LTL262,Mosėdžio I tvenkinys,POINT (6227142 350031),2018-04-26,11.0,3.6,1.6,,8.7,2.1,446.0,4.7,0.018,0.009,0.71,0.737,1.4,0.006,0.028,,5.76,,,,,,,,,,,,,,,,,,,,,,,,,,,,,,,,,,,,,,,,,,,,,,,,,,,,,,,,,,,,,,,,,,,,,,,,,,,,,,,,,,,,,,,,,
datasets/gov/aaa/ezeru_monitoringas/EzeruValstybinioMonitoringoDuomenys,3ffd660f-91f6-4e95-878c-b627b827afa2,0242fa6a-d63b-4ef7-ba02-028489792955,,Alytaus,Ilgis,LTL374,Ilgis,POINT (6036751 525398),2021-09-20,12.5,4,2.9,7.4,8.0,1.5,235.0,3.4,0.03,0.003,0.06,0.093,1.4,0.016,0.097,,5.77,,,,,,,,,,,,,,,,,,,,,,,,,,,,,,,,,,,,,,,,,,,,,,,,,,,,,,,,,,,,,,,,,,,,,,,,,,,,,,,,,,,,,,,,,
datasets/gov/aaa/ezeru_monitoringas/EzeruValstybinioMonitoringoDuomenys,404581d3-502b-4e44-a6db-b88ef25814ce,ee29650f-c3f3-4873-9b20-78fb18eace48,,Alytaus,Krūminių tvenkinys,LTL184,Krūminių tvenkinys,POINT (6016830 553517),2021-05-12,15.9,2.5,3.5,10.3,8.3,2.1,522.0,2.9,0.03,0.024,1.5,1.554,1.8,"<0,007",0.066,,14.6,,,,,,,,,,,,,,,,,,,,,,,,,,,,,,,,,,,,,,,,,,,,,,,,,,,,,,,,,,,,,,,,,,,,,,,,,,,,,,,,,,,,,,,,,
datasets/gov/aaa/ezeru_monitoringas/EzeruValstybinioMonitoringoDuomenys,40465477-5190-4b3d-b381-20317f1ea97f,65c6757d-e176-4658-9d9c-901cd14f7be7,,Utenos,Rubikių ežeras,LTL10,Rubikių ežeras,POINT (6152176 580655),2017-05-11,9.5,"<1,7",3.5,11.6,8.4,4.0,352.0,2.0,"<0,014",0.005,0.73,0.749,0.86,0.002,0.012,,7.0,,,,,,,,,,,,,,,,,,,,,,,,,,,,,,,,,,,,,,,,,,,,,,,,,,,,,,,,,,,,,,,,,,,,,,,,,,,,,,,,,,,,,,,,,
datasets/gov/aaa/ezeru_monitoringas/EzeruValstybinioMonitoringoDuomenys,404ad3a5-864e-46c0-b28a-2b374e67de62,c52a38b3-a503-4dbe-a29b-a6e3d2d846e2,,Šiaulių,Gondingos HE tvenkinys,LTL401,Gondingos HE tvenkinys,POINT (6199101 362292),2021-07-26,26.0,8.7,3.5,5.9,8.3,2.0,304.0,4.8,0.023,"<0,001",0.018,0.042,0.79,"<0,006",0.047,,12.83,,,,,,,,,,,,,,,,,,,,,,,,,,,,,,,,,,,,,,,,,,,,,,,,,,,,,,,,,,,,,,,,,,,,,,,,,,,,,,,,,,,,,,,,,
datasets/gov/aaa/ezeru_monitoringas/EzeruValstybinioMonitoringoDuomenys,4050d8b8-c2b9-489f-902c-b98f46583c01,ccd5f0f6-65f5-4076-808f-cd1420908b6b,,Alytaus,Juodas Kauknoris,LTL174,Juodas Kauknoris,POINT (5987342 470399),2017-07-24,21.6,4.5,3.3,9.7,8.4,2.4,278.0,2.5,0.03,0.002,0.05,0.082,0.5,"<0,006",0.035,,8.0,,,,,,,,,,,,,,,,,,,,,,,,,,,,,,,,,,,,,,,,,,,,,,,,,,,,,,,,,,,,,,,,,,,,,,,,,,,,,,,,,,,,,,,,,
datasets/gov/aaa/ezeru_monitoringas/EzeruValstybinioMonitoringoDuomenys,409e2e98-935e-4e19-b7f6-d9e1062ffabf,892ab280-62a0-451c-b319-dee2e077762c,,Vilniaus,Gaveikių ežeras,LTL525,Gaveikių,POINT (6100859 589613),2018-08-14,22.0,5.9,3.6,94.579,8.54,1.4,355.0,2.5,0.016,0.006,0.06,0.082,0.119,"<0,014",0.016,,18.2,,,,,,,,,,,,,,,,,,,,,,,,,,,,,,,,,,,,,,,,,,,,,,,,,,,,,,,,,,,,,,,,,,,,,,,,,,,,,,,,,,,,,,,,,
datasets/gov/aaa/ezeru_monitoringas/EzeruValstybinioMonitoringoDuomenys,410fbb7e-dc53-43e0-bdd2-e75f1454ba42,8a6b8772-435a-4a7e-bedf-b1d14988ade2,,Kauno,Mantviliškio tvenkinys,LTL409,Mantviliškio,POINT (6147383 487438),2018-08-28,19.5,6.2,4.5,,8.46,1.1,492.0,3.8,0.016,0.002,0.078,0.096,0.72,0.004,0.077,,43.7,,,,,,,,,,,,,,,,,,,,,,,,,,,,,,,,,,,,,,,,,,,,,,,,,,,,,,,,,,,,,,,,,,,,,,,,,,,,,,,,,,,,,,,,,
datasets/gov/aaa/ezeru_monitoringas/EzeruValstybinioMonitoringoDuomenys,4158c8b4-38f1-4d48-99dc-ed8693af3c16,060d5488-a626-4210-8e48-13bf8e5e99a6,,Utenos RAAD,Malkėstas,LTL350,Malkėstas,,2022-07-18,20.1,2.6,2.8,9.5,8.63,2.8,327.0,0.7,0.02,"<0,005",0.083,0.108,0.59,"<0,015",0.017,,12.1,,,,,,,,,,,,,,,,,,,,,,,,,,,,,,,,,,,,,,,,,,,,,,,,,,,,,,,,,,,,,,,,,,,,,,,,,,,,,,,,,,,,,,,,,
datasets/gov/aaa/ezeru_monitoringas/EzeruValstybinioMonitoringoDuomenys,418fdc53-9819-425d-b464-d42234f24adf,00e1e5c3-c707-4666-a424-2d41b5016a57,,Alytaus RAAD,Šlavantėlis,LTL515,Šlavantėlis,,2022-05-09,13.2,2,3.1,12.3,8.5,6.0,348.0,2.1,0.09,0.005,0.04,0.135,0.45,0.012,0.029,,3.7,,,,,,,,,,,,,,,,,,,,,,,,,,,,,,,,,,,,,,,,,,,,,,,,,,,,,,,,,,,,,,,,,,,,,,,,,,,,,,,,,,,,,,,,,
datasets/gov/aaa/ezeru_monitoringas/EzeruValstybinioMonitoringoDuomenys,4191122a-62f0-48e3-988f-05d937d3cae3,98020445-bddd-40c9-b165-883696b0a85c,,Utenos,Suosa,LTL382,Suosa,POINT (6176726 563162),2017-08-30,18.5,5.6,4.7,8.9,8.8,1.2,436.0,2.5,0.04,0.009,0.17,0.219,0.69,0.003,0.019,,4.4,,,,,,,,,,,,,,,,,,,,,,,,,,,,,,,,,,,,,,,,,,,,,,,,,,,,,,,,,,,,,,,,,,,,,,,,,,,,,,,,,,,,,,,,,
datasets/gov/aaa/ezeru_monitoringas/EzeruValstybinioMonitoringoDuomenys,4194a299-206f-46df-9746-d483fd10344e,26dc92a9-8d38-4efe-899c-873cf55d75bf,,Alytaus RAAD,Kaviškis,LTL395,Kaviškis,,2022-05-17,14.9,9,2.8,11.3,8.7,1.3,295.0,5.9,0.01,0.002,0.06,0.072,0.54,0.009,0.048,,22.8,,,,,,,,,,,,,,,,,,,,,,,,,,,,,,,,,,,,,,,,,,,,,,,,,,,,,,,,,,,,,,,,,,,,,,,,,,,,,,,,,,,,,,,,,
datasets/gov/aaa/ezeru_monitoringas/EzeruValstybinioMonitoringoDuomenys,419d38b6-7816-4b5a-bedb-69368d8e7cdf,764ddc0b-feab-48ad-a159-4ff23024973e,,Aplinkos apsaugos departamento Šiaulių valdyba,Juodeikių tvenkinys,LTL268,Juodeikių,,2022-04-25,10.0,3.3,3.8,10.2,9.0,1.2,378.0,1.9,0.018,0.015,1.4,1.433,2.2,"<0,006",0.038,,8.88,,,,,,,,,,,,,,,,,,,,,,,,,,,,,,,,,,,,,,,,,,,,,,,,,,,,,,,,,,,,,,,,,,,,,,,,,,,,,,,,,,,,,,,,,
datasets/gov/aaa/ezeru_monitoringas/EzeruValstybinioMonitoringoDuomenys,41fa6842-884d-4e3d-bf0e-b14d796718ae,2bb1be81-8057-4829-8e18-7b60f9efc2af,,Šiaulių,Vaitiekūnų tvenkinys,LTL408,Vaitiekūnų tvenkinys,POINT (6150901 477949),2017-09-27,14.0,<2,4.8,6.3,8.2,1.0,593.0,1.5,0.032,0.047,7.5,7.579,8.4,0.031,0.059,,28.0,,,,,,,,,,,,,,,,,,,,,,,,,,,,,,,,,,,,,,,,,,,,,,,,,,,,,,,,,,,,,,,,,,,,,,,,,,,,,,,,,,,,,,,,,
datasets/gov/aaa/ezeru_monitoringas/EzeruValstybinioMonitoringoDuomenys,4241b0ef-0c0d-40ba-a988-cf9fe262424d,830ec16e-943e-492f-9a70-16af20a66ced,,Utenos,Makys,LTL284,Makys,POINT (6126561 574960),2018-07-17,22.1,<2,2.4,124.855,9.4,4,219.0,1.4,"<0,014","<0,001",0.02,0.035,0.56,0.003,0.016,,3.2,,,,,,,,,,,,,,,,,,,,,,,,,,,,,,,,,,,,,,,,,,,,,,,,,,,,,,,,,,,,,,,,,,,,,,,,,,,,,,,,,,,,,,,,,
datasets/gov/aaa/ezeru_monitoringas/EzeruValstybinioMonitoringoDuomenys,426d4709-ae45-4f28-9a35-1674660372f1,3b3a5783-2f73-4f29-ad5f-1eb189027707,,Utenos,Ilgiai,LTL397,Ilgiai,POINT (6157143 654481),2021-08-30,18.2,2.2,4.1,7.8,8.2,2.9,375.0,1.3,0.02,0.002,0.06,0.082,0.57,"<0,002",0.021,,6.08,,,,,,,,,,,,,,,,,,,,,,,,,,,,,,,,,,,,,,,,,,,,,,,,,,,,,,,,,,,,,,,,,,,,,,,,,,,,,,,,,,,,,,,,,
datasets/gov/aaa/ezeru_monitoringas/EzeruValstybinioMonitoringoDuomenys,42fa8c81-3e8e-4b90-8ecf-73f5eecf84ca,3f7627d2-fe6c-4cc4-aafe-5239e5f8c0ae,,Kauno RAAD,Švenčius,LTL144,Švenčius,,2022-05-11,13.8,6.4,2.6,8.3,8.59,1.4,262.0,3.9,0.043,0.005,0.12,0.168,0.713,"<0,015",0.017,,15.6,,,,,,,,,,,,,,,,,,,,,,,,,,,,,,,,,,,,,,,,,,,,,,,,,,,,,,,,,,,,,,,,,,,,,,,,,,,,,,,,,,,,,,,,,
datasets/gov/aaa/ezeru_monitoringas/EzeruValstybinioMonitoringoDuomenys,4302e402-e31c-4ebb-8d45-ae2ec5449db5,26216458-8d91-4493-be3c-4f0ac69ba0d3,,Klaipėdos,Kernų tvenkinys,LTL261,Kernų tvenkinys,POINT (6236006 345893),2021-09-21,13.0,6.9,4.5,8.3,8.4,1.0,442.0,2.9,0.042,0.035,1.2,1.277,2.0,"<0,006",0.043,,32.12,,,,,,,,,,,,,,,,,,,,,,,,,,,,,,,,,,,,,,,,,,,,,,,,,,,,,,,,,,,,,,,,,,,,,,,,,,,,,,,,,,,,,,,,,
datasets/gov/aaa/ezeru_monitoringas/EzeruValstybinioMonitoringoDuomenys,430a30e9-2de4-4791-bdc8-a547708d0a5e,77a951d6-a785-407f-9e7d-b8943a293f24,,Šiaulių,Platelių ežeras,LTL34,Plateliai,POINT (6214390 366955),2021-01-19,3.0,1.8,1.9,8.2,8.2,,224.0,0.63,0.024,"<0,001",0.095,0.12,0.64,"<0,006",0.012,,,,,,,,,,,,,,,,,,,,,,,,,,,,,,,,,,,,,,,,,,,,,,,,,,,,,,,,,,,,,,,,,,,,,,,,,,,,,,,,,,,,,,,,,,,
datasets/gov/aaa/ezeru_monitoringas/EzeruValstybinioMonitoringoDuomenys,4358ecf3-f535-43ac-a909-f3ac4cfdfafe,3570f962-bb14-499e-8085-91dba3de818f,,Utenos RAAD,Ūsiai,LTL326,Ūsiai,,2022-05-12,12.4,<2,3.3,9.4,8.41,4.7,261.0,2.8,0.024,"<0,005",0.11,0.139,0.302,"<0,015","<0,015",,2.4,,,,,,,,,,,,,,,,,,,,,,,,,,,,,,,,,,,,,,,,,,,,,,,,,,,,,,,,,,,,,,,,,,,,,,,,,,,,,,,,,,,,,,,,,
datasets/gov/aaa/ezeru_monitoringas/EzeruValstybinioMonitoringoDuomenys,438499d4-5d6d-4e5c-b1f2-434764b99c22,7e251fac-56f4-4ded-8388-db61361df4f3,,Utenos,Alnis,LTL65,Alnis,POINT (6127535 606156),2018-09-17,18.6,<2,1.8,108.719,8.7,6.1,162.0,1.1,0.04,"<0,001",0.02,0.061,0.16,"<0,002","<0,0083",,4,,,,,,,,,,,,,,,,,,,,,,,,,,,,,,,,,,,,,,,,,,,,,,,,,,,,,,,,,,,,,,,,,,,,,,,,,,,,,,,,,,,,,,,,,
datasets/gov/aaa/ezeru_monitoringas/EzeruValstybinioMonitoringoDuomenys,4396fb82-5292-4d8e-b873-ddb2f18c440e,a5fc4230-8af7-46d7-88d2-785e26d5fbc3,,Alytaus,Niedulis,LTL456,Niedulis,POINT (6028535 523800),2019-08-20,24.0,9.5,3.5,11.2,8.8,1.1,368.0,3.4,0.04,0.006,0.03,0.076,1.3,0.007,0.038,,16.1,,,,,,,,,,,,,,,,,,,,,,,,,,,,,,,,,,,,,,,,,,,,,,,,,,,,,,,,,,,,,,,,,,,,,,,,,,,,,,,,,,,,,,,,,
datasets/gov/aaa/ezeru_monitoringas/EzeruValstybinioMonitoringoDuomenys,439d4ea6-f0d3-4c76-9dd9-419040ff6f74,e961587a-b8dd-4b30-970c-b3878d675d5b,,Utenos,Asavas,LTL310,Asavas,POINT (6167521 638935),2020-01-22,1.8,<2,2.6,13.7,8.4,5.5,301.0,2.5,0.06,0.002,0.11,0.172,0.31,0.002,0.0083,,,,,,,,,,,,,,,,,,,,,,,,,,,,,,,,,,,,,,,,,,,,,,,,,,,,,,,,,,,,,,,,,,,,,,,,,,,,,,,,,,,,,,,,,,,
datasets/gov/aaa/ezeru_monitoringas/EzeruValstybinioMonitoringoDuomenys,43ba11c7-ac8d-4070-bcdc-5195b555556c,e6073150-8e9b-44e4-acc7-46d2756242e5,,Alytaus,Netečius,LTL464,Netečius,POINT (6024890 541136),2019-09-24,11.0,6.5,2.8,10.8,6.3,0.9,34.0,3.1,0.04,0.004,0.5,0.544,1.5,0.014,0.056,,52.1,,,,,,,,,,,,,,,,,,,,,,,,,,,,,,,,,,,,,,,,,,,,,,,,,,,,,,,,,,,,,,,,,,,,,,,,,,,,,,,,,,,,,,,,,
datasets/gov/aaa/ezeru_monitoringas/EzeruValstybinioMonitoringoDuomenys,43d709fe-bd29-4722-a161-60b810872faf,4b9d8663-2eba-4ee4-a8a9-d0e59a9d4d35,,Utenos,Stirniai,LTL343,Stirniai,POINT (6124518 605749),2020-07-13,20.0,<2,2.4,8.9,8.5,5.2,230.0,1.4,"<0,014","<0,001",0.02,0.035,0.55,"<0,002",0.013,,2.4,,,,,,,,,,,,,,,,,,,,,,,,,,,,,,,,,,,,,,,,,,,,,,,,,,,,,,,,,,,,,,,,,,,,,,,,,,,,,,,,,,,,,,,,,
datasets/gov/aaa/ezeru_monitoringas/EzeruValstybinioMonitoringoDuomenys,43e0d2d1-c067-40e1-99e8-42896e75200a,a51ee9be-db69-4238-9052-4a22a33c80f0,,Alytaus,Luksnėnų ežeras,LTL466,Luksnėnų ežeras,POINT (6028420 494673),2017-09-25,15.4,7.5,3.8,8.9,8.3,2.4,421.0,3.3,0.04,0.006,0.05,0.096,0.7,0.024,0.11,,69.1,,,,,,,,,,,,,,,,,,,,,,,,,,,,,,,,,,,,,,,,,,,,,,,,,,,,,,,,,,,,,,,,,,,,,,,,,,,,,,,,,,,,,,,,,
datasets/gov/aaa/ezeru_monitoringas/EzeruValstybinioMonitoringoDuomenys,43ee5c0d-5a10-426b-806c-895744e55179,92edba0e-034b-41c1-b10a-578a69cfb360,,Marijampolės,Pilvės-Vabalkšnės tvenkinys,LTL543,Pilvės-Vabalkšnės tvenkinys,POINT (6064130 466346),2017-07-27,19.6,2.8,4.8,6.1,7.7,1.3,517.0,4.8,0.06,0.031,0.52,0.611,1.3,0.01,0.061,,2.7,,,,,,,,,,,,,,,,,,,,,,,,,,,,,,,,,,,,,,,,,,,,,,,,,,,,,,,,,,,,,,,,,,,,,,,,,,,,,,,,,,,,,,,,,
datasets/gov/aaa/ezeru_monitoringas/EzeruValstybinioMonitoringoDuomenys,443d9978-1f7b-4c9c-b31c-3440e6d226a4,02527f12-f81f-4ffa-8a3d-33f200e8f0c9,,Utenos RAAD,Alnis,LTL65,Alnis,,2022-04-26,8.8,<2,1.7,12.0,8.2,6.7,181.0,2.0,0.14,0.002,0.05,0.192,0.58,0.002,"<0,0081",,3.35,,,,,,,,,,,,,,,,,,,,,,,,,,,,,,,,,,,,,,,,,,,,,,,,,,,,,,,,,,,,,,,,,,,,,,,,,,,,,,,,,,,,,,,,,
datasets/gov/aaa/ezeru_monitoringas/EzeruValstybinioMonitoringoDuomenys,446d44fa-1154-42d9-95fb-74f0be28083a,f90607f0-cd65-46d9-a779-c8a6209fd619,,Utenos,Utenas,LTL319,Utenas,POINT (6148545 626618),2019-08-22,20.2,<2,3.6,8.9,8.4,3.6,319.0,0.89,0.02,"<0,001",0.03,0.051,0.61,"<0,002",0.012,,3.3,,,,,,,,,,,,,,,,,,,,,,,,,,,,,,,,,,,,,,,,,,,,,,,,,,,,,,,,,,,,,,,,,,,,,,,,,,,,,,,,,,,,,,,,,
datasets/gov/aaa/ezeru_monitoringas/EzeruValstybinioMonitoringoDuomenys,447e3933-cf72-48ec-bf14-cb78c404cd86,1c4ed7cf-3537-4dff-a65d-d5be248a7d5d,,Utenos,Nevėža,LTL285,Nevėža,POINT (6146804 575316),2020-08-24,21.8,3,4.0,8.5,8.4,2.6,429.0,2.2,0.03,0.016,0.33,0.376,0.39,"<0,002",0.016,,8.1,,,,,,,,,,,,,,,,,,,,,,,,,,,,,,,,,,,,,,,,,,,,,,,,,,,,,,,,,,,,,,,,,,,,,,,,,,,,,,,,,,,,,,,,,
datasets/gov/aaa/ezeru_monitoringas/EzeruValstybinioMonitoringoDuomenys,4488a295-1f4e-4f5c-858f-47fc31b8d412,2ccae0a7-465d-4f0b-9ab5-0603d1ae4fdc,,Utenos,Stirniai,LTL343,Stirniai,POINT (6124518 605749),2017-01-16,0.4,"<1,7",2.5,12.8,8.9,6.7,254.0,1.3,0.04,0.002,0.19,0.232,0.92,"<0,002",0.026,,20.1,,,,,,,,,,,,,,,,,,,,,,,,,,,,,,,,,,,,,,,,,,,,,,,,,,,,,,,,,,,,,,,,,,,,,,,,,,,,,,,,,,,,,,,,,
datasets/gov/aaa/ezeru_monitoringas/EzeruValstybinioMonitoringoDuomenys,44a9c547-fb05-4f41-83c6-9b3342007a6a,63345135-d56c-4deb-8ace-0f2c80a612b7,,Vilniaus RAAD,Vajuonis,LTL325,Vajuonis,,2022-08-24,24.3,<2,3.3,8.6,8.72,3.1,325.0,0.9,"<0,02","<0,005",0.015,0.04,0.158,"<0,015","<0,015",,7.5,,,,,,,,,,,,,,,,,,,,,,,,,,,,,,,,,,,,,,,,,,,,,,,,,,,,,,,,,,,,,,,,,,,,,,,,,,,,,,,,,,,,,,,,,
datasets/gov/aaa/ezeru_monitoringas/EzeruValstybinioMonitoringoDuomenys,44d76b53-9a20-4656-a2f1-52a61f8d5bfc,8c377143-c784-43c1-8611-4d7a8b7b1e12,,Utenos RAAD,Zarasas,LTL171,Zarasas,,2022-08-18,24.7,2.1,3.2,9.6,8.6,3.1,353.0,1.5,0.02,0.002,0.11,0.132,0.42,0.002,0.019,,6.5,,,,,,,,,,,,,,,,,,,,,,,,,,,,,,,,,,,,,,,,,,,,,,,,,,,,,,,,,,,,,,,,,,,,,,,,,,,,,,,,,,,,,,,,,
datasets/gov/aaa/ezeru_monitoringas/EzeruValstybinioMonitoringoDuomenys,44e48bbb-6eef-45d9-a3f6-7ed5acfb85f5,0133c935-543c-48a9-a1e7-dac0d411dec0,,Vilniaus,Šventas,LTL446,Šventas,POINT (6121795 629748),2017-04-27,7.4,4.6,4.1,11.04,8.51,0.9,433.0,0.9,0.118,0.039,2.57,2.727,4.5,"<0,014",0.035,,3.2,,,,,,,,,,,,,,,,,,,,,,,,,,,,,,,,,,,,,,,,,,,,,,,,,,,,,,,,,,,,,,,,,,,,,,,,,,,,,,,,,,,,,,,,,
datasets/gov/aaa/ezeru_monitoringas/EzeruValstybinioMonitoringoDuomenys,44f38e26-c8ee-4f93-b775-5ca83bea453d,997bfb4a-e4d5-4f6a-b075-c2649ba39065,,Utenos,Stirniai,LTL343,Stirniai,POINT (6124518 605749),2018-04-18,9.4,<2,2.5,94.406,8.6,6.6,236.0,1.9,0.06,0.005,0.19,0.255,0.51,"<0,002","<0,0083",,3.62,,,,,,,,,,,,,,,,,,,,,,,,,,,,,,,,,,,,,,,,,,,,,,,,,,,,,,,,,,,,,,,,,,,,,,,,,,,,,,,,,,,,,,,,,
datasets/gov/aaa/ezeru_monitoringas/EzeruValstybinioMonitoringoDuomenys,452aa6ea-03a2-40b3-9dab-ec6c165e4ca0,a0b65f59-0145-408a-8cde-453321851de1,,Utenos,Šventas,LTL39,Šventas,POINT (6166706 644760),2018-10-15,11.7,<2,0.94,107.209,8.2,7.3,94.0,0.68,0.06,"<0,001",0.02,0.081,0.62,"<0,002","<0,0083",,1,,,,,,,,,,,,,,,,,,,,,,,,,,,,,,,,,,,,,,,,,,,,,,,,,,,,,,,,,,,,,,,,,,,,,,,,,,,,,,,,,,,,,,,,,
datasets/gov/aaa/ezeru_monitoringas/EzeruValstybinioMonitoringoDuomenys,452cce5a-9417-4feb-9a51-8287f0502a13,5fc8b8e3-c7d2-4606-adcf-90bb139f6b9b,,Utenos,Utenykštis,LTL320,Utenykštis,POINT (6147667 627613),2019-08-22,20.1,2.2,3.6,8.7,8.3,2.5,324.0,2.1,0.02,"<0,001",0.04,0.061,0.55,"<0,002",0.015,,9.4,,,,,,,,,,,,,,,,,,,,,,,,,,,,,,,,,,,,,,,,,,,,,,,,,,,,,,,,,,,,,,,,,,,,,,,,,,,,,,,,,,,,,,,,,
datasets/gov/aaa/ezeru_monitoringas/EzeruValstybinioMonitoringoDuomenys,452d5b55-8639-4544-adab-e5d2173ddb02,0d52a069-7066-4165-be71-7f90b30546d2,,Utenos,Alnis,LTL65,Alnis,POINT (6127535 606156),2017-08-09,21.7,"<1,7",1.7,9.2,9.1,5.2,155.0,1.3,"<0,014","<0,001",0.02,0.035,0.64,0.002,0.009,,,,,,,,,,,,,,,,,,,,,,,,,,,,,,,,,,,,,,,,,,,,,,,,,,,,,,,,,,,,,,,,,,,,,,,,,,,,,,,,,,,,,,,,,,,
datasets/gov/aaa/ezeru_monitoringas/EzeruValstybinioMonitoringoDuomenys,453eae62-a288-434c-83b1-86a89edd79c2,d6e550c8-51fd-4d24-b6ef-bad9f5ed8539,,Panevėžio,Rašai,LTL462,Rašai,POINT (6184121 608885),2018-07-19,23.4,<2,4.1,111.507,8.8,3,373.0,2.5,"<0,014","<0,001",0.05,0.065,0.62,0.004,0.031,,7,,,,,,,,,,,,,,,,,,,,,,,,,,,,,,,,,,,,,,,,,,,,,,,,,,,,,,,,,,,,,,,,,,,,,,,,,,,,,,,,,,,,,,,,,
datasets/gov/aaa/ezeru_monitoringas/EzeruValstybinioMonitoringoDuomenys,454c2024-3355-42d3-b09c-ca11fc12c3f4,8a3e566b-6223-448c-a5a4-07324c77dd25,,Vilniaus,Šventas,LTL446,Šventas,POINT (6121795 629748),2017-08-21,21.2,4.8,5.1,8.1,8.58,0.7,423.0,4.4,0.098,0.007,0.114,0.219,0.4,"<0,014",0.096,,2.1,,,,,,,,,,,,,,,,,,,,,,,,,,,,,,,,,,,,,,,,,,,,,,,,,,,,,,,,,,,,,,,,,,,,,,,,,,,,,,,,,,,,,,,,,
datasets/gov/aaa/ezeru_monitoringas/EzeruValstybinioMonitoringoDuomenys,4561df67-4ed6-4b6b-9aaa-f7d68a0faf3e,8bba3280-4666-4ab4-91fc-bc7e3fb212ed,,Utenos,Šventas,LTL39,Šventas,POINT (6166706 644760),2018-06-13,19.7,<2,0.92,102.423,9.2,6.3,89.0,0.9,0.014,0.016,0.09,0.12,0.56,0.002,0.009,,1.9,,,,,,,,,,,,,,,,,,,,,,,,,,,,,,,,,,,,,,,,,,,,,,,,,,,,,,,,,,,,,,,,,,,,,,,,,,,,,,,,,,,,,,,,,
datasets/gov/aaa/ezeru_monitoringas/EzeruValstybinioMonitoringoDuomenys,45a3046b-65c5-473c-af61-58089a5073f3,e81059c7-4640-4350-a5e7-382d6d3aaedf,,Utenos,Kemėšys,LTL214,Kemešys,POINT (6139653 616527),2020-07-21,23.3,2.6,3.0,6.3,8.8,1.5,264.0,4.5,"<0,014","<0,001",0.09,0.105,0.67,"<0,002",0.034,,16.6,,,,,,,,,,,,,,,,,,,,,,,,,,,,,,,,,,,,,,,,,,,,,,,,,,,,,,,,,,,,,,,,,,,,,,,,,,,,,,,,,,,,,,,,,
datasets/gov/aaa/ezeru_monitoringas/EzeruValstybinioMonitoringoDuomenys,45ee3e1f-19d5-4966-9f10-10e0713acbf0,21e01d7d-c8e5-4f6d-8f47-111b46aafffd,,Šiaulių,Alsėdžių ežeras,LTL258,Alsėdžių ežeras,POINT (6207315 379242),2020-08-20,22.0,3.4,4.0,8.1,7.9,1.85,359.0,3.2,0.031,0.002,0.016,0.049,0.83,"<0,005",0.031,,11.54,,,,,,,,,,,,,,,,,,,,,,,,,,,,,,,,,,,,,,,,,,,,,,,,,,,,,,,,,,,,,,,,,,,,,,,,,,,,,,,,,,,,,,,,,
datasets/gov/aaa/ezeru_monitoringas/EzeruValstybinioMonitoringoDuomenys,461775e8-d618-4f85-9f65-ee3ad7182dd4,410e8191-6936-40a0-bc0b-b9c41a519c62,,Kauno,Pajiesio tvenkinys,LTL425,Pajiesio tvenkinys,POINT (6068474 494380),2017-09-20,15.2,7.3,5.1,6.1,8.2,0.9,525.0,3.4,0.06,0.006,0.103,0.169,0.9,0.018,0.079,,12.3,,,,,,,,,,,,,,,,,,,,,,,,,,,,,,,,,,,,,,,,,,,,,,,,,,,,,,,,,,,,,,,,,,,,,,,,,,,,,,,,,,,,,,,,,
datasets/gov/aaa/ezeru_monitoringas/EzeruValstybinioMonitoringoDuomenys,46186c9d-8cef-45e2-a798-ec5b1b8b2540,624e3220-e846-4859-b511-878fc1f0f70a,,Utenos,Asavas,LTL310,Asavas,POINT (6167521 638935),2018-07-12,22.4,<2,3.1,97.674,8.8,3.1,281.0,2.1,0.02,"<0,001",0.03,0.051,0.38,"<0,002",0.013,,1.3,,,,,,,,,,,,,,,,,,,,,,,,,,,,,,,,,,,,,,,,,,,,,,,,,,,,,,,,,,,,,,,,,,,,,,,,,,,,,,,,,,,,,,,,,
datasets/gov/aaa/ezeru_monitoringas/EzeruValstybinioMonitoringoDuomenys,464c3c98-ad8f-4f06-900e-b32b4ae7d99e,537ef463-69fe-4d29-a431-756dd5dc5fd7,,Utenos RAAD,Ilgys,LTL305,Ilgys,,2022-08-29,25.2,<2,4.2,7.5,8.2,4.4,381.0,1.2,"<0,014",0.002,0.07,0.086,0.36,0.002,"<0,0081",,4.9,,,,,,,,,,,,,,,,,,,,,,,,,,,,,,,,,,,,,,,,,,,,,,,,,,,,,,,,,,,,,,,,,,,,,,,,,,,,,,,,,,,,,,,,,
datasets/gov/aaa/ezeru_monitoringas/EzeruValstybinioMonitoringoDuomenys,46813bba-628f-4be1-b610-e6ee818cae07,d655223d-6858-4297-bc12-8cb133445a45,,Vilniaus RAAD,Bagdanonių HE tvenkinys,LTL537,Bagdononių HE tvenkinys,,2022-08-18,23.9,<2,3.4,8.03,8.19,2.8,390.0,2.0,0.029,"<0,005",0.039,0.073,0.562,"<0,015",0.021,,10.6,,,,,,,,,,,,,,,,,,,,,,,,,,,,,,,,,,,,,,,,,,,,,,,,,,,,,,,,,,,,,,,,,,,,,,,,,,,,,,,,,,,,,,,,,
datasets/gov/aaa/ezeru_monitoringas/EzeruValstybinioMonitoringoDuomenys,46c92bbb-eff8-4f79-a1fb-408c6caa52e6,ea694b14-b074-4253-9cc4-11eeb1896a7f,,Alytaus,Veisiejis,LTL237,Veisiejis,POINT (5992922 473385),2017-05-30,21.0,5.5,3.2,10.5,8.5,1.4,402.0,3.3,0.03,0.002,0.05,0.082,0.8,0.01,0.029,,17.1,,,,,,,,,,,,,,,,,,,,,,,,,,,,,,,,,,,,,,,,,,,,,,,,,,,,,,,,,,,,,,,,,,,,,,,,,,,,,,,,,,,,,,,,,
datasets/gov/aaa/ezeru_monitoringas/EzeruValstybinioMonitoringoDuomenys,46c95d88-a3a9-41ed-8843-2206ee2129c3,ac1db0fc-c45c-443a-8f4b-52348e0d696d,,Alytaus,Baltosios Ančios HE tvenkinys,LTL189,Baltosios Ančios HE tvenkinys,POINT (5981346 485415),2020-07-15,22.3,4,3.2,12.3,8.5,1.3,336.0,3,0.03,0.006,0.03,0.8,0.066,0.011,0.036,,6.9,,,,,,,,,,,,,,,,,,,,,,,,,,,,,,,,,,,,,,,,,,,,,,,,,,,,,,,,,,,,,,,,,,,,,,,,,,,,,,,,,,,,,,,,,
datasets/gov/aaa/ezeru_monitoringas/EzeruValstybinioMonitoringoDuomenys,46d4216f-0e0d-4678-bd2d-4740f243b960,c2e9a072-d915-4658-a89c-e23f474a564e,,Utenos,Šiurpys,LTL311,Šiurpys,POINT (6169946 635569),2019-09-12,19.9,<2,1.0,8.9,8.7,5.6,95.0,1,0.02,"<0,001",0.03,0.051,0.7,"<0,002","<0,0081",,2.1,,,,,,,,,,,,,,,,,,,,,,,,,,,,,,,,,,,,,,,,,,,,,,,,,,,,,,,,,,,,,,,,,,,,,,,,,,,,,,,,,,,,,,,,,
datasets/gov/aaa/ezeru_monitoringas/EzeruValstybinioMonitoringoDuomenys,46d796a4-beed-47a5-88ec-dfef37fdc35a,aa2ad530-70be-48f7-a3e1-4d193410ca41,,Marijampolės,Orija,LTL202,Orija,POINT (6027652 449130),2020-07-29,22.6,3.5,3.1,10.8,8.6,2.0,468.0,2.8,0.02,0.002,0.04,0.062,0.4,"<0,007",0.041,,19.9,,,,,,,,,,,,,,,,,,,,,,,,,,,,,,,,,,,,,,,,,,,,,,,,,,,,,,,,,,,,,,,,,,,,,,,,,,,,,,,,,,,,,,,,,
datasets/gov/aaa/ezeru_monitoringas/EzeruValstybinioMonitoringoDuomenys,46ee9b9c-323b-4f08-ac84-07318f7b8c65,26db1f87-1caf-41dc-a80f-1b58486870d3,,Utenos,Arinas,LTL230,Arinas,POINT (6104116 606593),2019-10-02,13.0,"<1,9",3.1,9.4,8.36,4.4,338.0,2,0.024,"<0,005",0.036,0.065,0.551,"<0,015",0.016,,3.1,,,,,,,,,,,,,,,,,,,,,,,,,,,,,,,,,,,,,,,,,,,,,,,,,,,,,,,,,,,,,,,,,,,,,,,,,,,,,,,,,,,,,,,,,
datasets/gov/aaa/ezeru_monitoringas/EzeruValstybinioMonitoringoDuomenys,470e9fa9-d504-4dc7-8c96-abeb4431a048,ba101543-cff1-465f-ada7-0bbbc3cab8f4,,Klaipėdos,Tūbausių I tvenkinys,LTL207,Tūbausių I tvenkinys,POINT (6207850 330616),2018-09-13,18.0,3.6,4.1,,8.2,1.2,433.0,2.7,0.067,0.002,"<0,003",0.072,0.74,"<0,005",0.055,,9.81,,,,,,,,,,,,,,,,,,,,,,,,,,,,,,,,,,,,,,,,,,,,,,,,,,,,,,,,,,,,,,,,,,,,,,,,,,,,,,,,,,,,,,,,,
datasets/gov/aaa/ezeru_monitoringas/EzeruValstybinioMonitoringoDuomenys,47236ee6-6d55-4ea1-a5d0-f10de9351220,45cae65b-aa91-490d-a3f7-1f87d6185235,,Alytaus,Krokialaukio tvenkinys,LTL188,Krokialaukio tvenkinys,POINT (6033768 482752),2017-09-18,15.2,5,4.1,6.9,8.1,2.3,482.0,3.7,0.06,0.009,0.12,0.189,0.9,0.029,0.12,,5.7,,,,,,,,,,,,,,,,,,,,,,,,,,,,,,,,,,,,,,,,,,,,,,,,,,,,,,,,,,,,,,,,,,,,,,,,,,,,,,,,,,,,,,,,,
datasets/gov/aaa/ezeru_monitoringas/EzeruValstybinioMonitoringoDuomenys,4732b4fe-c2a2-4fdd-a107-824f7066e7ee,08772401-6f5d-48b1-8ecf-3b0efbbb2365,,Alytaus RAAD,Varėnos m. I tvenkinys,LTL538,Varėnos m. I tvenkinys,,2022-07-20,21.8,3,2.1,10.7,8.5,3.1,296.0,3.6,0.03,0.007,0.09,0.127,0.55,0.022,0.046,,6.8,,,,,,,,,,,,,,,,,,,,,,,,,,,,,,,,,,,,,,,,,,,,,,,,,,,,,,,,,,,,,,,,,,,,,,,,,,,,,,,,,,,,,,,,,
datasets/gov/aaa/ezeru_monitoringas/EzeruValstybinioMonitoringoDuomenys,4762e2dc-fe53-4ee3-ba92-2a65fd89b44e,a8968559-0fb5-4bc7-8fd2-64a5b68d7bdf,,Alytaus RAAD,Galstas,LTL390,Galstas,,2022-07-27,22.6,2,2.9,8.1,8.6,5.9,346.0,1.7,0.03,0.008,0.08,0.118,0.24,"<0,007",0.013,,3.1,,,,,,,,,,,,,,,,,,,,,,,,,,,,,,,,,,,,,,,,,,,,,,,,,,,,,,,,,,,,,,,,,,,,,,,,,,,,,,,,,,,,,,,,,
datasets/gov/aaa/ezeru_monitoringas/EzeruValstybinioMonitoringoDuomenys,477f0b20-6754-47be-9695-6f04591f9c18,30d8c431-7405-48ec-b473-0a1b03b84efb,,Klaipėdos,Tūbausių I tvenkinys,LTL207,Tūbausių I tvenkinys,POINT (6207850 330616),2021-05-07,9.0,5.2,4.3,9.0,8.3,1.3,456.0,2.1,0.026,0.017,2.5,2.543,3.0,"<0,006",0.031,,19.24,,,,,,,,,,,,,,,,,,,,,,,,,,,,,,,,,,,,,,,,,,,,,,,,,,,,,,,,,,,,,,,,,,,,,,,,,,,,,,,,,,,,,,,,,
datasets/gov/aaa/ezeru_monitoringas/EzeruValstybinioMonitoringoDuomenys,478b6bf7-cdc1-40b0-8c14-58b2396a1f1c,d4b8326c-204f-4991-b116-abbd534820a6,,Utenos,Pravalas(Vidugiris),LTL354,Pravalas,POINT (6107581 610998),2019-05-16,14.3,4.9,3.1,8.1,8.01,0.6,299.0,5.3,0.251,0.007,0.102,0.36,0.86,"<0,015",0.039,,31.7,,,,,,,,,,,,,,,,,,,,,,,,,,,,,,,,,,,,,,,,,,,,,,,,,,,,,,,,,,,,,,,,,,,,,,,,,,,,,,,,,,,,,,,,,
datasets/gov/aaa/ezeru_monitoringas/EzeruValstybinioMonitoringoDuomenys,47a1c452-f318-43bc-b702-2001fcf43fc1,c25bf43d-23af-4a21-9825-c9c29a535da7,,Utenos,Utenas,LTL319,Utenas,POINT (6148545 626618),2019-07-16,19.7,<2,3.7,10.9,8.7,3.7,328.0,1.5,0.014,"<0,001",0.04,0.055,0.06,"<0,002",0.012,,2.8,,,,,,,,,,,,,,,,,,,,,,,,,,,,,,,,,,,,,,,,,,,,,,,,,,,,,,,,,,,,,,,,,,,,,,,,,,,,,,,,,,,,,,,,,
datasets/gov/aaa/ezeru_monitoringas/EzeruValstybinioMonitoringoDuomenys,47a55ce5-6393-4f2f-ae93-629ec81dd065,1e325e21-1dae-426d-abf2-4ed9a1af56b5,,Utenos,Pravalas(Vidugiris),LTL354,Pravalas,POINT (6107581 610998),2019-08-27,21.8,47,1.8,15.2,8.95,0.3,242.0,6.5,0.038,0.014,0.153,0.205,2.59,"<0,015",0.027,,148.7,,,,,,,,,,,,,,,,,,,,,,,,,,,,,,,,,,,,,,,,,,,,,,,,,,,,,,,,,,,,,,,,,,,,,,,,,,,,,,,,,,,,,,,,,
datasets/gov/aaa/ezeru_monitoringas/EzeruValstybinioMonitoringoDuomenys,47ad94f5-2a00-4d59-aa24-2a39a508abe0,395c2ef6-c407-405f-ac42-0d011c6fd184,,Vilniaus,Margis,LTL367,Margis,POINT (6052686 553571),2020-10-14,13.9,1.9,3.4,8.4,8.3,3.4,410.0,1.5,0.049,0.018,0.028,0.095,0.292,"<0,015","<0,015",,5.3,,,,,,,,,,,,,,,,,,,,,,,,,,,,,,,,,,,,,,,,,,,,,,,,,,,,,,,,,,,,,,,,,,,,,,,,,,,,,,,,,,,,,,,,,
datasets/gov/aaa/ezeru_monitoringas/EzeruValstybinioMonitoringoDuomenys,47c9ef18-564e-4fae-80d5-bacf4cca37d7,1ffebe00-1e4b-4227-847d-00a8c54384f3,,Šiaulių,Vaitiekūnų tvenkinys,LTL408,Vaitiekūnų tvenkinys,POINT (6150901 477949),2020-09-29,16.0,2.1,4.6,8.9,8.2,2.1,601.0,2.1,0.061,0.02,0.35,0.431,1.5,0.005,0.07,,4.07,,,,,,,,,,,,,,,,,,,,,,,,,,,,,,,,,,,,,,,,,,,,,,,,,,,,,,,,,,,,,,,,,,,,,,,,,,,,,,,,,,,,,,,,,
datasets/gov/aaa/ezeru_monitoringas/EzeruValstybinioMonitoringoDuomenys,47da6e4f-e934-46b1-a7a7-1fc7201de6a9,e86d767c-7639-47cd-9cef-0a2ad30db414,,Vilniaus,Šiemetis,LTL155,Šiemetis,POINT (6066270 556021),2018-09-24,17.8,<2,2.9,84.004,8.22,4.2,326.0,1.4,0.013,"<0,004",0.021,0.038,0.115,"<0,014","<0,014",,7.3,,,,,,,,,,,,,,,,,,,,,,,,,,,,,,,,,,,,,,,,,,,,,,,,,,,,,,,,,,,,,,,,,,,,,,,,,,,,,,,,,,,,,,,,,
datasets/gov/aaa/ezeru_monitoringas/EzeruValstybinioMonitoringoDuomenys,482fa240-76de-4878-9f0c-1402c8d19dfc,9f743961-f049-462c-ade3-6a2b6f8c77d9,,Šiaulių,Laičių I tvenkinys,LTL544,Laičių I tvenkinys,POINT (6198607 491778),2018-08-23,21.0,10,6.0,,8.2,1.3,611.0,5.3,0.017,0.002,"<0,003",0.022,1.5,"<0,005",0.053,,93.78,,,,,,,,,,,,,,,,,,,,,,,,,,,,,,,,,,,,,,,,,,,,,,,,,,,,,,,,,,,,,,,,,,,,,,,,,,,,,,,,,,,,,,,,,
datasets/gov/aaa/ezeru_monitoringas/EzeruValstybinioMonitoringoDuomenys,4833280e-f11d-4932-89ad-649a3f16262b,03920724-9cd1-4b99-8d4c-42d3353c7993,,Utenos,Kemėšys,LTL214,Kemešys,POINT (6139653 616527),2020-08-17,22.6,6,3.0,9.7,8.7,1.0,270.0,4.7,"<0,014","<0,001",0.1,0.115,1.1,"<0,002",0.029,,16.9,,,,,,,,,,,,,,,,,,,,,,,,,,,,,,,,,,,,,,,,,,,,,,,,,,,,,,,,,,,,,,,,,,,,,,,,,,,,,,,,,,,,,,,,,
datasets/gov/aaa/ezeru_monitoringas/EzeruValstybinioMonitoringoDuomenys,4849556b-93e1-4907-8f1a-d90c01bff030,84828826-93c1-41b6-8d41-4b64d66a56fe,,Utenos RAAD,Dysnykštis,LTL156,Dysnykštis,,2022-10-13,9.4,21,3.6,11.3,8.6,0.8,338.0,2.3,0.03,"<0,001",0.03,0.061,0.53,0.003,0.02,,14.2,,,,,,,,,,,,,,,,,,,,,,,,,,,,,,,,,,,,,,,,,,,,,,,,,,,,,,,,,,,,,,,,,,,,,,,,,,,,,,,,,,,,,,,,,
datasets/gov/aaa/ezeru_monitoringas/EzeruValstybinioMonitoringoDuomenys,48594646-4f75-4c33-85f4-ae618cbc37cf,2a34aec6-bbd2-4bcd-bf3d-0cfbdc07770a,,Utenos,Makys,LTL284,Makys,POINT (6126561 574960),2018-10-01,13.2,<2,2.4,92.823,8.3,3.7,232.0,1.6,0.02,"<0,001",0.03,0.051,0.46,0.005,0.019,,4.9,,,,,,,,,,,,,,,,,,,,,,,,,,,,,,,,,,,,,,,,,,,,,,,,,,,,,,,,,,,,,,,,,,,,,,,,,,,,,,,,,,,,,,,,,
datasets/gov/aaa/ezeru_monitoringas/EzeruValstybinioMonitoringoDuomenys,4860f14d-2532-4216-afb1-542fdcdfaa18,e7c523f1-45b5-4954-aaba-13da66debd03,,Utenos RAAD,Padysnio HE tvenkinys,LTL164,Padysnio HE,,2022-07-28,21.5,9.3,3,8.2,8.2,1.0,352.0,3.7,0.02,"<0,001",0.05,0.071,0.72,0.007,0.045,,55.9,,,,,,,,,,,,,,,,,,,,,,,,,,,,,,,,,,,,,,,,,,,,,,,,,,,,,,,,,,,,,,,,,,,,,,,,,,,,,,,,,,,,,,,,,
datasets/gov/aaa/ezeru_monitoringas/EzeruValstybinioMonitoringoDuomenys,486598eb-0202-4431-aef5-d1ef24f7ea47,4bf17202-a10f-4d9c-a52a-f6fd6581d75e,,Vilniaus,Ilgajis,LTL279,Ilgajis,POINT (6130564 536518),2017-08-24,19.6,7.6,3.9,6.1,8.29,0.5,384.0,3.5,0.077,0.007,0.741,0.825,0.832,"<0,014",0.027,,7.4,,,,,,,,,,,,,,,,,,,,,,,,,,,,,,,,,,,,,,,,,,,,,,,,,,,,,,,,,,,,,,,,,,,,,,,,,,,,,,,,,,,,,,,,,
datasets/gov/aaa/ezeru_monitoringas/EzeruValstybinioMonitoringoDuomenys,486fc02e-08ac-407c-8f4b-760c90645ad5,5e345640-2823-4362-816c-704ceaafab75,,Alytaus,Pabezninkų ežeras,LTL375,Pabezninkų ež.,POINT (6023828 537110),2019-07-30,24.75,10,3.05,9.25,7.6,0.75,222.5,3.4,0.05,0.0035,0.19,0.245,1.65,0.0125,0.064,,26.1,,,,,,,,,,,,,,,,,,,,,,,,,,,,,,,,,,,,,,,,,,,,,,,,,,,,,,,,,,,,,,,,,,,,,,,,,,,,,,,,,,,,,,,,,
datasets/gov/aaa/ezeru_monitoringas/EzeruValstybinioMonitoringoDuomenys,4870073e-66fd-4802-bce7-3a6e573397d8,7e8f3be9-968e-4edb-8346-f7877266a404,,Utenos RAAD,Avilys,LTL299,Avilys,,2022-07-27,21.9,<2,2.4,8.8,8.3,3.9,260.0,1.1,"<0,014","<0,001",0.04,0.055,0.75,0.003,0.009,,6.5,,,,,,,,,,,,,,,,,,,,,,,,,,,,,,,,,,,,,,,,,,,,,,,,,,,,,,,,,,,,,,,,,,,,,,,,,,,,,,,,,,,,,,,,,
datasets/gov/aaa/ezeru_monitoringas/EzeruValstybinioMonitoringoDuomenys,4874a05f-2673-484c-9eff-2135c09c9af6,e993691b-ed20-4d45-afed-e32c3f56efd3,,Šiaulių,Viekšnalių ežeras,LTL505,Viekšnalių ež.,POINT (6191599 405717),2018-10-23,10.0,4.9,2.0,,8.8,   Nematuota,314.0,3.7,0.028,0.002,"<0,003",0.033,0.94,0.005,0.061,,12.37,,,,,,,,,,,,,,,,,,,,,,,,,,,,,,,,,,,,,,,,,,,,,,,,,,,,,,,,,,,,,,,,,,,,,,,,,,,,,,,,,,,,,,,,,
datasets/gov/aaa/ezeru_monitoringas/EzeruValstybinioMonitoringoDuomenys,48965a77-3b33-4b6b-95fd-d85362cf09fa,fbadb778-9198-4ba8-abaa-b4150a6d392f,,Alytaus,Stirtos,LTL517,Stirtos,POINT (5986337 485957),2018-05-28,23.3,4,3.5,117.16,8.5,2.8,389.0,2.7,0.05,0.003,0.05,0.103,0.8,0.014,0.025,,9.5,,,,,,,,,,,,,,,,,,,,,,,,,,,,,,,,,,,,,,,,,,,,,,,,,,,,,,,,,,,,,,,,,,,,,,,,,,,,,,,,,,,,,,,,,
datasets/gov/aaa/ezeru_monitoringas/EzeruValstybinioMonitoringoDuomenys,48b28834-12b0-4444-bc99-3b43c6c1dce4,e99141de-33dc-4f52-9d8a-84d4359704f0,,Utenos,Ilmėdas,LTL351,Ilmėdas,POINT (6126210 598293),2018-05-16,18.4,<2,3.1,115.88,8.9,3.8,301.0,1.5,0.02,0.003,0.07,0.093,0.59,0.005,0.009,,15.39,,,,,,,,,,,,,,,,,,,,,,,,,,,,,,,,,,,,,,,,,,,,,,,,,,,,,,,,,,,,,,,,,,,,,,,,,,,,,,,,,,,,,,,,,
datasets/gov/aaa/ezeru_monitoringas/EzeruValstybinioMonitoringoDuomenys,48c87f6b-dd99-412c-97b7-4f22c58baa9c,71eb30f3-8708-40fc-ab1e-ef29de9f34a5,,Utenos,Dūburaitis,LTL528,Dūburaitis,POINT (6187179 624173),2020-07-28,23.0,4.6,3.4,8.8,8.4,1.0,385.0,1.5,0.02,0.001,0.04,0.061,0.53,0.002,0.014,,3.2,,,,,,,,,,,,,,,,,,,,,,,,,,,,,,,,,,,,,,,,,,,,,,,,,,,,,,,,,,,,,,,,,,,,,,,,,,,,,,,,,,,,,,,,,
datasets/gov/aaa/ezeru_monitoringas/EzeruValstybinioMonitoringoDuomenys,48d1daf9-46bd-4123-8077-d89edd506cdb,f9472bba-2b1e-4af3-9535-05e5090db580,,Utenos,Luodis,LTL312,Luodis,POINT (6163284 639476),2020-08-13,21.1,<2,2.7,9.3,8.7,4.2,250.0,1.1,0.014,"<0,001",0.03,0.045,0.43,"<0,002",0.011,,3.4,,,,,,,,,,,,,,,,,,,,,,,,,,,,,,,,,,,,,,,,,,,,,,,,,,,,,,,,,,,,,,,,,,,,,,,,,,,,,,,,,,,,,,,,,
datasets/gov/aaa/ezeru_monitoringas/EzeruValstybinioMonitoringoDuomenys,48ef40a9-7310-4dfa-bcf6-530fbc3a562b,4fd3cdb4-8cec-463b-9bee-65168c1facb1,,Vilniaus,Spėra,LTL114,Spėra,POINT (6087485 557081),2019-10-10,9.4,2.1,2.6,9.0,8.2,0.8,285.0,4.9,0.104,"<0,005",0.084,0.193,0.677,"<0,015",0.023,,37.4,,,,,,,,,,,,,,,,,,,,,,,,,,,,,,,,,,,,,,,,,,,,,,,,,,,,,,,,,,,,,,,,,,,,,,,,,,,,,,,,,,,,,,,,,
datasets/gov/aaa/ezeru_monitoringas/EzeruValstybinioMonitoringoDuomenys,490940db-c9ca-44f7-9390-c73276db99ad,2f5f9a91-0276-4166-9c69-cc7a79efdbe9,,Alytaus,Ilgis,LTL374,Ilgis,POINT (6036751 525398),2018-08-22,24.3,6.5,2.9,115.802,8.6,1.1,231.0,5.2,0.03,0.002,0.08,0.112,1.1,0.013,0.06,,18.4,,,,,,,,,,,,,,,,,,,,,,,,,,,,,,,,,,,,,,,,,,,,,,,,,,,,,,,,,,,,,,,,,,,,,,,,,,,,,,,,,,,,,,,,,
datasets/gov/aaa/ezeru_monitoringas/EzeruValstybinioMonitoringoDuomenys,491ce154-33a9-490c-b836-8794d4885c8c,27e8cc08-0861-469f-9bbe-bd69730150ce,,Vilniaus,Antakmenių ežeras,LTL115,Antakmenių ežeras,POINT (6052356 536423),2019-09-26,13.8,11,2.6,8.5,8.1,2.1,308.0,3,0.15,0.006,0.1,0.256,0.5,0.013,0.036,,13.3,,,,,,,,,,,,,,,,,,,,,,,,,,,,,,,,,,,,,,,,,,,,,,,,,,,,,,,,,,,,,,,,,,,,,,,,,,,,,,,,,,,,,,,,,
datasets/gov/aaa/ezeru_monitoringas/EzeruValstybinioMonitoringoDuomenys,496917db-a879-452b-8503-560bea13ea98,b4643444-1da7-41c9-baa6-ebfb72e22b6a,,Alytaus,Kaviškis,LTL395,Kaviškis,POINT (5985400 472067),2019-08-19,23.0,6,3.1,10.6,8.6,2.1,242.0,2.7,0.04,0.003,0.59,0.633,0.6,0.014,0.036,,4.0,,,,,,,,,,,,,,,,,,,,,,,,,,,,,,,,,,,,,,,,,,,,,,,,,,,,,,,,,,,,,,,,,,,,,,,,,,,,,,,,,,,,,,,,,
datasets/gov/aaa/ezeru_monitoringas/EzeruValstybinioMonitoringoDuomenys,4a22defd-8aff-49df-b1cd-2d0c29297276,dc8274ec-e214-4f67-be1f-b13ef53b5d1b,,Šiaulių,Laičių I tvenkinys,LTL544,Laičių I tvenkinys,POINT (6198607 491778),2018-07-19,25.0,<2,3.6,,8.3,2,496.0,3.3,0.018,0.002,"<0,003",0.023,1.3,"<0,005",0.029,,2.99,,,,,,,,,,,,,,,,,,,,,,,,,,,,,,,,,,,,,,,,,,,,,,,,,,,,,,,,,,,,,,,,,,,,,,,,,,,,,,,,,,,,,,,,,
datasets/gov/aaa/ezeru_monitoringas/EzeruValstybinioMonitoringoDuomenys,4a6f8baa-9c03-48d7-965f-7098c6342737,8de317f2-9e72-497b-9979-e5ae13dec99c,,Utenos RAAD,Lamėstas,LTL444,Lamėstas,,2022-08-29,24.5,<2,3.6,8.8,8.48,2.1,394.0,2.6,0.02,"<0,005",0.063,0.088,0.151,"<0,015","<0,015",,5.2,,,,,,,,,,,,,,,,,,,,,,,,,,,,,,,,,,,,,,,,,,,,,,,,,,,,,,,,,,,,,,,,,,,,,,,,,,,,,,,,,,,,,,,,,
datasets/gov/aaa/ezeru_monitoringas/EzeruValstybinioMonitoringoDuomenys,4a7dc439-e0d4-45f3-a451-199a3bd4d8a0,28717d1e-db52-4e3c-822e-8c259c0738e7,,Alytaus,Dusia,LTL43,Dusia,POINT (6017007 479686),2017-09-19,15.9,3.5,2.7,7.7,8.2,5.6,333.0,2.1,0.03,0.001,0.01,0.041,0.4,0.014,0.03,,18.3,,,,,,,,,,,,,,,,,,,,,,,,,,,,,,,,,,,,,,,,,,,,,,,,,,,,,,,,,,,,,,,,,,,,,,,,,,,,,,,,,,,,,,,,,
datasets/gov/aaa/ezeru_monitoringas/EzeruValstybinioMonitoringoDuomenys,4aa2b231-fc53-4a0e-9afd-f3fd63e7164a,a3cbe8ff-f99f-4ba5-b677-515ee00ef5d8,,Alytaus,Vernijis,LTL393,Vernijis,POINT (5998083 480687),2018-05-30,24.9,5.5,4.4,131.868,8.5,2.55,495.0,3.4,0.07,0.003,0.04,0.113,0.8,0.032,0.091,,9.3,,,,,,,,,,,,,,,,,,,,,,,,,,,,,,,,,,,,,,,,,,,,,,,,,,,,,,,,,,,,,,,,,,,,,,,,,,,,,,,,,,,,,,,,,
datasets/gov/aaa/ezeru_monitoringas/EzeruValstybinioMonitoringoDuomenys,4ad1b2a4-691b-4d7e-b222-c74a1510d80a,4fd7df0d-0f60-49fc-bb37-d212647b70fa,,Panevėžio RAAD,Gačionių ežeras,LTL294,Gačionių ežeras,,2022-07-20,20.7,7.8,3.8,9.4,8.4,1.7,380.0,3.0,0.02,0.013,0.03,0.063,0.82,"<0,002",0.027,,11.6,,,,,,,,,,,,,,,,,,,,,,,,,,,,,,,,,,,,,,,,,,,,,,,,,,,,,,,,,,,,,,,,,,,,,,,,,,,,,,,,,,,,,,,,,
datasets/gov/aaa/ezeru_monitoringas/EzeruValstybinioMonitoringoDuomenys,4ad2203b-f30f-4d56-855a-2f1a37291337,d854252d-df1b-44f0-a19e-cb536e37d9be,,Šiaulių,Laičių I tvenkinys,LTL544,Laičių I tvenkinys,POINT (6198607 491778),2018-05-03,17.0,<2,6.2,,8.7,1.4,711.0,1.3,0.01,0.042,3,3.052,3.4,"<0,005",0.051,,30.37,,,,,,,,,,,,,,,,,,,,,,,,,,,,,,,,,,,,,,,,,,,,,,,,,,,,,,,,,,,,,,,,,,,,,,,,,,,,,,,,,,,,,,,,,
datasets/gov/aaa/ezeru_monitoringas/EzeruValstybinioMonitoringoDuomenys,4b09632e-c5e4-4fb8-bed2-143d5fbdef1d,bdb4252a-4984-48c3-9b95-f1f2b966ae3c,,Utenos,Asalnai,LTL324,Asalnai,POINT (6137224 629487),2019-09-25,13.9,<2,3.1,8.1,8.4,5.8,309.0,1.1,"<0,014","<0,001",0.03,0.045,0.48,0.002,0.014,,2.8,,,,,,,,,,,,,,,,,,,,,,,,,,,,,,,,,,,,,,,,,,,,,,,,,,,,,,,,,,,,,,,,,,,,,,,,,,,,,,,,,,,,,,,,,
datasets/gov/aaa/ezeru_monitoringas/EzeruValstybinioMonitoringoDuomenys,4b316cfb-2dd8-4bbf-81a0-678c7be201cc,91126846-ab90-495a-bbf2-f9b8c3dfd3ad,,Utenos,Utenas,LTL319,Utenas,POINT (6148545 626618),2019-05-06,11.0,<2,3.5,11.8,8.7,3.8,338.0,2.2,0.03,0.003,0.3,0.333,0.68,0.012,0.016,,5.1,,,,,,,,,,,,,,,,,,,,,,,,,,,,,,,,,,,,,,,,,,,,,,,,,,,,,,,,,,,,,,,,,,,,,,,,,,,,,,,,,,,,,,,,,
datasets/gov/aaa/ezeru_monitoringas/EzeruValstybinioMonitoringoDuomenys,4b380c7a-9916-4b54-ad74-761005c6aca2,48e18a6d-00bd-49ea-b469-3ec3d025d835,,Šiaulių,Gondingos HE tvenkinys,LTL401,Gondingos HE tvenkinys,POINT (6199101 362292),2018-05-02,13.0,<2,2.8,,8.4,2.3,337.0,0.6,0.019,0.008,0.32,0.347,0.91,"<0,005",0.026,,3.69,,,,,,,,,,,,,,,,,,,,,,,,,,,,,,,,,,,,,,,,,,,,,,,,,,,,,,,,,,,,,,,,,,,,,,,,,,,,,,,,,,,,,,,,,
datasets/gov/aaa/ezeru_monitoringas/EzeruValstybinioMonitoringoDuomenys,4b432bec-02a7-4b88-bbf4-8c3056a228d0,350487e5-d4b7-4c8d-9692-5b6d5f2d2d60,,Utenos,Uolys,LTL533,Uolys,POINT (6166648 624213),2020-07-29,22.7,<2,3.6,8.5,8.4,1.6,329.0,1.1,"<0,014","<0,001",0.02,0.035,0.44,"<0,002",0.011,,2.5,,,,,,,,,,,,,,,,,,,,,,,,,,,,,,,,,,,,,,,,,,,,,,,,,,,,,,,,,,,,,,,,,,,,,,,,,,,,,,,,,,,,,,,,,
datasets/gov/aaa/ezeru_monitoringas/EzeruValstybinioMonitoringoDuomenys,4b45fd72-3c70-4bf6-a8b8-0792397b7ea6,bb624564-1e5c-48b4-aeb6-1509981a144b,,Utenos,Žiegas,LTL296,Žiegas,POINT (6179486 611700),2020-07-15,20.8,<2,2.5,8.2,8.6,5.0,231.0,1.3,"<0,014","<0,001",0.02,0.035,0.54,"<0,002",0.016,,4.3,,,,,,,,,,,,,,,,,,,,,,,,,,,,,,,,,,,,,,,,,,,,,,,,,,,,,,,,,,,,,,,,,,,,,,,,,,,,,,,,,,,,,,,,,
datasets/gov/aaa/ezeru_monitoringas/EzeruValstybinioMonitoringoDuomenys,4b9e30f4-1796-40e3-8006-7c0dbdf1a3e7,5e747e5e-3913-43c6-ae81-23bdbbe7d5ee,,Kauno,Janušonių tvenkinys,LTL412,Janušonių tvenkinys,POINT (6110588 490400),2017-10-02,13.4,8.4,4.5,10.2,8.66,0.7,482.0,5.0,0.05,0.009,0.13,0.189,1.4,"<0,006",0.081,,25.9,,,,,,,,,,,,,,,,,,,,,,,,,,,,,,,,,,,,,,,,,,,,,,,,,,,,,,,,,,,,,,,,,,,,,,,,,,,,,,,,,,,,,,,,,
datasets/gov/aaa/ezeru_monitoringas/EzeruValstybinioMonitoringoDuomenys,4be1b182-2d75-4004-9f54-dc0d399ef680,cf6e859f-d45d-4d3f-a2f0-0a3241dae46c,,Aplinkos apsaugos departamento Šiaulių valdyba,Gudelių ežeras,LTL264,Gudelių ež.,,2022-08-22,24.0,87,4,7.7,7.6,1.2,411.0,8.0,0.036,"<0,001",0.012,0.049,1.0,"<0,006",0.1,,33.3,,,,,,,,,,,,,,,,,,,,,,,,,,,,,,,,,,,,,,,,,,,,,,,,,,,,,,,,,,,,,,,,,,,,,,,,,,,,,,,,,,,,,,,,,
datasets/gov/aaa/ezeru_monitoringas/EzeruValstybinioMonitoringoDuomenys,4beec7c3-46c1-41bb-bc06-f3676a91765e,0c649aae-73b7-4441-99fb-f538e7ad18df,,Šiaulių,Germantas,LTL256,Germantas,POINT (6206649 384054),2021-09-20,13.0,"<1,4",2.4,8.0,8.7,2.9,211.0,0.88,0.035,0.001,0.027,0.063,0.51,"<0,006",0.022,,4.14,,,,,,,,,,,,,,,,,,,,,,,,,,,,,,,,,,,,,,,,,,,,,,,,,,,,,,,,,,,,,,,,,,,,,,,,,,,,,,,,,,,,,,,,,
datasets/gov/aaa/ezeru_monitoringas/EzeruValstybinioMonitoringoDuomenys,4c6e7e5d-3ca7-44ee-9f0b-c2389bb82678,15da30da-4f2e-4dce-b67e-6e0bb16dda72,,Vilniaus,Totoriškių ežeras,LTL467,Totoriškių ež.,POINT (6056190 559974),2020-09-23,16.5,"<1,9",2.8,9.2,8.43,5.0,497.0,1.3,0.019,"<0,005",0.02,0.044,0.212,"<0,015","<0,015",,4.4,,,,,,,,,,,,,,,,,,,,,,,,,,,,,,,,,,,,,,,,,,,,,,,,,,,,,,,,,,,,,,,,,,,,,,,,,,,,,,,,,,,,,,,,,
datasets/gov/aaa/ezeru_monitoringas/EzeruValstybinioMonitoringoDuomenys,4cbe5d30-45b9-4e98-bb84-e8bb10c14fab,ff2ee58d-db10-4ec7-8e81-2a5ee44db4cb,,Utenos,Stirniai,LTL343,Stirniai,POINT (6124518 605749),2017-08-09,21.4,"<1,7",2.5,8.1,8.8,5.0,228.0,1.4,"<0,014",0.001,0.03,0.045,0.57,0.002,0.016,,23.0,,,,,,,,,,,,,,,,,,,,,,,,,,,,,,,,,,,,,,,,,,,,,,,,,,,,,,,,,,,,,,,,,,,,,,,,,,,,,,,,,,,,,,,,,
datasets/gov/aaa/ezeru_monitoringas/EzeruValstybinioMonitoringoDuomenys,4d1ca96f-8ee9-49ae-a93e-c9860b3bb776,3948e257-ee98-4ed4-89d7-a880edba13f5,,Šiaulių,Ilgis,LTL204,Ilgis,POINT (6210196 364291),2017-08-16,20.0,2,1.9,5.6,7.7,2.2,173.0,3.0,0.008,0.002,0.003,0.013,0.5,0.005,0.017,,3.31,,,,,,,,,,,,,,,,,,,,,,,,,,,,,,,,,,,,,,,,,,,,,,,,,,,,,,,,,,,,,,,,,,,,,,,,,,,,,,,,,,,,,,,,,
datasets/gov/aaa/ezeru_monitoringas/EzeruValstybinioMonitoringoDuomenys,4d43b5d2-7943-4496-bf58-3521c63c70a1,ed59cfda-70de-43fa-8125-f47d635e91f3,,Utenos,Uolys,LTL533,Uolys,POINT (6166648 624213),2020-08-26,20.9,<2,3.5,8.3,8.4,3.2,330.0,1.6,0.014,"<0,001",0.06,0.075,0.37,"<0,002",0.01,,3.8,,,,,,,,,,,,,,,,,,,,,,,,,,,,,,,,,,,,,,,,,,,,,,,,,,,,,,,,,,,,,,,,,,,,,,,,,,,,,,,,,,,,,,,,,
datasets/gov/aaa/ezeru_monitoringas/EzeruValstybinioMonitoringoDuomenys,4d68d3c4-d9ba-444e-a0d9-68edbd137d5e,3d534660-582c-4a7f-aec7-9cdcf0ec8c93,,Utenos,Čičirys,LTL222,Čičirys,POINT (6187704 628556),2021-07-14,27.7,<2,3.2,8.6,8.5,6.2,278.0,0.95,"<0,014",0.004,0.03,0.048,0.51,0.003,"<0,0081",,2.8,,,,,,,,,,,,,,,,,,,,,,,,,,,,,,,,,,,,,,,,,,,,,,,,,,,,,,,,,,,,,,,,,,,,,,,,,,,,,,,,,,,,,,,,,
datasets/gov/aaa/ezeru_monitoringas/EzeruValstybinioMonitoringoDuomenys,4d897149-3609-4459-811d-c0df6b93edc7,326d83bb-ff90-4f25-9b55-dff12d10d866,,Vilniaus RAAD,Mažasai Siaurys,LTL352,Mažasai Siaurys,,2022-05-19,13.4,<2,0.6,9.1,8.14,6.4,57.0,0.8,0.14,"<0,005",0.047,0.192,0.644,"<0,015","<0,015",,2.65,,,,,,,,,,,,,,,,,,,,,,,,,,,,,,,,,,,,,,,,,,,,,,,,,,,,,,,,,,,,,,,,,,,,,,,,,,,,,,,,,,,,,,,,,
datasets/gov/aaa/ezeru_monitoringas/EzeruValstybinioMonitoringoDuomenys,4d8e3563-27fa-4e7a-be8a-2dbc1513f387,8cc6451a-4449-4241-9b03-c48f74b7b1cd,,Utenos RAAD,Svėdasas,LTL170,Svėdasas,,2022-05-03,10.4,<2,3.6,12.7,8.5,2.7,450.0,2.1,0.02,0.01,0.77,0.8,2.0,0.002,0.029,,9.5,,,,,,,,,,,,,,,,,,,,,,,,,,,,,,,,,,,,,,,,,,,,,,,,,,,,,,,,,,,,,,,,,,,,,,,,,,,,,,,,,,,,,,,,,
datasets/gov/aaa/ezeru_monitoringas/EzeruValstybinioMonitoringoDuomenys,4d999c40-0881-43f9-9169-e50080e56a13,0cadd335-4a55-44cb-b7bc-c416751f6cd4,,Utenos,Asavas,LTL310,Asavas,POINT (6167521 638935),2020-09-14,16.5,4.3,2.7,9.0,8.3,3.0,266.0,1.7,"<0,014","<0,001",0.01,0.025,0.23,0.013,0.015,,5.9,,,,,,,,,,,,,,,,,,,,,,,,,,,,,,,,,,,,,,,,,,,,,,,,,,,,,,,,,,,,,,,,,,,,,,,,,,,,,,,,,,,,,,,,,
datasets/gov/aaa/ezeru_monitoringas/EzeruValstybinioMonitoringoDuomenys,4dc0ee70-1e9c-4341-95af-b470049b3a2d,4b416489-6e00-4e22-b583-09874977ee58,,Utenos,Grabuostas,LTL360,Grabuostas,POINT (6114414 584709),2020-08-24,22.2,3.2,2.5,8.5,8.55,1.6,278.0,3.3,"<0,015","<0,005",0.048,0.068,0.551,"<0,015",0.044,,28.9,,,,,,,,,,,,,,,,,,,,,,,,,,,,,,,,,,,,,,,,,,,,,,,,,,,,,,,,,,,,,,,,,,,,,,,,,,,,,,,,,,,,,,,,,
datasets/gov/aaa/ezeru_monitoringas/EzeruValstybinioMonitoringoDuomenys,4de43db4-5d60-4012-96c6-789266deb7a5,ee2517f4-246d-4e86-bc5a-73adf0660ac6,,Panevėžio,Juodis,LTL541,Juodis,POINT (6148577 529911),2017-08-28,18.9,11,3.5,8.5,8.8,0.7,355.0,5.9,0.03,0.012,0.15,0.192,1.5,0.005,0.05,,20.13,,,,,,,,,,,,,,,,,,,,,,,,,,,,,,,,,,,,,,,,,,,,,,,,,,,,,,,,,,,,,,,,,,,,,,,,,,,,,,,,,,,,,,,,,
datasets/gov/aaa/ezeru_monitoringas/EzeruValstybinioMonitoringoDuomenys,4df44cf8-f3e6-4e93-b8ab-ff1789bc966b,f0aec908-81a3-4313-a78a-586397a574fc,,Marijampolės RAAD,Voverių tvenkinys,LTL519,Voverių tvenkinys,,2022-09-15,14.8,12,3.9,9.3,8.4,1.0,632.0,5.4,0.05,0.043,0.77,0.863,1.1,"<0,007",0.051,,98.9,,,,,,,,,,,,,,,,,,,,,,,,,,,,,,,,,,,,,,,,,,,,,,,,,,,,,,,,,,,,,,,,,,,,,,,,,,,,,,,,,,,,,,,,,
datasets/gov/aaa/ezeru_monitoringas/EzeruValstybinioMonitoringoDuomenys,4dfac21b-bb76-45cd-8522-ee4121e2e524,7dd48cc3-bcbe-4357-95b8-6a471004a7b9,,Kauno,KAUNO MARIOS,LTL71,Kauno marios,POINT (6084954 505731),2018-03-08,0.6,"<2,5",3.7,82.582,7.51,1.4,450.0,2.2,0.14,0.012,1.6,1.752,2.3,0.036,0.083,11.5,,247,"<0,01","<0,1",<1,<1,1.3,"<0,5",0.38,<30,"<0,1",<2,<30,"<0,002",0.002,"<0,002","<0,004",0.002,0.001,"<0,004","<0,003","<0,05","<0,05","<0,05","<0,05","<0,05","<0,05",,,,,,,,,,,"<0,005","<0,005","<0,005","<0,005","<0,005","<0,005","<0,005","<0,005","<0,005","<0,004","<0,004","<0,005","<0,005","<0,005","<0,005","<0,025","<0,04","<0,04","<0,04","<0,05","<0,04","<0,004","<0,003","<0,5","<0,5","<0,5","<0,005","<0,005",,0.33,"<0,005","<0,005","<0,005","<0,005","<0,005","<0,005","<0,005",,,,,,,,"<0,005","<0,034","<0,0023","<0,0003","<0,0002","<0,013",,,
datasets/gov/aaa/ezeru_monitoringas/EzeruValstybinioMonitoringoDuomenys,4e110317-c8d9-4091-9a53-aab1d2f427fe,29632847-0f32-412d-91b1-d8718d57ed69,,Utenos,Čičirys,LTL222,Čičirys,POINT (6187704 628556),2020-01-20,1.7,<2,3.0,14.0,8.5,7.3,323.0,2.1,0.03,0.001,0.14,0.171,0.36,0.007,0.009,,,,,,,,,,,,,,,,,,,,,,,,,,,,,,,,,,,,,,,,,,,,,,,,,,,,,,,,,,,,,,,,,,,,,,,,,,,,,,,,,,,,,,,,,,,
datasets/gov/aaa/ezeru_monitoringas/EzeruValstybinioMonitoringoDuomenys,4e112040-0449-40ed-9585-76610001286b,2439b5c6-c678-4438-a0dd-ca2a773002a4,,Utenos,Asavas,LTL310,Asavas,POINT (6167521 638935),2021-07-12,27.5,<2,2.8,8.7,8.5,4.6,249.0,1.5,"<0,014","<0,001",0.11,0.125,0.57,0.004,0.011,,3.7,,,,,,,,,,,,,,,,,,,,,,,,,,,,,,,,,,,,,,,,,,,,,,,,,,,,,,,,,,,,,,,,,,,,,,,,,,,,,,,,,,,,,,,,,
datasets/gov/aaa/ezeru_monitoringas/EzeruValstybinioMonitoringoDuomenys,4e13f05f-be31-4945-8156-8bf0147f5035,40e7754a-d373-4fba-b0b4-a90bafdb6505,,Alytaus,Balandis,LTL546,Balandis,POINT (5995701 468082),2018-10-04,12.9,5.5,3.1,97.909,8.4,5.3,305.0,1.9,0.06,0.002,0.08,0.142,0.6,0.014,0.053,,5.3,,,,,,,,,,,,,,,,,,,,,,,,,,,,,,,,,,,,,,,,,,,,,,,,,,,,,,,,,,,,,,,,,,,,,,,,,,,,,,,,,,,,,,,,,
datasets/gov/aaa/ezeru_monitoringas/EzeruValstybinioMonitoringoDuomenys,4e8e4271-23cf-40bb-965e-98a120344621,15b1c579-6e12-44ca-af71-5d66633d81e3,,Vilniaus,Balsys(Žalieji ežerai),LTL509,Balsys (Žalieji ežerai),POINT (6073599 585625),2021-09-28,13.0,<2,3.0,10.6,8.48,3.7,320.0,1.7,"<0,015","<0,005","<0,015",0.035,0.202,"<0,015","<0,015",,11.69,,,,,,,,,,,,,,,,,,,,,,,,,,,,,,,,,,,,,,,,,,,,,,,,,,,,,,,,,,,,,,,,,,,,,,,,,,,,,,,,,,,,,,,,,
datasets/gov/aaa/ezeru_monitoringas/EzeruValstybinioMonitoringoDuomenys,4ef49335-0d04-46db-ab50-d8b46a2f3936,1960924a-49bb-4dfe-82ba-757321550e60,,Vilniaus,Totoriškių ežeras,LTL467,Totoriškių ež.,POINT (6056190 559974),2020-08-18,22.8,"<1,9",2.8,8.9,8.62,2.4,491.0,1.6,"<0,015","<0,005","<0,015",0.035,0.112,"<0,015",0.047,,3.6,,,,,,,,,,,,,,,,,,,,,,,,,,,,,,,,,,,,,,,,,,,,,,,,,,,,,,,,,,,,,,,,,,,,,,,,,,,,,,,,,,,,,,,,,
datasets/gov/aaa/ezeru_monitoringas/EzeruValstybinioMonitoringoDuomenys,4f0567e7-2877-4330-867d-db29d6fe3fb9,b8c5fb5e-525e-49b9-a3a4-a5865dbda8a5,,Šiaulių,Gondingos HE tvenkinys,LTL401,Gondingos HE tvenkinys,POINT (6199101 362292),2018-07-17,24.0,<2,2.8,,8.4,3,343.0,4.3,0.022,0.003,"<0,003",0.028,0.63,"<0,005",0.03,,9.95,,,,,,,,,,,,,,,,,,,,,,,,,,,,,,,,,,,,,,,,,,,,,,,,,,,,,,,,,,,,,,,,,,,,,,,,,,,,,,,,,,,,,,,,,
datasets/gov/aaa/ezeru_monitoringas/EzeruValstybinioMonitoringoDuomenys,4f3c5341-669b-4c4c-ae76-f92258cc8e4b,db23999a-b81f-49b0-b67b-6c6f84022a5b,,Vilniaus,Sarių ežeras,LTL381,Sarių,POINT (6106781 630411),2018-07-18,23.1,<2,3.5,100.236,8.5,4.2,353.0,2.1,0.012,"<0,004",0.057,0.073,0.198,"<0,014","<0,014",,1.7,,,,,,,,,,,,,,,,,,,,,,,,,,,,,,,,,,,,,,,,,,,,,,,,,,,,,,,,,,,,,,,,,,,,,,,,,,,,,,,,,,,,,,,,,
datasets/gov/aaa/ezeru_monitoringas/EzeruValstybinioMonitoringoDuomenys,4f54dc59-d04c-4392-b60d-fae108625883,faf63345-52d1-4ea0-b6c5-eebdb04467db,,Vilniaus,Eišiškių HE tvenkinys,LTL426,Eišiškių HE,POINT (6009672 559398),2021-08-30,18.1,10,3.7,8.8,8.32,0.9,474.0,4.6,0.09,"<0,005",0.051,0.146,0.356,"<0,015","<0,015",,40.7,,,,,,,,,,,,,,,,,,,,,,,,,,,,,,,,,,,,,,,,,,,,,,,,,,,,,,,,,,,,,,,,,,,,,,,,,,,,,,,,,,,,,,,,,
datasets/gov/aaa/ezeru_monitoringas/EzeruValstybinioMonitoringoDuomenys,4f5aad3b-06b2-4a3c-899e-c75421200fd9,799a5cb9-b276-41bc-99c2-44655d8ee6da,,Šiaulių,Baltausių tvenkinys,LTL404,Baltausių tvenkinys,POINT (6240743 499049),2019-09-18,14.0,7.5,3.6,9.2,8.7,1.0,551.0,4.2,0.026,0.001,0.015,0.042,1.1,"<0,005",0.058,,19.24,,,,,,,,,,,,,,,,,,,,,,,,,,,,,,,,,,,,,,,,,,,,,,,,,,,,,,,,,,,,,,,,,,,,,,,,,,,,,,,,,,,,,,,,,
datasets/gov/aaa/ezeru_monitoringas/EzeruValstybinioMonitoringoDuomenys,4f5e17bd-39e3-4300-b437-30a919d94a51,baec611b-521d-4d8b-8e5d-e09be0a85da1,,Alytaus,Veisiejis,LTL237,Veisiejis,POINT (5992922 473385),2017-08-28,19.6,4.5,1.9,8.4,8.3,1.8,372.0,4.4,0.03,0.002,0.06,0.092,0.8,0.013,0.023,,4.4,,,,,,,,,,,,,,,,,,,,,,,,,,,,,,,,,,,,,,,,,,,,,,,,,,,,,,,,,,,,,,,,,,,,,,,,,,,,,,,,,,,,,,,,,
datasets/gov/aaa/ezeru_monitoringas/EzeruValstybinioMonitoringoDuomenys,4f62cd54-7d41-402d-b7c6-cb319ae4b138,e2378d7f-4301-4b11-9ed7-3554402ca1a4,,Alytaus,Veisiejis,LTL237,Veisiejis,POINT (5992922 473385),2020-09-21,17.2,5,2.2,9.2,8.3,2.7,369.0,2.4,0.01,0.002,0.04,0.5,0.052,0.009,0.041,,10.9,,,,,,,,,,,,,,,,,,,,,,,,,,,,,,,,,,,,,,,,,,,,,,,,,,,,,,,,,,,,,,,,,,,,,,,,,,,,,,,,,,,,,,,,,
datasets/gov/aaa/ezeru_monitoringas/EzeruValstybinioMonitoringoDuomenys,4f6e8bcb-ad4b-4752-a3f1-0316910e6e78,dfc0652a-0c2e-47e3-9e31-c96394af90e3,,Alytaus,Obelija,LTL247,Obelija,POINT (6017997 489174),2021-05-17,15.9,4.5,3.2,11.2,8.7,2.8,365.0,2.3,0.02,0.003,0.06,0.083,0.77,"<0,007",0.029,,8.3,,,,,,,,,,,,,,,,,,,,,,,,,,,,,,,,,,,,,,,,,,,,,,,,,,,,,,,,,,,,,,,,,,,,,,,,,,,,,,,,,,,,,,,,,
datasets/gov/aaa/ezeru_monitoringas/EzeruValstybinioMonitoringoDuomenys,4f7478db-190d-4788-b9e5-17cdbfdb356d,a8dbe674-55bb-4428-aa47-ecbffd17df79,,Utenos,Asavas,LTL310,Asavas,POINT (6167521 638935),2019-06-18,23.5,<2,3.0,8.5,8.6,4.2,274.0,2.2,0.02,"<0,001",0.04,0.061,0.35,0.002,0.014,,0.8,,,,,,,,,,,,,,,,,,,,,,,,,,,,,,,,,,,,,,,,,,,,,,,,,,,,,,,,,,,,,,,,,,,,,,,,,,,,,,,,,,,,,,,,,
datasets/gov/aaa/ezeru_monitoringas/EzeruValstybinioMonitoringoDuomenys,4fc522ec-fb83-46b3-95e2-6231bb60f7c8,5b75ca19-820d-4856-b03e-6db8a450a507,,Kauno,KAUNO MARIOS,LTL71,Kauno marios,POINT (6084954 505731),2020-04-15,6.6,6.4,3.3,11.57,8.61,1.4,436.0,3.5,0.117,0.008,0.972,1.097,12.6,"<0,015",0.053,,15.4,,,,,,,,,,,,,,,,,,,,,,,,,,,,,,,,,,,,,,,,,,,,,,,,,,,,,,,,,,,,,,,,,,,,,,,,,,,,,,,,,,,,,,,,,
datasets/gov/aaa/ezeru_monitoringas/EzeruValstybinioMonitoringoDuomenys,4fc89285-1ee3-44ec-84ce-ae6291a023a3,4b150cbd-65f9-49b8-98c7-13fecc59e8cb,,Vilniaus,Antakmenių ežeras,LTL115,Antakmenių ežeras,POINT (6052356 536423),2019-05-29,18.4,4,2.6,9.4,8.6,2.8,327.0,2.6,0.14,0.008,0.078,0.226,0.4,0.016,0.028,,4.6,,,,,,,,,,,,,,,,,,,,,,,,,,,,,,,,,,,,,,,,,,,,,,,,,,,,,,,,,,,,,,,,,,,,,,,,,,,,,,,,,,,,,,,,,
datasets/gov/aaa/ezeru_monitoringas/EzeruValstybinioMonitoringoDuomenys,500145d9-54a2-4d6a-b226-08900cceabdd,8d728e94-b04c-433e-8d98-1d1453a09828,,Klaipėdos,Tūbausių I tvenkinys,LTL207,Tūbausių I tvenkinys,POINT (6207850 330616),2018-07-16,23.0,2.6,2.4,,8.5,1.9,418.0,3.8,0.018,0.002,"<0,003",0.023,0.62,"<0,005",0.067,,5.54,,,,,,,,,,,,,,,,,,,,,,,,,,,,,,,,,,,,,,,,,,,,,,,,,,,,,,,,,,,,,,,,,,,,,,,,,,,,,,,,,,,,,,,,,
datasets/gov/aaa/ezeru_monitoringas/EzeruValstybinioMonitoringoDuomenys,5005ef66-dcd7-483e-a425-b5e185a2bdda,be27e869-6aa5-4896-88a3-2662ef3ea12c,,Utenos,Paštys,LTL293,Paštys,POINT (6176255 606702),2017-10-03,11.8,3.4,2.9,6.4,8.1,3.2,396.0,1.4,0.06,0.014,0.21,0.284,0.78,0.017,0.032,,5.1,,,,,,,,,,,,,,,,,,,,,,,,,,,,,,,,,,,,,,,,,,,,,,,,,,,,,,,,,,,,,,,,,,,,,,,,,,,,,,,,,,,,,,,,,
datasets/gov/aaa/ezeru_monitoringas/EzeruValstybinioMonitoringoDuomenys,5066877c-0e4e-42fa-89fc-d9d7c722ff84,eac9adfa-d14e-4276-9720-13bf5a0362c8,,Marijampolės,Vištytis,LTL68,Vištytis,POINT (6035329 417565),2021-09-22,13.9,3,2.5,9.9,8.3,6.0,256.0,1.2,0.02,0.002,0.03,0.052,0.6,"<0,007",0.073,,3.7,,,,,,,,,,,,,,,,,,,,,,,,,,,,,,,,,,,,,,,,,,,,,,,,,,,,,,,,,,,,,,,,,,,,,,,,,,,,,,,,,,,,,,,,,
datasets/gov/aaa/ezeru_monitoringas/EzeruValstybinioMonitoringoDuomenys,50e3200c-9c12-4f0b-a3dc-616a1674b423,0e5fe7ba-61fd-40e6-a3a4-36ccf32e9bf3,,Utenos RAAD,Veprys,LTL298,Veprys,,2022-09-27,13.7,<2,2.3,8.5,7.9,3.4,243.0,1.7,0.014,0.001,0.02,0.035,0.17,"<0,002",0.02,,8.4,,,,,,,,,,,,,,,,,,,,,,,,,,,,,,,,,,,,,,,,,,,,,,,,,,,,,,,,,,,,,,,,,,,,,,,,,,,,,,,,,,,,,,,,,
datasets/gov/aaa/ezeru_monitoringas/EzeruValstybinioMonitoringoDuomenys,510bf6c1-3313-4b2b-bbe5-383d3c90d094,cb0459e2-6556-418f-976c-5b324bb2f7d8,,Šiaulių,Lūkstas,LTL48,Lūkstas,POINT (6176834 395151),2019-04-24,13.0,3.2,2.4,9.5,8.6,1.9,244.0,3.5,0.017,0.006,0.35,0.373,1.3,"<0,005",0.043,,6.51,,,,,,,,,,,,,,,,,,,,,,,,,,,,,,,,,,,,,,,,,,,,,,,,,,,,,,,,,,,,,,,,,,,,,,,,,,,,,,,,,,,,,,,,,
datasets/gov/aaa/ezeru_monitoringas/EzeruValstybinioMonitoringoDuomenys,5181aa2a-4192-4fcb-98b4-be061d93d979,5aee7f57-9fc0-4b34-aad0-5ed5c13c85e3,,Alytaus RAAD,Gailintas,LTL251,Gailintas,,2022-09-26,14.6,2.5,3.5,8.6,8.3,3.8,206.0,1.6,0.07,0.009,0.11,0.189,1.1,"<0,007",0.022,,4.8,,,,,,,,,,,,,,,,,,,,,,,,,,,,,,,,,,,,,,,,,,,,,,,,,,,,,,,,,,,,,,,,,,,,,,,,,,,,,,,,,,,,,,,,,
datasets/gov/aaa/ezeru_monitoringas/EzeruValstybinioMonitoringoDuomenys,51c3acbf-3eb9-40f6-b9a0-fdb1e3c81385,0065d30b-dec6-4f6c-9d4a-9b9d11e1140e,,Utenos,Šventosios tvenkinys,LTL536,Šventosios tvenkinys,POINT (6173459 614866),2018-07-16,22.4,3.2,3.9,116.279,8.8,1.4,359.0,3,0.02,0.003,0.05,0.073,0.48,0.002,0.031,,10.1,,,,,,,,,,,,,,,,,,,,,,,,,,,,,,,,,,,,,,,,,,,,,,,,,,,,,,,,,,,,,,,,,,,,,,,,,,,,,,,,,,,,,,,,,
datasets/gov/aaa/ezeru_monitoringas/EzeruValstybinioMonitoringoDuomenys,51eefac4-3f32-4c93-a053-7f0cd0adeb97,aedd6741-6812-4d36-82aa-6f3b23d6b3bb,,Alytaus RAAD,Alovės ežeras,LTL192,Alovės ež.,,2022-05-11,15.4,4.5,3.2,8.1,8.1,2.1,361.0,3.2,0.01,0.014,0.32,0.344,1.4,0.038,0.055,,3.9,,,,,,,,,,,,,,,,,,,,,,,,,,,,,,,,,,,,,,,,,,,,,,,,,,,,,,,,,,,,,,,,,,,,,,,,,,,,,,,,,,,,,,,,,
datasets/gov/aaa/ezeru_monitoringas/EzeruValstybinioMonitoringoDuomenys,524c9be2-eacd-43b2-9acc-2e72ef3a2be2,8deb6c47-6a78-4be3-b68e-031fa393dbb5,,Klaipėdos,Lazdininkų tvenkinys,LTL263,Lazdininkų tvenkinys,POINT (6213336 324740),2019-09-19,13.0,3.9,1.6,9.2,8.9,2.6,291.0,0.91,0.027,0.003,0.026,0.056,1.7,"<0,005",0.027,,3.55,,,,,,,,,,,,,,,,,,,,,,,,,,,,,,,,,,,,,,,,,,,,,,,,,,,,,,,,,,,,,,,,,,,,,,,,,,,,,,,,,,,,,,,,,
datasets/gov/aaa/ezeru_monitoringas/EzeruValstybinioMonitoringoDuomenys,529b9bae-687a-47b9-ad0a-dcad9d2d54b5,fb6cc3e7-7a1f-463d-aea1-8aef619e8e0d,,Vilniaus RAAD,Lakajas,LTL353,Lakajas,,2022-10-13,9.9,<2,3.1,8.22,7.51,2.8,301.0,1.6,0.04,"<0,005",0.072,0.117,1.3,"<0,015","<0,015",,6.6,,,,,,,,,,,,,,,,,,,,,,,,,,,,,,,,,,,,,,,,,,,,,,,,,,,,,,,,,,,,,,,,,,,,,,,,,,,,,,,,,,,,,,,,,
datasets/gov/aaa/ezeru_monitoringas/EzeruValstybinioMonitoringoDuomenys,529c37a9-6e64-4312-85de-4250db5f876a,5a4bcae5-5f96-44d8-9742-baae5a4bd020,,Utenos,Alnis,LTL65,Alnis,POINT (6127535 606156),2019-08-12,20.8,<2,1.8,7.2,8.8,5.7,158.0,2,"<0,014","<0,001",0.01,0.025,0.04,0.003,0.011,,6.5,,,,,,,,,,,,,,,,,,,,,,,,,,,,,,,,,,,,,,,,,,,,,,,,,,,,,,,,,,,,,,,,,,,,,,,,,,,,,,,,,,,,,,,,,
datasets/gov/aaa/ezeru_monitoringas/EzeruValstybinioMonitoringoDuomenys,52ea8e24-9614-4913-93a3-148a678740e6,b2ac3707-bc61-49b7-8379-ac22a5debe25,,Utenos,Ilmėdas,LTL351,Ilmėdas,POINT (6126210 598293),2021-05-18,14.9,3.4,2.8,10.7,8.59,4.0,327.0,3.7,0.05,"<0,005",0.097,0.152,0.335,"<0,015",0.021,,4.0,,,,,,,,,,,,,,,,,,,,,,,,,,,,,,,,,,,,,,,,,,,,,,,,,,,,,,,,,,,,,,,,,,,,,,,,,,,,,,,,,,,,,,,,,
datasets/gov/aaa/ezeru_monitoringas/EzeruValstybinioMonitoringoDuomenys,52f47a19-7c13-47c6-bf6a-52fd9a797297,ae7c1cbe-fa75-468d-bba2-800900ca4063,,Marijampolės,Totorviečių tvenkinys,LTL424,Totorviečių,POINT (6084319 430485),2021-05-31,17.5,5,3.0,13.3,8.3,1.5,771.0,4.3,0.02,0.099,5.7,5.819,11.0,"<0,007",0.095,,20.4,,,,,,,,,,,,,,,,,,,,,,,,,,,,,,,,,,,,,,,,,,,,,,,,,,,,,,,,,,,,,,,,,,,,,,,,,,,,,,,,,,,,,,,,,
datasets/gov/aaa/ezeru_monitoringas/EzeruValstybinioMonitoringoDuomenys,5300084d-1c80-4493-91d8-e968809aa552,04f4ffa9-3299-4de3-9a7f-ef6d5f957bfd,,Utenos,Smalvykštis,LTL308,Smalvykštis,POINT (6168063 648680),2018-05-02,15.8,2.2,2.8,113.59,8.9,2.4,267.0,2.7,"<0,014","<0,001",0.05,0.065,0.1,"<0,002",0.017,,15.14,,,,,,,,,,,,,,,,,,,,,,,,,,,,,,,,,,,,,,,,,,,,,,,,,,,,,,,,,,,,,,,,,,,,,,,,,,,,,,,,,,,,,,,,,
datasets/gov/aaa/ezeru_monitoringas/EzeruValstybinioMonitoringoDuomenys,53697328-7158-477a-b0de-55dec05d4378,633a49d5-eb4e-43c7-b21d-f1ea1859e64c,,Utenos,Šventas,LTL39,Šventas,POINT (6166706 644760),2019-08-19,20.7,<2,0.96,3.3,8.4,8.0,91.0,1,0.014,"<0,001",0.02,0.035,0.47,"<0,002",0.009,,2.8,,,,,,,,,,,,,,,,,,,,,,,,,,,,,,,,,,,,,,,,,,,,,,,,,,,,,,,,,,,,,,,,,,,,,,,,,,,,,,,,,,,,,,,,,
datasets/gov/aaa/ezeru_monitoringas/EzeruValstybinioMonitoringoDuomenys,5371401e-9db2-4cbe-b9dc-e0383f5246fb,bb7457b4-0d2f-4428-9937-aca8c79ea69a,,Vilniaus,Didysai Siaurys,LTL217,Didysai Siaurys,POINT (6118847 613457),2018-10-04,10.3,<2,0.7,82.931,7.43,2,81.0,1.2,0.213,"<0,004",0.147,0.364,0.493,"<0,014",0.014,,4,,,,,,,,,,,,,,,,,,,,,,,,,,,,,,,,,,,,,,,,,,,,,,,,,,,,,,,,,,,,,,,,,,,,,,,,,,,,,,,,,,,,,,,,,
datasets/gov/aaa/ezeru_monitoringas/EzeruValstybinioMonitoringoDuomenys,539633b7-833b-468d-9f0e-92b3414cdfff,71db5b3c-97bf-4104-aa69-306830c6b411,,Klaipėdos,Balskų tvenkinys,LTL419,Balskų tvenkinys,POINT (6138066 382532),2019-07-22,22.0,3.1,4.3,5.9,7.0,2.0,375.0,2.5,0.033,0.001,0.006,0.04,0.51,"<0,005",0.034,,9.73,,,,,,,,,,,,,,,,,,,,,,,,,,,,,,,,,,,,,,,,,,,,,,,,,,,,,,,,,,,,,,,,,,,,,,,,,,,,,,,,,,,,,,,,,
datasets/gov/aaa/ezeru_monitoringas/EzeruValstybinioMonitoringoDuomenys,53d4238e-fa80-4a10-803a-1bb5a2acbd8f,8c4663de-4fc4-4f32-b55d-b01f0e17bec4,,Marijampolės,Orija,LTL202,Orija,POINT (6027652 449130),2020-08-24,23.5,5,3.2,10.7,8.7,1.6,439.0,3.9,0.02,0.001,0.06,0.081,0.4,0.007,0.038,,37.2,,,,,,,,,,,,,,,,,,,,,,,,,,,,,,,,,,,,,,,,,,,,,,,,,,,,,,,,,,,,,,,,,,,,,,,,,,,,,,,,,,,,,,,,,
datasets/gov/aaa/ezeru_monitoringas/EzeruValstybinioMonitoringoDuomenys,53dd9fd2-cbb9-42db-80eb-9d57b6c56afb,23854c4e-1b4e-4bc0-824f-518e8730c3d9,,Utenos RAAD,Luokesai,LTL158,Luokesai,,2022-05-16,11.3,<2,2,10.85,8.65,7.0,261.0,2.0,0.02,"<0,005",0.026,0.051,0.256,"<0,015","<0,015",,5.2,,,,,,,,,,,,,,,,,,,,,,,,,,,,,,,,,,,,,,,,,,,,,,,,,,,,,,,,,,,,,,,,,,,,,,,,,,,,,,,,,,,,,,,,,
datasets/gov/aaa/ezeru_monitoringas/EzeruValstybinioMonitoringoDuomenys,54017e39-6d12-4155-9bcf-387d3e01f696,1aa2ee0b-6a92-4580-8b5d-469502fa6bca,,Vilniaus RAAD,Ilgai,LTL368,Ilgai,,2022-07-14,21.4,<2,1.7,8.9,8.47,5.6,211.0,1.6,0.049,"<0,005",0.019,0.073,0.461,"<0,015",0.016,,3.3,,,,,,,,,,,,,,,,,,,,,,,,,,,,,,,,,,,,,,,,,,,,,,,,,,,,,,,,,,,,,,,,,,,,,,,,,,,,,,,,,,,,,,,,,
datasets/gov/aaa/ezeru_monitoringas/EzeruValstybinioMonitoringoDuomenys,5407f0bd-1de7-40ea-9a93-051937a8ea6f,0c8319d5-3357-4cc7-8eef-74bbc6d80986,,Vilniaus,Bagdanonių HE tvenkinys,LTL537,Bagdononių HE tvenkinys,POINT (6051831 545616),2017-05-04,10.6,<2,3.5,12.7,8.37,2.2,387.0,2.5,"<0,01",0.004,0.174,0.188,0.475,0.015,0.018,,2.4,,,,,,,,,,,,,,,,,,,,,,,,,,,,,,,,,,,,,,,,,,,,,,,,,,,,,,,,,,,,,,,,,,,,,,,,,,,,,,,,,,,,,,,,,
datasets/gov/aaa/ezeru_monitoringas/EzeruValstybinioMonitoringoDuomenys,54212476-694a-4e48-9cd5-d48e8b468d7d,ed3b7cc4-5dc0-403d-9b32-28eb1566c6fa,,Kauno,Mantviliškio tvenkinys,LTL409,Mantviliškio,POINT (6147383 487438),2018-10-02,12.6,5.7,4.3,82.075,8.22,1.2,502.0,3.6,0.015,0.002,0.051,0.068,0.68,0.008,0.059,,39.8,,,,,,,,,,,,,,,,,,,,,,,,,,,,,,,,,,,,,,,,,,,,,,,,,,,,,,,,,,,,,,,,,,,,,,,,,,,,,,,,,,,,,,,,,
datasets/gov/aaa/ezeru_monitoringas/EzeruValstybinioMonitoringoDuomenys,544bf0bc-6266-4070-8d2f-8f13726f8e09,349e8827-6e55-4b63-8d7c-8d3ca3460ebb,,Šiaulių,Talkša,LTL267,Talkša,POINT (6200045 458364),2017-04-26,8.0,3.7,4.2,7.2,9.0,1.9,711.0,3.6,"<0,008",0.008,0.61,0.626,1.2,"<0,005",0.046,,8.68,,,,,,,,,,,,,,,,,,,,,,,,,,,,,,,,,,,,,,,,,,,,,,,,,,,,,,,,,,,,,,,,,,,,,,,,,,,,,,,,,,,,,,,,,
datasets/gov/aaa/ezeru_monitoringas/EzeruValstybinioMonitoringoDuomenys,545b7d37-5213-443b-ad3e-a84d0d6c3d68,8f7cf214-942f-47d3-a925-dcb5f3c6cdd6,,Utenos,Šiurpys,LTL311,Šiurpys,POINT (6169946 635569),2017-09-21,15.5,"<1,7",1,8.7,8.5,7.3,91.0,0.9,0.08,0.001,0.03,0.111,0.63,0.004,"<0,0083",,3.55,,,,,,,,,,,,,,,,,,,,,,,,,,,,,,,,,,,,,,,,,,,,,,,,,,,,,,,,,,,,,,,,,,,,,,,,,,,,,,,,,,,,,,,,,
datasets/gov/aaa/ezeru_monitoringas/EzeruValstybinioMonitoringoDuomenys,54653288-ffab-407b-b60d-520edd85a14e,de49ca4a-8200-492c-aadb-b555dae51660,,Panevėžio,Obelių ežeras,LTL439,Obelių ežeras,POINT (6202087 611850),2021-09-01,16.9,15,4.7,7.3,8.1,0.6,468.0,6,0.06,0.001,0.14,0.201,0.85,0.015,0.17,,66.6,,,,,,,,,,,,,,,,,,,,,,,,,,,,,,,,,,,,,,,,,,,,,,,,,,,,,,,,,,,,,,,,,,,,,,,,,,,,,,,,,,,,,,,,,
datasets/gov/aaa/ezeru_monitoringas/EzeruValstybinioMonitoringoDuomenys,546d8029-26c7-4cea-a669-724a09127397,e4171090-a403-4c5b-ac85-2b0dc4a1dad2,,Utenos,Zaduojys,LTL295,Zaduojys,POINT (6185959 617222),2019-10-03,12.7,2.7,4.0,7.7,8.2,2.8,387.0,1.3,0.02,0.001,0.05,0.071,0.47,"<0,002",0.013,,8.8,,,,,,,,,,,,,,,,,,,,,,,,,,,,,,,,,,,,,,,,,,,,,,,,,,,,,,,,,,,,,,,,,,,,,,,,,,,,,,,,,,,,,,,,,
datasets/gov/aaa/ezeru_monitoringas/EzeruValstybinioMonitoringoDuomenys,549fd195-26a6-4a66-92ff-db9aaf16e101,ce6e0158-22bb-464f-b9bb-4c843c0d6ccf,,Utenos,Šventas,LTL39,Šventas,POINT (6166706 644760),2021-10-13,10.0,<2,1.0,10.8,8.1,7.7,90.0,0.68,0.05,"<0,001",0.09,0.141,0.4,0.002,"<0,0081",,1.48,,,,,,,,,,,,,,,,,,,,,,,,,,,,,,,,,,,,,,,,,,,,,,,,,,,,,,,,,,,,,,,,,,,,,,,,,,,,,,,,,,,,,,,,,
datasets/gov/aaa/ezeru_monitoringas/EzeruValstybinioMonitoringoDuomenys,54a748e1-87ab-4c70-a7f5-4a3b39921622,d794e741-637d-47a2-83e5-c2426c4fe829,,Utenos RAAD,Padysnio HE tvenkinys,LTL164,Padysnio HE,,2022-10-13,9.6,14,3.6,10.3,8.1,0.7,379.0,3.5,0.03,0.011,0.63,0.671,1.2,0.009,0.059,,19.7,,,,,,,,,,,,,,,,,,,,,,,,,,,,,,,,,,,,,,,,,,,,,,,,,,,,,,,,,,,,,,,,,,,,,,,,,,,,,,,,,,,,,,,,,
datasets/gov/aaa/ezeru_monitoringas/EzeruValstybinioMonitoringoDuomenys,54bf857d-89f7-42fc-af08-2ff3d76fc3c0,051e9113-8456-49b5-901e-679093509a1f,,Utenos,Vasaknas,LTL297,Vasaknas,POINT (6173874 612109),2017-05-15,14.0,"<1,7",3,11.3,8.6,4.9,280.0,3.0,"<0,014","<0,001",0.04,0.055,0.31,0.004,0.017,,5.2,,,,,,,,,,,,,,,,,,,,,,,,,,,,,,,,,,,,,,,,,,,,,,,,,,,,,,,,,,,,,,,,,,,,,,,,,,,,,,,,,,,,,,,,,
datasets/gov/aaa/ezeru_monitoringas/EzeruValstybinioMonitoringoDuomenys,54e0d67b-47ec-4c68-bf9a-7ac58abeff9a,c107f455-68c4-4811-8227-9e9a157acccd,,Alytaus,Krūminių tvenkinys,LTL184,Krūminių tvenkinys,POINT (6016830 553517),2018-09-17,17.7,6,2.7,99.366,8.3,1.5,455.0,3.7,0.02,0.002,0.13,0.152,0.5,0.018,0.064,,19.8,,,,,,,,,,,,,,,,,,,,,,,,,,,,,,,,,,,,,,,,,,,,,,,,,,,,,,,,,,,,,,,,,,,,,,,,,,,,,,,,,,,,,,,,,
datasets/gov/aaa/ezeru_monitoringas/EzeruValstybinioMonitoringoDuomenys,54e57a43-92a4-40e1-b080-6512b5d77096,db5a4939-8a51-48bf-be7d-2ecb663bdee3,,Aplinkos apsaugos departamento Šiaulių valdyba,Platelių ežeras,LTL34,Plateliai,,2022-10-17,10.0,"<1,3",1.8,8.0,8.1,5.7,174.0,1.0,0.073,0.002,0.026,0.101,0.52,"<0,006",0.012,,1.9,,,,,,,,,,,,,,,,,,,,,,,,,,,,,,,,,,,,,,,,,,,,,,,,,,,,,,,,,,,,,,,,,,,,,,,,,,,,,,,,,,,,,,,,,
datasets/gov/aaa/ezeru_monitoringas/EzeruValstybinioMonitoringoDuomenys,54f57284-33f9-425e-b10c-625eac3f1ea4,c933d257-b934-4701-8a85-f7be989de649,,Vilniaus,Riešė,LTL165,Riešė,POINT (6072871 571379),2018-08-14,20.8,9,3.8,110.36,8.08,0.6,388.0,5.7,0.056,0.007,0.075,0.138,0.144,"<0,014","<0,014",,35.5,,,,,,,,,,,,,,,,,,,,,,,,,,,,,,,,,,,,,,,,,,,,,,,,,,,,,,,,,,,,,,,,,,,,,,,,,,,,,,,,,,,,,,,,,
datasets/gov/aaa/ezeru_monitoringas/EzeruValstybinioMonitoringoDuomenys,54f58c5d-0e11-495a-ae82-beafe816a4da,f9ddf96e-5ead-4843-8522-aa3e008fb78f,,Alytaus RAAD,Atesys,LTL248,Atesys,,2022-05-16,13.0,3,3.8,9.8,8.6,3.5,635.0,3.0,0.04,0.024,2,2.064,2.5,"<0,007",0.029,,3.3,,,,,,,,,,,,,,,,,,,,,,,,,,,,,,,,,,,,,,,,,,,,,,,,,,,,,,,,,,,,,,,,,,,,,,,,,,,,,,,,,,,,,,,,,
datasets/gov/aaa/ezeru_monitoringas/EzeruValstybinioMonitoringoDuomenys,554396b5-28e1-4024-87ba-09dc74b1f002,b601aaee-3607-4204-813d-84bcfe455d12,,Šiaulių,Platelių ežeras,LTL34,Plateliai,POINT (6214390 366955),2019-09-19,15.0,3.6,2.6,9.3,8.6,5.8,174.0,0.9,0.029,0.004,0.019,0.052,1.1,"<0,005",0.016,,4.74,,,,,,,,,,,,,,,,,,,,,,,,,,,,,,,,,,,,,,,,,,,,,,,,,,,,,,,,,,,,,,,,,,,,,,,,,,,,,,,,,,,,,,,,,
datasets/gov/aaa/ezeru_monitoringas/EzeruValstybinioMonitoringoDuomenys,5560233f-ce08-48d9-84e1-963e45e05d5c,80fbca29-cb1b-49de-a6d7-5c0049a143ed,,Šiaulių,Gondingos HE tvenkinys,LTL401,Gondingos HE tvenkinys,POINT (6199101 362292),2021-09-20,14.0,"<1,4",3.4,7.7,8.4,2.8,337.0,0.97,0.097,0.014,0.16,0.271,0.71,"<0,006",0.013,,5.03,,,,,,,,,,,,,,,,,,,,,,,,,,,,,,,,,,,,,,,,,,,,,,,,,,,,,,,,,,,,,,,,,,,,,,,,,,,,,,,,,,,,,,,,,
datasets/gov/aaa/ezeru_monitoringas/EzeruValstybinioMonitoringoDuomenys,55645299-8f36-4072-91bd-d003e3810f50,ae36dceb-040b-43ad-97fa-6991c548c329,,Klaipėdos,Padvarių tvenkinys,LTL257,Padvarių tvenkinys,POINT (6203287 328598),2021-07-21,25.0,7.3,3.6,4.5,8.1,1.2,373.0,3.4,0.041,0.002,0.017,0.06,1.2,"<0,006",0.054,,9.62,,,,,,,,,,,,,,,,,,,,,,,,,,,,,,,,,,,,,,,,,,,,,,,,,,,,,,,,,,,,,,,,,,,,,,,,,,,,,,,,,,,,,,,,,
datasets/gov/aaa/ezeru_monitoringas/EzeruValstybinioMonitoringoDuomenys,556feba0-61c9-41a4-bec5-1ca587897901,bd76f115-e633-4ba3-9e3b-62b6bb15006d,,Utenos,Baltieji Lakajai,LTL157,Baltieji Lakajai,POINT (6121225 602684),2019-08-21,21.1,"<1,9",2.6,9.4,8.77,4.2,286.0,1.2,0.026,"<0,005",0.021,0.052,0.198,"<0,015","<0,015",,2.5,,,,,,,,,,,,,,,,,,,,,,,,,,,,,,,,,,,,,,,,,,,,,,,,,,,,,,,,,,,,,,,,,,,,,,,,,,,,,,,,,,,,,,,,,
datasets/gov/aaa/ezeru_monitoringas/EzeruValstybinioMonitoringoDuomenys,5574acd0-cd7f-476a-83e7-1eca5526ae2f,b0202b90-890e-49a9-80b2-e8f5770a7b05,,Utenos RAAD,Parsvėtas,LTL532,Parsvetas,,2022-05-16,11.0,2.9,2.8,11.8,8.6,5.1,334.0,2.2,"<0,014","<0,001",0.02,0.035,0.32,"<0,002",0.018,,9.5,,,,,,,,,,,,,,,,,,,,,,,,,,,,,,,,,,,,,,,,,,,,,,,,,,,,,,,,,,,,,,,,,,,,,,,,,,,,,,,,,,,,,,,,,
datasets/gov/aaa/ezeru_monitoringas/EzeruValstybinioMonitoringoDuomenys,5580aa06-af79-4d2a-bf81-6e7d1b05d119,cf7660e4-3dcb-48a0-9006-385d0cafa7aa,,Panevėžio,Vazajis,LTL292,Vazajis,POINT (6179504 601278),2021-07-27,23.8,2.4,2.8,8.1,8.4,2.0,245.0,2.6,"<0,014",0.03,0.14,0.184,0.53,0.004,0.028,,3.45,,,,,,,,,,,,,,,,,,,,,,,,,,,,,,,,,,,,,,,,,,,,,,,,,,,,,,,,,,,,,,,,,,,,,,,,,,,,,,,,,,,,,,,,,
datasets/gov/aaa/ezeru_monitoringas/EzeruValstybinioMonitoringoDuomenys,559defdd-8c04-4b01-b57e-009ccfa06026,8ca2d01c-005c-40e3-b108-7764b2464ff0,,Utenos,Šventas,LTL39,Šventas,POINT (6166706 644760),2020-10-21,10.4,<2,0.98,10.4,8.0,9.0,93.0,1.2,0.03,0.002,0.04,0.072,0.5,0.002,"<0,0081",,1.3,,,,,,,,,,,,,,,,,,,,,,,,,,,,,,,,,,,,,,,,,,,,,,,,,,,,,,,,,,,,,,,,,,,,,,,,,,,,,,,,,,,,,,,,,
datasets/gov/aaa/ezeru_monitoringas/EzeruValstybinioMonitoringoDuomenys,55aef988-d340-48cb-8a35-c7a706171063,67d0751f-80ec-43e0-b743-013a85896811,,Utenos,Vasaknas,LTL297,Vasaknas,POINT (6173874 612109),2020-07-15,21.0,2.4,2.6,7.9,8.4,2.4,257.0,2.1,"<0,014","<0,001",0.03,0.045,0.62,0.003,0.027,,10.4,,,,,,,,,,,,,,,,,,,,,,,,,,,,,,,,,,,,,,,,,,,,,,,,,,,,,,,,,,,,,,,,,,,,,,,,,,,,,,,,,,,,,,,,,
datasets/gov/aaa/ezeru_monitoringas/EzeruValstybinioMonitoringoDuomenys,55c49d2c-218a-4f2f-8be0-f3d00ccd3022,aa2816da-1ddf-4542-bc9c-30b39ad17a66,,Alytaus,Obelija,LTL247,Obelija,POINT (6017997 489174),2021-07-23,24.6,10,3.4,8.7,8.3,2.8,347.0,1.4,0.05,0.002,0.07,0.122,0.97,0.007,0.033,,4.6,,,,,,,,,,,,,,,,,,,,,,,,,,,,,,,,,,,,,,,,,,,,,,,,,,,,,,,,,,,,,,,,,,,,,,,,,,,,,,,,,,,,,,,,,
datasets/gov/aaa/ezeru_monitoringas/EzeruValstybinioMonitoringoDuomenys,55cac1d3-fd56-4abb-a164-b549c587204b,228bb155-3e4e-4474-8e0a-77e9353c548b,,Alytaus,Savistas,LTL250,Savistas,POINT (6022658 526276),2018-09-17,18.9,7,3.1,98.592,8.6,1.7,342.0,3.8,0.05,0.002,0.18,0.232,0.6,0.014,0.038,,15.7,,,,,,,,,,,,,,,,,,,,,,,,,,,,,,,,,,,,,,,,,,,,,,,,,,,,,,,,,,,,,,,,,,,,,,,,,,,,,,,,,,,,,,,,,
datasets/gov/aaa/ezeru_monitoringas/EzeruValstybinioMonitoringoDuomenys,55cec434-cadf-4df7-97b4-2ec75f76f552,4419e438-55a7-4f52-a450-e2b0429edb46,,Utenos,Stirniai,LTL343,Stirniai,POINT (6124518 605749),2021-09-13,17.3,<2,2.5,9.9,8.4,6.2,217.0,0.78,"<0,014","<0,001",0.12,0.135,0.57,0.002,0.009,,2.22,,,,,,,,,,,,,,,,,,,,,,,,,,,,,,,,,,,,,,,,,,,,,,,,,,,,,,,,,,,,,,,,,,,,,,,,,,,,,,,,,,,,,,,,,
datasets/gov/aaa/ezeru_monitoringas/EzeruValstybinioMonitoringoDuomenys,5634aa7e-d92a-451c-b21a-52c293d9fbfe,ffae6a08-8a4c-4c6b-b0f8-5177736d29fe,,Vilniaus,Pikeliškių ežeras(ež.Žalesas),LTL364,Pikeliškių ežeras (ež.Žalesas),POINT (6082605 581424),2017-08-28,17.6,<2,3.3,7.7,8.26,1.1,346.0,2.7,0.023,0.006,0.019,0.048,0.936,"<0,014",0.037,,0.8,,,,,,,,,,,,,,,,,,,,,,,,,,,,,,,,,,,,,,,,,,,,,,,,,,,,,,,,,,,,,,,,,,,,,,,,,,,,,,,,,,,,,,,,,
datasets/gov/aaa/ezeru_monitoringas/EzeruValstybinioMonitoringoDuomenys,5650e3f9-52d2-48c0-9e81-cbe6f16fbe36,484e4d9b-5dec-4494-a421-24bd30bceb17,,Vilniaus,Labanoras,LTL337,Labanoras,POINT (6126686 614411),2021-08-26,18.9,<2,2.5,8.5,8.36,3.8,276.0,1.7,"<0,02","<0,005",0.033,0.058,0.4,"<0,015","<0,015",,10.36,,,,,,,,,,,,,,,,,,,,,,,,,,,,,,,,,,,,,,,,,,,,,,,,,,,,,,,,,,,,,,,,,,,,,,,,,,,,,,,,,,,,,,,,,
datasets/gov/aaa/ezeru_monitoringas/EzeruValstybinioMonitoringoDuomenys,566e1285-8228-42da-9876-086de16619cf,540af1ad-4cd0-4793-a7dd-4d4340bd76c0,,Šiaulių,Rėkyvos ežeras,LTL64,Rėkyvos,POINT (6192439 456065),2018-08-23,21.0,7.5,4.0,,7.5,0.8,235.0,10,0.017,0.002,"<0,003",0.022,2.3,"<0,005",0.032,,148.12,,,,,,,,,,,,,,,,,,,,,,,,,,,,,,,,,,,,,,,,,,,,,,,,,,,,,,,,,,,,,,,,,,,,,,,,,,,,,,,,,,,,,,,,,
datasets/gov/aaa/ezeru_monitoringas/EzeruValstybinioMonitoringoDuomenys,567c81e8-c513-40da-99e8-49f9d335de98,a85e59bd-947b-4dd4-982d-4c409c64825a,,Utenos,Ligajai,LTL315,Ligajai,POINT (6162583 626864),2021-10-05,11.4,<2,4.1,8.5,8.2,5.3,377.0,1.4,0.03,0.008,0.12,0.158,0.6,0.011,0.012,,3.4,,,,,,,,,,,,,,,,,,,,,,,,,,,,,,,,,,,,,,,,,,,,,,,,,,,,,,,,,,,,,,,,,,,,,,,,,,,,,,,,,,,,,,,,,
datasets/gov/aaa/ezeru_monitoringas/EzeruValstybinioMonitoringoDuomenys,567e9eca-8ce6-431a-b7cb-877e61e9d055,e5120b22-227b-4407-95fb-0b6777433126,,Panevėžio,Beičių tvenkinys,LTL524,Beičių tvenkinys,POINT (6192057 600805),2018-05-03,17.9,3.3,3.5,106.157,8.8,1.4,327.0,4.3,0.014,"<0,001",0.12,0.135,0.43,"<0,002",0.011,,57.35,,,,,,,,,,,,,,,,,,,,,,,,,,,,,,,,,,,,,,,,,,,,,,,,,,,,,,,,,,,,,,,,,,,,,,,,,,,,,,,,,,,,,,,,,
datasets/gov/aaa/ezeru_monitoringas/EzeruValstybinioMonitoringoDuomenys,56918bab-6105-4b44-bdda-4271dd2f81b0,6b1d5d4c-484c-4956-85a4-344cdfbbf995,,Alytaus,Rimietis,LTL254,Rimietis,POINT (6018075 468017),2020-09-23,16.1,14,3.4,11.0,8.5,0.7,532.0,5,0.02,0.007,0.11,1.6,0.137,0.014,0.11,,57.0,,,,,,,,,,,,,,,,,,,,,,,,,,,,,,,,,,,,,,,,,,,,,,,,,,,,,,,,,,,,,,,,,,,,,,,,,,,,,,,,,,,,,,,,,
datasets/gov/aaa/ezeru_monitoringas/EzeruValstybinioMonitoringoDuomenys,56b8af9b-217a-4524-955e-b1a7ae1d9710,53e3a1e7-cbbf-4cdc-beef-a2de22cafa85,,Alytaus RAAD,Gailintas,LTL251,Gailintas,,2022-05-13,14.2,1.5,1.8,11.1,8.4,4.4,205.0,2.8,0.07,0.002,0.1,0.172,0.81,0.007,0.035,,5.4,,,,,,,,,,,,,,,,,,,,,,,,,,,,,,,,,,,,,,,,,,,,,,,,,,,,,,,,,,,,,,,,,,,,,,,,,,,,,,,,,,,,,,,,,
datasets/gov/aaa/ezeru_monitoringas/EzeruValstybinioMonitoringoDuomenys,570367c3-896d-421b-84db-867fa8ca04bf,026dca05-3690-4736-90a7-294771a812db,,Vilniaus,Rašia,LTL218,Rašia,POINT (6120837 608102),2018-05-16,19.0,<2,2.2,,8.59,4.2,249.0,1.8,0.027,"<0,004",0.036,0.067,0.133,"<0,014","<0,014",,12.51,,,,,,,,,,,,,,,,,,,,,,,,,,,,,,,,,,,,,,,,,,,,,,,,,,,,,,,,,,,,,,,,,,,,,,,,,,,,,,,,,,,,,,,,,
datasets/gov/aaa/ezeru_monitoringas/EzeruValstybinioMonitoringoDuomenys,5708ce36-512d-4d4e-bf5a-e9a3f6cc4d4f,ed2ef28f-2230-4c6c-a3df-e0e17742255f,,Utenos,Dūburaitis,LTL528,Dūburaitis,POINT (6187179 624173),2020-08-25,21.0,<2,4.1,7.6,8.2,2.6,389.0,1.4,0.014,0.002,0.04,0.056,0.4,0.004,0.012,,6.5,,,,,,,,,,,,,,,,,,,,,,,,,,,,,,,,,,,,,,,,,,,,,,,,,,,,,,,,,,,,,,,,,,,,,,,,,,,,,,,,,,,,,,,,,
datasets/gov/aaa/ezeru_monitoringas/EzeruValstybinioMonitoringoDuomenys,5747ce40-f043-47cc-9b21-c82f22c64cc3,6f937101-1755-48bd-8425-0b0e36ce6193,,Klaipėdos,Mosėdžio I tvenkinys,LTL262,Mosėdžio I tvenkinys,POINT (6227142 350031),2018-09-04,21.0,<2,3.9,,8.4,2,491.0,2.3,0.023,0.002,"<0,003",0.028,0.63,"<0,005",0.024,,6.21,,,,,,,,,,,,,,,,,,,,,,,,,,,,,,,,,,,,,,,,,,,,,,,,,,,,,,,,,,,,,,,,,,,,,,,,,,,,,,,,,,,,,,,,,
datasets/gov/aaa/ezeru_monitoringas/EzeruValstybinioMonitoringoDuomenys,576ef521-cb33-4edb-8dbf-6acde65be69c,d1627e31-8583-41aa-a6dd-f815a15b83bb,,Utenos RAAD,Smalvas,LTL220,Smalvas,,2022-07-14,21.1,<2,2.5,8.6,8.3,7.0,232.0,1.3,"<0,014","<0,001",0.02,0.035,0.08,0.003,"<0,0081",,6.6,,,,,,,,,,,,,,,,,,,,,,,,,,,,,,,,,,,,,,,,,,,,,,,,,,,,,,,,,,,,,,,,,,,,,,,,,,,,,,,,,,,,,,,,,
datasets/gov/aaa/ezeru_monitoringas/EzeruValstybinioMonitoringoDuomenys,579da419-9d23-4503-afd3-41df24cb4db6,3d9bb6be-c7f6-4b61-9d36-321f55554501,,Alytaus,Baltosios Ančios HE tvenkinys,LTL189,Baltosios Ančios HE tvenkinys,POINT (5981346 485415),2017-08-30,19.5,6.5,3.2,9.5,8.4,2.6,343.0,2.5,0.05,0.003,0.05,0.103,0.6,0.007,0.08,,21.3,,,,,,,,,,,,,,,,,,,,,,,,,,,,,,,,,,,,,,,,,,,,,,,,,,,,,,,,,,,,,,,,,,,,,,,,,,,,,,,,,,,,,,,,,
datasets/gov/aaa/ezeru_monitoringas/EzeruValstybinioMonitoringoDuomenys,57b0a161-006c-4e70-96c8-44d21eabb412,91052399-cfc1-4c48-8303-6a245522e07c,,Alytaus,Snaigynas,LTL252,Snaigynas,POINT (5994866 482623),2021-08-26,19.2,2,2.1,8.7,8.6,5.8,238.0,1,0.01,0.002,0.03,0.042,0.3,0.007,0.055,,3.4,,,,,,,,,,,,,,,,,,,,,,,,,,,,,,,,,,,,,,,,,,,,,,,,,,,,,,,,,,,,,,,,,,,,,,,,,,,,,,,,,,,,,,,,,
datasets/gov/aaa/ezeru_monitoringas/EzeruValstybinioMonitoringoDuomenys,57c15ded-8ca5-47c4-93f1-37d61aff900c,5aa521e7-2184-46c6-993e-57166640056f,,Utenos,Stirniai,LTL343,Stirniai,POINT (6124518 605749),2021-10-18,8.9,<2,2.5,10.3,8.3,6.3,233.0,0.86,0.02,0.004,0.05,0.074,0.38,0.003,"<0,0081",,2.22,,,,,,,,,,,,,,,,,,,,,,,,,,,,,,,,,,,,,,,,,,,,,,,,,,,,,,,,,,,,,,,,,,,,,,,,,,,,,,,,,,,,,,,,,
datasets/gov/aaa/ezeru_monitoringas/EzeruValstybinioMonitoringoDuomenys,5825d80b-5a68-4c2a-bda2-6056e9d4e800,18695c1e-9756-4c82-92ae-796096a69c4d,,Alytaus,Ilgis,LTL374,Ilgis,POINT (6036751 525398),2021-05-24,16.0,4.5,2.8,9.8,8.0,1.7,238.0,3,0.05,0.002,0.17,0.222,0.44,0.011,0.066,,25.1,,,,,,,,,,,,,,,,,,,,,,,,,,,,,,,,,,,,,,,,,,,,,,,,,,,,,,,,,,,,,,,,,,,,,,,,,,,,,,,,,,,,,,,,,
datasets/gov/aaa/ezeru_monitoringas/EzeruValstybinioMonitoringoDuomenys,5843335d-f31b-4cde-95c2-32305387fb7b,04b0d5f1-d434-46c1-aac2-56541a322b9e,,Vilniaus,Širvintų tvenkinys,LTL540,Širvintų HE tvenkinys,POINT (6100669 562243),2017-05-25,18.0,4.7,4.6,12.3,8.73,0.8,454.0,3.8,0.021,0.019,0.336,0.376,0.486,"<0,014",0.039,,18.9,,,,,,,,,,,,,,,,,,,,,,,,,,,,,,,,,,,,,,,,,,,,,,,,,,,,,,,,,,,,,,,,,,,,,,,,,,,,,,,,,,,,,,,,,
datasets/gov/aaa/ezeru_monitoringas/EzeruValstybinioMonitoringoDuomenys,58659ee2-60ba-4b07-9d73-3c990dc82a76,b86416fc-87be-4a8e-b6c1-69f387700f55,,Alytaus,Grūda,LTL396,Grūda,POINT (5974641 520687),2018-07-25,25.1,5,3.0,131.127,9.1,0.8,209.0,3.2,0.06,0.002,0.03,0.092,0.6,0.022,0.053,,39.8,,,,,,,,,,,,,,,,,,,,,,,,,,,,,,,,,,,,,,,,,,,,,,,,,,,,,,,,,,,,,,,,,,,,,,,,,,,,,,,,,,,,,,,,,
datasets/gov/aaa/ezeru_monitoringas/EzeruValstybinioMonitoringoDuomenys,588bf280-6dc1-45a5-b74b-850e71d2113f,43e9c51e-e667-4f17-a588-40a4bc9942e5,,Alytaus,Savistas,LTL250,Savistas,POINT (6022658 526276),2021-05-27,15.8,7,3.3,12.4,9.0,1.7,352.0,5.3,0.02,0.002,0.05,0.072,0.55,"<0,007",0.02,,21.4,,,,,,,,,,,,,,,,,,,,,,,,,,,,,,,,,,,,,,,,,,,,,,,,,,,,,,,,,,,,,,,,,,,,,,,,,,,,,,,,,,,,,,,,,
datasets/gov/aaa/ezeru_monitoringas/EzeruValstybinioMonitoringoDuomenys,58933314-c4b2-47b8-b541-3390ac97219e,796b05c9-aaa1-40ee-ab82-e087e917b81f,,Utenos RAAD,Dysnykštis,LTL156,Dysnykštis,,2022-07-28,21.4,28,3.2,8.4,8.5,0.9,336.0,3.0,0.05,"<0,001",0.04,0.091,0.8,0.009,0.033,,13.0,,,,,,,,,,,,,,,,,,,,,,,,,,,,,,,,,,,,,,,,,,,,,,,,,,,,,,,,,,,,,,,,,,,,,,,,,,,,,,,,,,,,,,,,,
datasets/gov/aaa/ezeru_monitoringas/EzeruValstybinioMonitoringoDuomenys,58fb5672-9545-4260-9c23-59b35e349711,bd665a6f-e3d3-485b-bb39-b2d55885f07a,,Šiaulių,Ilgis,LTL204,Ilgis,POINT (6210196 364291),2019-08-19,22.0,"<1,6",1.7,8.2,7.5,2.5,148.0,4.4,0.047,"<0,001",0.022,0.07,1.7,"<0,005",0.015,,3.7,,,,,,,,,,,,,,,,,,,,,,,,,,,,,,,,,,,,,,,,,,,,,,,,,,,,,,,,,,,,,,,,,,,,,,,,,,,,,,,,,,,,,,,,,
datasets/gov/aaa/ezeru_monitoringas/EzeruValstybinioMonitoringoDuomenys,59056616-8aa3-40cd-a90b-1d2293bc19e6,1fabb748-fde4-4c33-aad5-8a12ed9174e5,,Alytaus,Krokialaukio tvenkinys,LTL188,Krokialaukio tvenkinys,POINT (6033768 482752),2020-05-25,15.4,5,3.0,14.2,8.7,1.9,606.0,3.8,0.04,0.007,0.1,1.8,0.147,0.024,0.076,,20.9,,,,,,,,,,,,,,,,,,,,,,,,,,,,,,,,,,,,,,,,,,,,,,,,,,,,,,,,,,,,,,,,,,,,,,,,,,,,,,,,,,,,,,,,,
datasets/gov/aaa/ezeru_monitoringas/EzeruValstybinioMonitoringoDuomenys,591b8c12-38c9-4f47-98e4-015b9f344441,b364381d-8e93-4fc7-b758-0844d8095f24,,Alytaus RAAD,Vilkinys,LTL239,Vilkinys,,2022-08-24,25.5,5,3,8.4,8.2,4.4,346.0,2.1,0.02,0.031,0.12,0.171,0.79,"<0,007",0.057,,17.1,,,,,,,,,,,,,,,,,,,,,,,,,,,,,,,,,,,,,,,,,,,,,,,,,,,,,,,,,,,,,,,,,,,,,,,,,,,,,,,,,,,,,,,,,
datasets/gov/aaa/ezeru_monitoringas/EzeruValstybinioMonitoringoDuomenys,5979f6b1-c2d0-43af-9f78-354c1987a88f,01095b79-d9f0-4500-9701-5f1d454f767a,,Alytaus,Vilkinys,LTL239,Vilkinys,POINT (5989902 486068),2019-07-23,21.7,3,2.4,10.0,8.4,2.2,341.0,3,0.03,0.002,0.13,0.162,0.4,0.02,0.041,,3.7,,,,,,,,,,,,,,,,,,,,,,,,,,,,,,,,,,,,,,,,,,,,,,,,,,,,,,,,,,,,,,,,,,,,,,,,,,,,,,,,,,,,,,,,,
datasets/gov/aaa/ezeru_monitoringas/EzeruValstybinioMonitoringoDuomenys,598b36be-e6fc-402d-ac17-5eeff7a586b3,e3ac27b8-e164-4ef7-9ce5-d8998c78a1a4,,Utenos,Šiurpys,LTL311,Šiurpys,POINT (6169946 635569),2017-07-13,20.2,2.1,2.9,9.8,8.9,7.2,92.0,0.9,0.03,0.001,0.04,0.071,0.44,0.002,"<0,0083",,2.37,,,,,,,,,,,,,,,,,,,,,,,,,,,,,,,,,,,,,,,,,,,,,,,,,,,,,,,,,,,,,,,,,,,,,,,,,,,,,,,,,,,,,,,,,
datasets/gov/aaa/ezeru_monitoringas/EzeruValstybinioMonitoringoDuomenys,59b70952-2685-4a18-9f86-5f53bb382d80,ace04f10-da2e-44c2-bf64-8819e4a74142,,Vilniaus,Gilūšis,LTL534,Gilūšis,POINT (6067815 539828),2020-07-14,20.1,3.7,4.4,8.3,8.37,1.9,468.0,2.3,0.016,"<0,005",0.039,0.06,0.684,"<0,015",0.073,,6.1,,,,,,,,,,,,,,,,,,,,,,,,,,,,,,,,,,,,,,,,,,,,,,,,,,,,,,,,,,,,,,,,,,,,,,,,,,,,,,,,,,,,,,,,,
datasets/gov/aaa/ezeru_monitoringas/EzeruValstybinioMonitoringoDuomenys,5a19a71a-e5d3-429f-8192-03d32f0bbb77,95357b31-5f1c-43ef-9042-6db6263a017f,,Alytaus RAAD,Latežeris,LTL513,Latežeris,,2022-05-11,15.8,3.5,2.4,10.3,8.6,1.9,272.0,3.4,0.11,0.002,0.07,0.182,0.73,0.007,0.022,,9.6,,,,,,,,,,,,,,,,,,,,,,,,,,,,,,,,,,,,,,,,,,,,,,,,,,,,,,,,,,,,,,,,,,,,,,,,,,,,,,,,,,,,,,,,,
datasets/gov/aaa/ezeru_monitoringas/EzeruValstybinioMonitoringoDuomenys,5a510b6f-890d-4b3d-8c02-d5a5c18df2a1,8619c109-a772-440b-987f-a56fc0b4fabe,,Šiaulių,Platelių ežeras,LTL34,Plateliai,POINT (6214390 366955),2020-10-20,8.0,"<1,6",1.6,8.4,8.2,6.4,200.0,0.88,0.006,"<0,001",0.014,0.021,0.55,"<0,005",0.013,,4.44,,,,,,,,,,,,,,,,,,,,,,,,,,,,,,,,,,,,,,,,,,,,,,,,,,,,,,,,,,,,,,,,,,,,,,,,,,,,,,,,,,,,,,,,,
datasets/gov/aaa/ezeru_monitoringas/EzeruValstybinioMonitoringoDuomenys,5aac0f81-6c4f-4780-a2e0-8490c5927a50,11cbe27c-ea9d-442e-8e9b-22185981bf9d,,Alytaus,Balandis,LTL546,Balandis,POINT (5995701 468082),2018-08-28,21.7,4.5,2.2,84.862,8.5,4.5,292.0,2.2,0.02,0.001,0.03,0.051,0.4,0.018,0.048,,3.6,,,,,,,,,,,,,,,,,,,,,,,,,,,,,,,,,,,,,,,,,,,,,,,,,,,,,,,,,,,,,,,,,,,,,,,,,,,,,,,,,,,,,,,,,
datasets/gov/aaa/ezeru_monitoringas/EzeruValstybinioMonitoringoDuomenys,5ac319cb-e2e8-46d8-949c-803701fbd568,a37aaaea-6c2b-4bdd-b31b-b7aadfab1b9c,,Alytaus,Kavalys,LTL465,Kavalys,POINT (6032343 495560),2017-08-16,23.8,6,3.2,11.7,8.8,1.2,362.0,3.1,0.03,0.004,0.05,0.084,0.8,0.02,0.084,,130.3,,,,,,,,,,,,,,,,,,,,,,,,,,,,,,,,,,,,,,,,,,,,,,,,,,,,,,,,,,,,,,,,,,,,,,,,,,,,,,,,,,,,,,,,,
datasets/gov/aaa/ezeru_monitoringas/EzeruValstybinioMonitoringoDuomenys,5ac480ef-febc-416e-b509-d4bd32622383,0a8d2694-2ef1-4a1b-b995-47b877228c59,,Kauno,Švenčius,LTL144,Švenčius,POINT (6058040 528975),2018-05-23,18.9,7.3,2.9,106.176,8.54,0.9,253.0,4.2,0.022,0.004,0.082,0.108,1.0,"<0,006",0.07,,0.85,,,,,,,,,,,,,,,,,,,,,,,,,,,,,,,,,,,,,,,,,,,,,,,,,,,,,,,,,,,,,,,,,,,,,,,,,,,,,,,,,,,,,,,,,
datasets/gov/aaa/ezeru_monitoringas/EzeruValstybinioMonitoringoDuomenys,5ac7e093-a46b-4767-93de-172a0fb4437b,768c14c1-c42a-4990-906d-5d1b4b0221ee,,Utenos,Čičirys,LTL222,Čičirys,POINT (6187704 628556),2017-08-16,21.9,2.1,3.2,9.1,9.0,5.8,286.0,2.0,0.04,"<0,001",0.04,0.081,0.38,0.004,0.011,,26.1,,,,,,,,,,,,,,,,,,,,,,,,,,,,,,,,,,,,,,,,,,,,,,,,,,,,,,,,,,,,,,,,,,,,,,,,,,,,,,,,,,,,,,,,,
datasets/gov/aaa/ezeru_monitoringas/EzeruValstybinioMonitoringoDuomenys,5accb97a-fb18-4644-8ea6-3feb4643eedb,e5ed41f8-f871-4bce-8fb7-d9bb4542aac4,,Utenos,Čičirys,LTL222,Čičirys,POINT (6187704 628556),2019-07-15,19.8,<2,3.2,10.3,8.7,6.0,302.0,1.6,"<0,014",0.001,0.03,0.045,0.31,"<0,002","<0,0081",,2.8,,,,,,,,,,,,,,,,,,,,,,,,,,,,,,,,,,,,,,,,,,,,,,,,,,,,,,,,,,,,,,,,,,,,,,,,,,,,,,,,,,,,,,,,,
datasets/gov/aaa/ezeru_monitoringas/EzeruValstybinioMonitoringoDuomenys,5acd0587-588c-448f-9b0e-56664a784c21,fb7eebc7-e132-45d4-a12d-2790fde37075,,Utenos,Ūsiai,LTL326,Ūsiai,POINT (6131150 625535),2017-08-17,22.4,"<1,7",2.7,8.9,9.0,4.4,258.0,1.4,0.02,"<0,001",0.07,0.091,0.43,0.003,0.011,,3.5,,,,,,,,,,,,,,,,,,,,,,,,,,,,,,,,,,,,,,,,,,,,,,,,,,,,,,,,,,,,,,,,,,,,,,,,,,,,,,,,,,,,,,,,,
datasets/gov/aaa/ezeru_monitoringas/EzeruValstybinioMonitoringoDuomenys,5b025567-a954-46bf-bc9e-1e5761711623,803b3583-61df-42e7-b811-2c64c2cde211,,Utenos,Pakasas,LTL321,Pakasas,POINT (6140371 623596),2019-05-09,11.7,<2,4.0,13.0,8.8,3.0,389.0,2.3,"<0,014",0.005,0.26,0.279,0.83,0.006,0.009,,8.3,,,,,,,,,,,,,,,,,,,,,,,,,,,,,,,,,,,,,,,,,,,,,,,,,,,,,,,,,,,,,,,,,,,,,,,,,,,,,,,,,,,,,,,,,
datasets/gov/aaa/ezeru_monitoringas/EzeruValstybinioMonitoringoDuomenys,5b031a15-a1cd-4fbe-a6db-1e379eeac703,7766878f-a878-4da2-a7e4-83efbee8024d,,Panevėžio,Rašai,LTL462,Rašai,POINT (6184121 608885),2018-08-21,21.9,3.3,3.9,93.318,8.3,3.1,362.0,2.3,0.014,"<0,001",0.04,0.055,0.75,0.008,0.035,,10.3,,,,,,,,,,,,,,,,,,,,,,,,,,,,,,,,,,,,,,,,,,,,,,,,,,,,,,,,,,,,,,,,,,,,,,,,,,,,,,,,,,,,,,,,,
datasets/gov/aaa/ezeru_monitoringas/EzeruValstybinioMonitoringoDuomenys,5b06d1ee-abdc-47cf-bde6-6e6a1a1e42ba,93d5af64-f2dd-483a-9348-5d43e68408d8,,Utenos,Avilys,LTL299,Avilys,POINT (6183633 629267),2017-10-09,10.7,"<1,7",2.5,6.8,8.6,3.9,261.0,1.2,0.05,0.005,0.07,0.125,0.51,0.005,0.014,,2.8,,,,,,,,,,,,,,,,,,,,,,,,,,,,,,,,,,,,,,,,,,,,,,,,,,,,,,,,,,,,,,,,,,,,,,,,,,,,,,,,,,,,,,,,,
datasets/gov/aaa/ezeru_monitoringas/EzeruValstybinioMonitoringoDuomenys,5b2e0ee3-62b3-4203-b276-0e7947009022,d14ab3b0-4e5f-4aea-b65b-17c3bb3c4880,,Utenos,Ilgis,LTL356,Ilgis,POINT (6106470 594887),2020-07-13,20.6,"<1,9",5.0,8.1,8.63,1.6,344.0,1.5,0.015,"<0,005",0.045,0.065,0.54,"<0,015",0.159,,32.7,,,,,,,,,,,,,,,,,,,,,,,,,,,,,,,,,,,,,,,,,,,,,,,,,,,,,,,,,,,,,,,,,,,,,,,,,,,,,,,,,,,,,,,,,
datasets/gov/aaa/ezeru_monitoringas/EzeruValstybinioMonitoringoDuomenys,5b3f9a6a-7498-4998-96c0-5ae861ba84ca,104d8c7b-5fac-4c52-96ed-785ffd650e7a,,Vilniaus,Didysai Siaurys,LTL217,Didysai Siaurys,POINT (6118847 613457),2018-08-29,20.4,<2,0.58,94.972,7.82,2.6,80.0,0.6,0.019,"<0,004",0.114,0.137,0.292,"<0,014","<0,014",,7.1,,,,,,,,,,,,,,,,,,,,,,,,,,,,,,,,,,,,,,,,,,,,,,,,,,,,,,,,,,,,,,,,,,,,,,,,,,,,,,,,,,,,,,,,,
datasets/gov/aaa/ezeru_monitoringas/EzeruValstybinioMonitoringoDuomenys,5b6a640b-1e98-4ac2-a5ee-41bf54fc9178,3b74d06a-4a34-4033-a45b-d62d07fcdd4d,,Kauno,KAUNO MARIOS,LTL71,Kauno marios,POINT (6084954 505731),2018-07-11,22.0,11,3.4,167.243,8.87,1,406.0,6.3,0.27,0.009,0.052,0.331,1.4,0.088,0.26,9.57,80.5,208,"<0,01","<0,1",<1,<1,"<0,8","<0,5",0.7,41,"<0,1",<2,<30,"<0,002","<0,002","<0,002","<0,004","<0,001","<0,001","<0,004","<0,003","<0,05","<0,05","<0,05","<0,05","<0,05","<0,05",,,,,,,,,,,"<0,005","<0,005","<0,005","<0,005","<0,005","<0,005","<0,005","<0,005","<0,005","<0,004","<0,004","<0,005","<0,005","<0,005","<0,005","<0,025","<0,04","<0,04","<0,04","<0,05","<0,04","<0,004","<0,003","<0,5","<0,5","<0,5","<0,005","<0,005",,0.18,"<0,005","<0,005","<0,005","<0,005","<0,005","<0,005","<0,005",,,,,,,,"<0,005","<0,034","<0,0023","<0,0003","<0,0002","<0,013",,,
datasets/gov/aaa/ezeru_monitoringas/EzeruValstybinioMonitoringoDuomenys,5b6f5c61-7e46-4471-959d-caa64a2cef4e,6c1c03f3-5fd9-4c89-baef-4fab07ffa7da,,Utenos,Čičirys,LTL222,Čičirys,POINT (6187704 628556),2018-09-18,17.8,<2,3.2,91.102,8.4,5.3,300.0,2,0.02,"<0,001",0.04,0.061,0.62,"<0,002",0.011,,2.7,,,,,,,,,,,,,,,,,,,,,,,,,,,,,,,,,,,,,,,,,,,,,,,,,,,,,,,,,,,,,,,,,,,,,,,,,,,,,,,,,,,,,,,,,
datasets/gov/aaa/ezeru_monitoringas/EzeruValstybinioMonitoringoDuomenys,5babf330-e19b-4394-8ffb-dda68c8a29c4,0b7765fb-2798-4ea6-bcb6-3a1b2b193e23,,Panevėžio,Skaistė,LTL385,Skaistė,POINT (6214826 584859),2017-07-31,22.0,2.2,3.5,7.7,8.8,4.0,320.0,1.4,0.02,"<0,001",0.07,0.091,0.91,0.003,0.013,,5.6,,,,,,,,,,,,,,,,,,,,,,,,,,,,,,,,,,,,,,,,,,,,,,,,,,,,,,,,,,,,,,,,,,,,,,,,,,,,,,,,,,,,,,,,,
datasets/gov/aaa/ezeru_monitoringas/EzeruValstybinioMonitoringoDuomenys,5bbe4616-3a53-4d11-82c6-b94816345881,48405f1f-8c41-4778-a921-e17f8a98f4d4,,Utenos,Ūsiai,LTL326,Ūsiai,POINT (6131150 625535),2017-07-17,19.3,"<1,7",2.7,9.4,8.7,4.0,261.0,1.2,"<0,014",0.001,0.04,0.055,0.45,"<0,002",0.016,,0.93,,,,,,,,,,,,,,,,,,,,,,,,,,,,,,,,,,,,,,,,,,,,,,,,,,,,,,,,,,,,,,,,,,,,,,,,,,,,,,,,,,,,,,,,,
datasets/gov/aaa/ezeru_monitoringas/EzeruValstybinioMonitoringoDuomenys,5c1332da-a959-4f50-a135-fa36477fb15d,72509e1e-499f-4ac0-9548-1cd131bede3f,,Vilniaus,Musia,LTL508,Musia,POINT (6093530 577027),2019-09-17,14.5,7.3,5.2,8.45,8.36,0.8,476.0,3.9,0.015,"<0,005",0.051,0.071,0.414,0.015,0.028,,73.4,,,,,,,,,,,,,,,,,,,,,,,,,,,,,,,,,,,,,,,,,,,,,,,,,,,,,,,,,,,,,,,,,,,,,,,,,,,,,,,,,,,,,,,,,
datasets/gov/aaa/ezeru_monitoringas/EzeruValstybinioMonitoringoDuomenys,5c34b76f-4e14-468a-a2da-991bd2cb6d30,5be2c35b-d657-437d-becb-b2155ce04ac2,,Vilniaus RAAD,Lakajas,LTL353,Lakajas,,2022-07-27,22.2,2.3,2.8,7.0,7.89,2.9,292.0,2.7,0.03,"<0,005",0.052,0.087,0.508,"<0,015",0.021,,1.7,,,,,,,,,,,,,,,,,,,,,,,,,,,,,,,,,,,,,,,,,,,,,,,,,,,,,,,,,,,,,,,,,,,,,,,,,,,,,,,,,,,,,,,,,
datasets/gov/aaa/ezeru_monitoringas/EzeruValstybinioMonitoringoDuomenys,5c534c22-de23-4d01-b96a-021f480080b5,627bf0be-1ede-4b75-92c0-46844418a22d,,Utenos RAAD,Šventas,LTL39,Šventas,,2022-10-24,9.7,<2,0.92,10.8,7.0,9.4,112.0,1.4,"<0,014","<0,001",0.03,0.045,0.11,0.005,0.015,,1.6,,,,,,,,,,,,,,,,,,,,,,,,,,,,,,,,,,,,,,,,,,,,,,,,,,,,,,,,,,,,,,,,,,,,,,,,,,,,,,,,,,,,,,,,,
datasets/gov/aaa/ezeru_monitoringas/EzeruValstybinioMonitoringoDuomenys,5c954517-f7c7-4aa6-b625-8b7ebda48759,3d3bfad7-08d7-436a-b7ed-c0a6315fecc2,,Utenos RAAD,Šiurpys,LTL311,Šiurpys,,2022-09-07,18.9,<2,1,9.2,8.5,5.5,112.0,0.99,0.03,"<0,001",0.01,0.041,0.13,0.004,"<0,0081",,0.5,,,,,,,,,,,,,,,,,,,,,,,,,,,,,,,,,,,,,,,,,,,,,,,,,,,,,,,,,,,,,,,,,,,,,,,,,,,,,,,,,,,,,,,,,
datasets/gov/aaa/ezeru_monitoringas/EzeruValstybinioMonitoringoDuomenys,5c9869cf-214d-46ad-b56c-74c384b01d1c,af3e067a-2aba-4b7a-86a2-429f636a30dd,,Alytaus,Glėbas,LTL377,Glėbas,POINT (6012629 533160),2019-09-26,12.8,6.5,3.1,9.3,8.3,5.3,193.0,4.3,0.03,0.003,0.12,0.153,0.8,0.014,0.056,,3.3,,,,,,,,,,,,,,,,,,,,,,,,,,,,,,,,,,,,,,,,,,,,,,,,,,,,,,,,,,,,,,,,,,,,,,,,,,,,,,,,,,,,,,,,,
datasets/gov/aaa/ezeru_monitoringas/EzeruValstybinioMonitoringoDuomenys,5ca3d712-71cb-4261-9d3e-373cc5d976fd,55c4291b-478d-4376-8ae2-79e867856612,,Utenos,Paštys,LTL293,Paštys,POINT (6176255 606702),2021-07-27,23.9,<2,3.6,13.3,8.6,1.2,372.0,5.8,0.04,0.003,0.08,0.123,0.71,0.005,0.041,,11.35,,,,,,,,,,,,,,,,,,,,,,,,,,,,,,,,,,,,,,,,,,,,,,,,,,,,,,,,,,,,,,,,,,,,,,,,,,,,,,,,,,,,,,,,,
datasets/gov/aaa/ezeru_monitoringas/EzeruValstybinioMonitoringoDuomenys,5cc42a12-6e91-40dd-89c3-f9699ced781d,627219e3-5236-46b5-ad70-d69cabc99671,,Kauno,KAUNO MARIOS,LTL71,Kauno marios,POINT (6084954 505731),2018-09-10,20.4,5.4,3.3,85.14,8.1,2.1,433.0,5.7,0.074,0.021,0.13,0.225,0.57,0.061,0.18,9.25,24.9,237,"<0,01","<0,1",<1,<1,4.4,"<0,5",0.7,34,"<0,1",<2,<30,"<0,002","<0,002","<0,002","<0,004","<0,001","<0,001","<0,004","<0,003","<0,05","<0,05",0.081,"<0,05",0.071,"<0,05",,,,,,,,,,,"<0,005","<0,005","<0,005","<0,005","<0,005","<0,005","<0,005","<0,005","<0,005","<0,004","<0,004","<0,005","<0,005","<0,005","<0,005","<0,025","<0,04","<0,04","<0,04","<0,05","<0,04","<0,004","<0,003","<0,5","<0,5","<0,5","<0,005","<0,005",,"<0,12","<0,005","<0,005","<0,005","<0,005","<0,005","<0,005","<0,005",,,,,,,,"<0,005","<0,034","<0,0023","<0,0003","<0,0002","<0,013",,,
datasets/gov/aaa/ezeru_monitoringas/EzeruValstybinioMonitoringoDuomenys,5cf09bc1-5e79-4de9-9daf-34c7c5700144,f3c1189b-4ffb-4556-bdbc-74ba80f3d009,,Alytaus,Pluvija,LTL512,Pluvija,POINT (6030583 493559),2020-07-22,21.5,10,3.1,7.0,8.3,1.2,454.0,5.6,0.05,0.005,0.04,1.5,0.095,0.009,0.066,,12.3,,,,,,,,,,,,,,,,,,,,,,,,,,,,,,,,,,,,,,,,,,,,,,,,,,,,,,,,,,,,,,,,,,,,,,,,,,,,,,,,,,,,,,,,,
datasets/gov/aaa/ezeru_monitoringas/EzeruValstybinioMonitoringoDuomenys,5d03ff44-7765-4ea1-a71d-509997efc617,24398c42-a5de-4bb7-93c5-913e21544bac,,Alytaus,Lavysas,LTL276,Lavysas,POINT (6003702 527390),2019-08-26,22.6,3,2.0,9.4,8.8,5.3,140.0,3,0.05,0.006,0.03,0.086,1.0,0.007,0.038,,3.0,,,,,,,,,,,,,,,,,,,,,,,,,,,,,,,,,,,,,,,,,,,,,,,,,,,,,,,,,,,,,,,,,,,,,,,,,,,,,,,,,,,,,,,,,
datasets/gov/aaa/ezeru_monitoringas/EzeruValstybinioMonitoringoDuomenys,5d0575a8-8903-4d71-add4-ffc265ef405a,de5151e8-a9b5-4cee-8096-7f0ad1d9ac6c,,Šiaulių,Platelių ežeras,LTL34,Plateliai,POINT (6214390 366955),2017-10-19,11.0,<2,1.1,6.9,8.3,8.5,193.0,2.4,"<0,008",0.003,"<0,003",0.014,0.4,"<0,005",0.011,,12.6,,,,,,,,,,,,,,,,,,,,,,,,,,,,,,,,,,,,,,,,,,,,,,,,,,,,,,,,,,,,,,,,,,,,,,,,,,,,,,,,,,,,,,,,,
datasets/gov/aaa/ezeru_monitoringas/EzeruValstybinioMonitoringoDuomenys,5d1d0f29-0159-46e0-b7ac-ed63984144d0,6e4e5eaa-c74b-47bf-9630-889354d428a2,,Alytaus,Vernijis,LTL393,Vernijis,POINT (5998083 480687),2018-09-18,19.3,6,3.4,103.825,8.5,3.3,431.0,2.1,0.06,0.003,0.09,0.153,0.9,0.024,0.071,,14.5,,,,,,,,,,,,,,,,,,,,,,,,,,,,,,,,,,,,,,,,,,,,,,,,,,,,,,,,,,,,,,,,,,,,,,,,,,,,,,,,,,,,,,,,,
datasets/gov/aaa/ezeru_monitoringas/EzeruValstybinioMonitoringoDuomenys,5d6f5444-0214-489e-98f6-82f0251f3348,620c074a-c415-4bd4-88a4-89e0bad1915c,,Alytaus,Akmenių ežeras,LTL516,Akmenių ežeras,POINT (6003300 466571),2017-05-22,19.4,6.5,4.4,12.7,8.8,1.5,458.0,4.7,0.02,0.002,0.09,0.112,1.4,0.012,0.04,,5.2,,,,,,,,,,,,,,,,,,,,,,,,,,,,,,,,,,,,,,,,,,,,,,,,,,,,,,,,,,,,,,,,,,,,,,,,,,,,,,,,,,,,,,,,,
datasets/gov/aaa/ezeru_monitoringas/EzeruValstybinioMonitoringoDuomenys,5d84284f-defd-4939-85a0-b1c27567592e,b369a36d-0af6-4c55-ae3f-5b6e3d66c8dd,,Alytaus RAAD,Šlavantėlis,LTL515,Šlavantėlis,,2022-07-25,22.8,1.5,2.7,10.1,8.2,6.7,318.0,1.4,0.07,0.002,0.05,0.122,0.4,0.007,0.026,,3.9,,,,,,,,,,,,,,,,,,,,,,,,,,,,,,,,,,,,,,,,,,,,,,,,,,,,,,,,,,,,,,,,,,,,,,,,,,,,,,,,,,,,,,,,,
datasets/gov/aaa/ezeru_monitoringas/EzeruValstybinioMonitoringoDuomenys,5e0ced7d-31a0-42b8-a20d-6a22dcfd5d18,db71ff4c-d889-4068-9347-7f090f1a51aa,,Utenos,Ilgys,LTL316,Ilgys,POINT (6156794 621674),2021-09-02,17.3,<2,3.7,9.3,8.7,3.1,330.0,1.3,0.03,0.006,0.25,0.286,1.1,0.003,0.009,,4.14,,,,,,,,,,,,,,,,,,,,,,,,,,,,,,,,,,,,,,,,,,,,,,,,,,,,,,,,,,,,,,,,,,,,,,,,,,,,,,,,,,,,,,,,,
datasets/gov/aaa/ezeru_monitoringas/EzeruValstybinioMonitoringoDuomenys,5e3eaa85-2d41-4238-9e19-008a598ba2f7,1c993ee6-4d3c-42b6-bafe-81f120cabce2,,Alytaus,Luksnėnų ežeras,LTL466,Luksnėnų ežeras,POINT (6028420 494673),2017-07-18,19.6,5,3,9.4,8.5,1.7,411.0,2.9,0.05,0.003,0.11,0.163,0.8,0.06,0.1,,24.4,,,,,,,,,,,,,,,,,,,,,,,,,,,,,,,,,,,,,,,,,,,,,,,,,,,,,,,,,,,,,,,,,,,,,,,,,,,,,,,,,,,,,,,,,
datasets/gov/aaa/ezeru_monitoringas/EzeruValstybinioMonitoringoDuomenys,5e4bf7ab-6fe3-44df-8ae0-99335d0c26bb,c3e841ca-d31a-447f-a512-33869d6b19c1,,Alytaus RAAD,Kaviškis,LTL395,Kaviškis,,2022-08-24,25.6,8.5,3.1,9.3,8.4,1.8,254.0,4.5,0.05,0.018,0.07,0.138,1.1,0.009,0.066,,18.5,,,,,,,,,,,,,,,,,,,,,,,,,,,,,,,,,,,,,,,,,,,,,,,,,,,,,,,,,,,,,,,,,,,,,,,,,,,,,,,,,,,,,,,,,
datasets/gov/aaa/ezeru_monitoringas/EzeruValstybinioMonitoringoDuomenys,5e4f22de-262e-43f4-9c15-d0d2b3bff934,c8b7558d-ce38-43c8-a823-4aa89466d4d7,,Utenos,Šventas,LTL39,Šventas,POINT (6166706 644760),2019-01-30,1.3,<2,0.98,11.5,8.2,9.1,120.0,2.2,0.09,0.001,0.04,0.131,0.41,0.002,0.013,,,,,,,,,,,,,,,,,,,,,,,,,,,,,,,,,,,,,,,,,,,,,,,,,,,,,,,,,,,,,,,,,,,,,,,,,,,,,,,,,,,,,,,,,,,
datasets/gov/aaa/ezeru_monitoringas/EzeruValstybinioMonitoringoDuomenys,5e5df510-9346-416a-bfcd-453538c599e5,c7d29302-4633-4db1-a7a1-0f584f18d104,,Alytaus,Pluvija,LTL512,Pluvija,POINT (6030583 493559),2017-08-16,23.5,10,2.7,12.1,8.9,0.6,396.0,5.7,0.04,0.003,0.04,0.083,1.5,0.014,0.082,,15.4,,,,,,,,,,,,,,,,,,,,,,,,,,,,,,,,,,,,,,,,,,,,,,,,,,,,,,,,,,,,,,,,,,,,,,,,,,,,,,,,,,,,,,,,,
datasets/gov/aaa/ezeru_monitoringas/EzeruValstybinioMonitoringoDuomenys,5e736014-c28b-403f-bea5-3e9ce6c1eade,5cdde843-b25a-4837-92cc-22275d498a31,,Vilniaus,Vievis,LTL137,Vievis,POINT (6069040 552921),2018-07-17,21.3,<2,2.9,118.316,8.94,3.3,305.0,"<0,36",0.012,"<0,004",0.019,0.035,0.155,"<0,014",0.017,,5.5,,,,,,,,,,,,,,,,,,,,,,,,,,,,,,,,,,,,,,,,,,,,,,,,,,,,,,,,,,,,,,,,,,,,,,,,,,,,,,,,,,,,,,,,,
datasets/gov/aaa/ezeru_monitoringas/EzeruValstybinioMonitoringoDuomenys,5f0416bb-561e-48b1-a965-bce3c8f10943,7f349710-a5a0-4028-a023-1949a6a0d2fe,,Marijampolės,Totorviečių tvenkinys,LTL424,Totorviečių,POINT (6084319 430485),2021-09-15,16.6,5,3.1,11.6,8.4,2.0,602.0,3.1,0.1,0.004,0.08,0.184,1.1,"<0,007",0.066,,20.47,,,,,,,,,,,,,,,,,,,,,,,,,,,,,,,,,,,,,,,,,,,,,,,,,,,,,,,,,,,,,,,,,,,,,,,,,,,,,,,,,,,,,,,,,
datasets/gov/aaa/ezeru_monitoringas/EzeruValstybinioMonitoringoDuomenys,5f40bf45-dc34-467a-a3c9-9b85a638c0b7,cd5a18fd-61a8-4bfc-aacb-282b027a9103,,Alytaus,Juodas Kauknoris,LTL174,Juodas Kauknoris,POINT (5987342 470399),2017-09-27,15.3,4.5,2.6,9.6,8.3,2.3,295.0,2.6,0.04,0.003,0.04,0.083,0.6,0.007,0.064,,18.6,,,,,,,,,,,,,,,,,,,,,,,,,,,,,,,,,,,,,,,,,,,,,,,,,,,,,,,,,,,,,,,,,,,,,,,,,,,,,,,,,,,,,,,,,
datasets/gov/aaa/ezeru_monitoringas/EzeruValstybinioMonitoringoDuomenys,5f524141-ba06-45f5-bf5c-00eb3ad66e3d,192d6a05-6172-411d-91c6-426dde57e3a0,,Vilniaus RAAD,Motiejūnų HE tvenkinys,LTL131,Motiejūnų HE tvenkinys,,2022-08-17,25.8,5,4.6,7.25,8.29,0.8,484.0,3.1,"<0,02",0.005,0.14,0.165,1.04,"<0,015",0.042,,16.1,,,,,,,,,,,,,,,,,,,,,,,,,,,,,,,,,,,,,,,,,,,,,,,,,,,,,,,,,,,,,,,,,,,,,,,,,,,,,,,,,,,,,,,,,
datasets/gov/aaa/ezeru_monitoringas/EzeruValstybinioMonitoringoDuomenys,5f7b45c3-c8e7-4364-bb49-dea378d1c61c,c1616c45-afa4-4b1b-9b7d-2ac7e736ef52,,Šiaulių,Germantas,LTL256,Germantas,POINT (6206649 384054),2021-05-10,11.0,2.4,2.9,8.6,8.4,3.15,239.0,1.7,0.017,0.001,0.028,0.046,0.56,"<0,006",0.015,,3.11,,,,,,,,,,,,,,,,,,,,,,,,,,,,,,,,,,,,,,,,,,,,,,,,,,,,,,,,,,,,,,,,,,,,,,,,,,,,,,,,,,,,,,,,,
datasets/gov/aaa/ezeru_monitoringas/EzeruValstybinioMonitoringoDuomenys,5f962824-887f-478f-810a-739b38688b61,585bd6c4-a9d5-4ee7-a6c1-32578cfbf797,,Šiaulių,Ubiškės tvenkinys,LTL400,Ubiškės tvenkinys,POINT (6207317 405961),2019-05-02,14.0,5.8,5.0,9.1,8.8,2.2,543.0,1.2,0.018,0.018,0.98,1.016,2.2,"<0,005",0.047,,10.06,,,,,,,,,,,,,,,,,,,,,,,,,,,,,,,,,,,,,,,,,,,,,,,,,,,,,,,,,,,,,,,,,,,,,,,,,,,,,,,,,,,,,,,,,
datasets/gov/aaa/ezeru_monitoringas/EzeruValstybinioMonitoringoDuomenys,5f9c7130-2ee7-45f3-9e2a-f960afb99897,8b4f1914-0fcc-4215-9092-61ca30e10e64,,Šiaulių,Alsėdžių ežeras,LTL258,Alsėdžių ežeras,POINT (6207315 379242),2017-09-25,14.0,2.7,3.5,5.5,8.4,1.4,363.0,1.5,"<0,008",0.005,0.017,0.03,0.8,"<0,005",0.042,,15.39,,,,,,,,,,,,,,,,,,,,,,,,,,,,,,,,,,,,,,,,,,,,,,,,,,,,,,,,,,,,,,,,,,,,,,,,,,,,,,,,,,,,,,,,,
datasets/gov/aaa/ezeru_monitoringas/EzeruValstybinioMonitoringoDuomenys,600c3c65-645f-446d-89bf-8b3fe427ae62,91de5e9d-1c69-4d39-a0da-da8fe82c8316,,Vilniaus,Didžiulis,LTL274,Didžiulis,POINT (6032301 531320),2019-05-29,18.2,6,2.9,7.4,8.2,0.9,409.0,4.5,0.24,0.011,0.1,0.351,1.3,0.024,0.1,,31.1,,,,,,,,,,,,,,,,,,,,,,,,,,,,,,,,,,,,,,,,,,,,,,,,,,,,,,,,,,,,,,,,,,,,,,,,,,,,,,,,,,,,,,,,,
datasets/gov/aaa/ezeru_monitoringas/EzeruValstybinioMonitoringoDuomenys,6026b2ce-a44b-449a-a49e-1b4af46bdaf0,35f157c3-f34f-4d14-aca7-bb6db8ad0cae,,Vilniaus,Stavarygalos ežeras,LTL362,Stavarygalos ež.,POINT (6099007 549978),2020-08-13,22.3,6.9,2.9,7.5,8.16,1.0,328.0,3.9,0.054,"<0,005",0.048,0.107,0.187,"<0,015",0.029,,26.3,,,,,,,,,,,,,,,,,,,,,,,,,,,,,,,,,,,,,,,,,,,,,,,,,,,,,,,,,,,,,,,,,,,,,,,,,,,,,,,,,,,,,,,,,
datasets/gov/aaa/ezeru_monitoringas/EzeruValstybinioMonitoringoDuomenys,602aedd5-3239-4827-8de8-993a90370120,04639f2d-7b68-44fe-aec7-a77bc8fd60f1,,Alytaus,Ilgis,LTL273,Ilgis,POINT (6014802 512585),2021-07-29,25.2,3,2.7,8.9,8.6,2.7,348.0,2,0.03,0.002,0.21,0.242,1.0,"<0,007",0.065,,6.22,,,,,,,,,,,,,,,,,,,,,,,,,,,,,,,,,,,,,,,,,,,,,,,,,,,,,,,,,,,,,,,,,,,,,,,,,,,,,,,,,,,,,,,,,
datasets/gov/aaa/ezeru_monitoringas/EzeruValstybinioMonitoringoDuomenys,606607f6-88c4-4997-a172-ddd83b5aef0a,31524a85-e00b-4314-be2c-e3b70ece3059,,Kauno,Krivėnų tvenkinys,LTL413,Krivėnų tvenkinys,POINT (6109207 484509),2017-05-03,9.0,4.3,5,11.9,8.4,1.1,591.0,2.5,0.056,0.027,6.4,6.483,6.8,0.019,0.051,,34.6,,,,,,,,,,,,,,,,,,,,,,,,,,,,,,,,,,,,,,,,,,,,,,,,,,,,,,,,,,,,,,,,,,,,,,,,,,,,,,,,,,,,,,,,,
datasets/gov/aaa/ezeru_monitoringas/EzeruValstybinioMonitoringoDuomenys,6073cc17-0770-4ed0-b3d4-af83eabd0f6e,a1e90275-f430-46f8-8253-4452ed1f3e76,,Alytaus,Akmenių ežeras,LTL516,Akmenių ežeras,POINT (6003300 466571),2020-05-13,12.9,3,3.8,8.8,8.2,1.9,504.0,4.1,0.06,0.003,0.08,1.4,0.143,0.011,0.059,,6.3,,,,,,,,,,,,,,,,,,,,,,,,,,,,,,,,,,,,,,,,,,,,,,,,,,,,,,,,,,,,,,,,,,,,,,,,,,,,,,,,,,,,,,,,,
datasets/gov/aaa/ezeru_monitoringas/EzeruValstybinioMonitoringoDuomenys,6091417d-d592-4936-b4f5-63db9ea31843,df762f29-e5d7-4009-abc7-7304f871960d,,Alytaus,Luksnėnų ežeras,LTL466,Luksnėnų ežeras,POINT (6028420 494673),2017-05-17,14.8,4.5,3.5,9.7,8.3,2.7,427.0,3.0,0.04,0.003,0.06,0.103,0.7,0.018,0.074,,108.0,,,,,,,,,,,,,,,,,,,,,,,,,,,,,,,,,,,,,,,,,,,,,,,,,,,,,,,,,,,,,,,,,,,,,,,,,,,,,,,,,,,,,,,,,
datasets/gov/aaa/ezeru_monitoringas/EzeruValstybinioMonitoringoDuomenys,6099828e-66fd-4e78-8156-cf6571c4a96a,016e6fe9-583a-4c52-a5d8-430b07f7a920,,Vilniaus,Verniejus,LTL117,Verniejus,POINT (6046107 538059),2018-07-30,26.1,<2,1.6,104.869,8.5,5.1,200.0,1.3,0.011,"<0,004",0.03,0.045,0.101,0.016,0.019,,4.4,,,,,,,,,,,,,,,,,,,,,,,,,,,,,,,,,,,,,,,,,,,,,,,,,,,,,,,,,,,,,,,,,,,,,,,,,,,,,,,,,,,,,,,,,
datasets/gov/aaa/ezeru_monitoringas/EzeruValstybinioMonitoringoDuomenys,60a7906c-85b3-4895-b363-32d54cff14ae,e973ceeb-4d73-4fff-9bd1-f465a1ede6f9,,Panevėžio RAAD,Kupiškio tvenkinys,LTL417,Kupiškio,,2022-07-21,20.1,4,4.4,8.9,8.4,2.3,501.0,2.5,"<0,014",0.025,1.4,1.439,1.9,0.005,0.024,,14.2,,,,,,,,,,,,,,,,,,,,,,,,,,,,,,,,,,,,,,,,,,,,,,,,,,,,,,,,,,,,,,,,,,,,,,,,,,,,,,,,,,,,,,,,,
datasets/gov/aaa/ezeru_monitoringas/EzeruValstybinioMonitoringoDuomenys,60ee2f0b-da51-4f9f-aabc-9f26c59f5991,6f34033f-f2d6-4f7e-b24e-31a2db909a5c,,Utenos,Čičirys,LTL222,Čičirys,POINT (6187704 628556),2019-06-11,24.3,<2,3.3,9.0,8.7,6.4,303.0,1.2,"<0,014","<0,01",0.07,0.094,0.73,0.007,0.016,,2.4,,,,,,,,,,,,,,,,,,,,,,,,,,,,,,,,,,,,,,,,,,,,,,,,,,,,,,,,,,,,,,,,,,,,,,,,,,,,,,,,,,,,,,,,,
datasets/gov/aaa/ezeru_monitoringas/EzeruValstybinioMonitoringoDuomenys,61183dc8-3ed0-49ea-8002-936a3a510820,cdfae232-7b4b-4539-a9e9-6da1a6f759ec,,Vilniaus,Kančioginas,LTL386,Kančioginas,POINT (6122858 648752),2018-07-18,23.0,2.2,2.8,98.824,8.36,1.8,341.0,1.5,0.013,"<0,004",0.069,0.086,0.227,"<0,014",0.025,,4.7,,,,,,,,,,,,,,,,,,,,,,,,,,,,,,,,,,,,,,,,,,,,,,,,,,,,,,,,,,,,,,,,,,,,,,,,,,,,,,,,,,,,,,,,,
datasets/gov/aaa/ezeru_monitoringas/EzeruValstybinioMonitoringoDuomenys,61947653-ede3-48f2-8d02-4b997255f395,74a0146f-9fd1-4ba9-9652-34ddf8145381,,Aplinkos apsaugos departamento Šiaulių valdyba,Arimaičių ežeras,LTL266,Arimaičių ež.,,2022-05-04,12.0,4.4,4.3,8.8,8.8,1.9,561.0,3.9,0.02,0.025,2.7,2.745,2.8,"<0,006",0.026,,3.45,,,,,,,,,,,,,,,,,,,,,,,,,,,,,,,,,,,,,,,,,,,,,,,,,,,,,,,,,,,,,,,,,,,,,,,,,,,,,,,,,,,,,,,,,
datasets/gov/aaa/ezeru_monitoringas/EzeruValstybinioMonitoringoDuomenys,61c669d4-03d2-4765-9a4f-762d63fee58c,a266fca1-d42b-44ca-87a9-cdfac2c2c4f5,,Utenos,Vasaknas,LTL297,Vasaknas,POINT (6173874 612109),2017-07-24,21.0,2.1,2.9,9.8,8.7,2.6,269.0,1.9,0.02,"<0,001",0.04,0.061,0.55,0.005,0.021,,4.3,,,,,,,,,,,,,,,,,,,,,,,,,,,,,,,,,,,,,,,,,,,,,,,,,,,,,,,,,,,,,,,,,,,,,,,,,,,,,,,,,,,,,,,,,
datasets/gov/aaa/ezeru_monitoringas/EzeruValstybinioMonitoringoDuomenys,62123ade-de62-4f78-ba37-8e874eff8589,275b465c-4ad9-464b-b258-ab514a276132,,Vilniaus,Drabužis,LTL116,Drabužis,POINT (6048718 541867),2021-05-19,14.6,3.4,3.8,11.2,8.61,3.1,451.0,2.8,0.021,0.005,0.138,0.164,0.526,"<0,015","<0,015",,3.8,,,,,,,,,,,,,,,,,,,,,,,,,,,,,,,,,,,,,,,,,,,,,,,,,,,,,,,,,,,,,,,,,,,,,,,,,,,,,,,,,,,,,,,,,
datasets/gov/aaa/ezeru_monitoringas/EzeruValstybinioMonitoringoDuomenys,6221ec36-c292-4326-b22c-6b3b51e4b147,fe545e67-231e-4941-80d5-b5d5eacb6f12,,Utenos,Dūriai,LTL159,Dūriai,POINT (6124838 589100),2021-07-15,28.2,5.9,3.2,8.0,8.61,1.7,359.0,2.7,0.028,"<0,005",0.062,0.095,0.853,0.015,"<0,015",,7.6,,,,,,,,,,,,,,,,,,,,,,,,,,,,,,,,,,,,,,,,,,,,,,,,,,,,,,,,,,,,,,,,,,,,,,,,,,,,,,,,,,,,,,,,,
datasets/gov/aaa/ezeru_monitoringas/EzeruValstybinioMonitoringoDuomenys,6225b5b3-98ef-4614-9f06-ff247bfb13ed,1b4d3f73-e0d3-4115-a8c9-b82b7deab844,,Utenos,Želvos,LTL448,Želvos,POINT (6132284 597989),2021-08-17,21.2,6,3.3,10.8,8.53,1.5,496.0,2.5,0.027,"<0,005",0.544,0.576,1.08,"<0,015","<0,015",,18.42,,,,,,,,,,,,,,,,,,,,,,,,,,,,,,,,,,,,,,,,,,,,,,,,,,,,,,,,,,,,,,,,,,,,,,,,,,,,,,,,,,,,,,,,,
datasets/gov/aaa/ezeru_monitoringas/EzeruValstybinioMonitoringoDuomenys,62283888-3185-4183-8d5a-1a837015c2a6,2868c329-4afa-4186-a0fa-b8abe7190adf,,Vilniaus RAAD,Vaisietis,LTL371,Vaisietis,,2022-05-11,14.7,2,1.9,9.0,8.71,2.4,215.0,1.8,0.033,0.005,0.13,0.168,0.346,"<0,015","<0,015",,2.6,,,,,,,,,,,,,,,,,,,,,,,,,,,,,,,,,,,,,,,,,,,,,,,,,,,,,,,,,,,,,,,,,,,,,,,,,,,,,,,,,,,,,,,,,
datasets/gov/aaa/ezeru_monitoringas/EzeruValstybinioMonitoringoDuomenys,62368d40-d085-458c-8e24-1f3b448b6e8e,10d3faa5-713a-428c-b02e-1c4cc7c1925d,,Šiaulių,Platelių ežeras,LTL34,Plateliai,POINT (6214390 366955),2020-06-16,17.0,"<1,6",1.7,9.4,7.5,4.6,182.0,1.6,0.03,"<0,001",0.018,0.049,0.69,"<0,005",0.016,,5.92,,,,,,,,,,,,,,,,,,,,,,,,,,,,,,,,,,,,,,,,,,,,,,,,,,,,,,,,,,,,,,,,,,,,,,,,,,,,,,,,,,,,,,,,,
datasets/gov/aaa/ezeru_monitoringas/EzeruValstybinioMonitoringoDuomenys,626b925f-84b1-4bbc-9b26-c8ce55fe17bb,ac6d719f-edbf-4de4-8b3e-1b5dddcf5246,,Utenos,Asavas,LTL310,Asavas,POINT (6167521 638935),2020-07-09,21.2,<2,2.7,8.8,8.4,4.2,263.0,1.6,"<0,014","<0,001",0.03,0.045,0.68,"<0,002",0.012,,3.7,,,,,,,,,,,,,,,,,,,,,,,,,,,,,,,,,,,,,,,,,,,,,,,,,,,,,,,,,,,,,,,,,,,,,,,,,,,,,,,,,,,,,,,,,
datasets/gov/aaa/ezeru_monitoringas/EzeruValstybinioMonitoringoDuomenys,6293898c-09df-46c8-8cf0-f8a7f0e8e6f4,58bba8b8-45fe-456d-9e24-b168c55b65fc,,Utenos,Paštys,LTL293,Paštys,POINT (6176255 606702),2021-05-20,14.1,<2,4.2,9.0,8.3,2.5,406.0,2.7,0.07,0.006,0.27,0.346,0.88,0.007,0.023,,12.3,,,,,,,,,,,,,,,,,,,,,,,,,,,,,,,,,,,,,,,,,,,,,,,,,,,,,,,,,,,,,,,,,,,,,,,,,,,,,,,,,,,,,,,,,
datasets/gov/aaa/ezeru_monitoringas/EzeruValstybinioMonitoringoDuomenys,62f6ba4e-1ee4-49e8-a303-b04992a1187b,5ae0b166-9052-48d6-a8d8-14f87f06dedf,,Kauno,Jurbarkų tvenkinys,LTL423,Jurbarkų tvenkinys,POINT (6107219 418720),2021-09-15,17.8,6.5,3.4,10.3,8.5,1.5,501.0,5.9,0.07,0.024,0.14,0.234,1.4,"<0,007",0.075,,40.45,,,,,,,,,,,,,,,,,,,,,,,,,,,,,,,,,,,,,,,,,,,,,,,,,,,,,,,,,,,,,,,,,,,,,,,,,,,,,,,,,,,,,,,,,
datasets/gov/aaa/ezeru_monitoringas/EzeruValstybinioMonitoringoDuomenys,6307f3b3-7d05-452d-868f-98dc64d3d48a,7756325a-cc5e-4c32-8f0b-758732f2e5d2,,Kauno,KAUNO MARIOS,LTL71,Kauno marios,POINT (6084954 505731),2021-10-13,10.4,3,3.4,9.37,8.3,2.1,441.0,2.1,0.026,0.017,1.27,1.313,1.42,0.035,0.252,24.47,13.47,237,"<0,01","<0,1",<2,<1,<1,<1,<2,0.28,<30,"<0,1",<15,"<0,002","<0,003","<0,002","<0,002","<0,002","<0,002","<0,003","<0,003","<0,01","<0,1","<0,1",,,"<0,05","<0,2","<0,2","<0,2","<0,2","<0,1","<0,1","<0,2","<0,2","<0,1","<0,2","<0,005","<0,005","<0,005","<0,005","<0,005","<0,005","<0,005","<0,005","<0,005","<0,004","<0,004","<0,005","<0,005","<0,005","<0,005","<0,05","<0,05","<0,05","<0,05","<0,05","<0,05","<0,05",,"<0,5","<0,5","<0,5","<0,005","<0,005",,0.42,"<0,005","<0,005","<0,005","<0,005","<0,005","<0,005","<0,005",,,,,,,,,"<0,001","<0,001","<0,001","<0,00005","<0,00005",-,-,-
datasets/gov/aaa/ezeru_monitoringas/EzeruValstybinioMonitoringoDuomenys,6343c99f-2e49-48b1-aa35-a33bd079490e,17ee78bd-0c14-4130-8de2-ba3bdaa52378,,Alytaus RAAD,Vilkinys,LTL239,Vilkinys,,2022-09-29,13.9,4.5,2.9,7.8,8.2,3.1,357.0,2.6,0.04,0.002,0.15,0.192,0.94,"<0,007",0.042,,10.3,,,,,,,,,,,,,,,,,,,,,,,,,,,,,,,,,,,,,,,,,,,,,,,,,,,,,,,,,,,,,,,,,,,,,,,,,,,,,,,,,,,,,,,,,
datasets/gov/aaa/ezeru_monitoringas/EzeruValstybinioMonitoringoDuomenys,63496592-cdff-4801-add4-cf9933d0a297,af41ed0f-e839-4eb0-b39e-dc66449f0220,,Vilniaus,Vilkokšnis,LTL373,Vilkokšnis,POINT (6041527 543621),2021-09-22,13.8,<2,2.9,7.6,8.1,3.0,332.0,1.3,0.071,"<0,005",0.018,0.094,0.248,"<0,015",0.017,,44.86,,,,,,,,,,,,,,,,,,,,,,,,,,,,,,,,,,,,,,,,,,,,,,,,,,,,,,,,,,,,,,,,,,,,,,,,,,,,,,,,,,,,,,,,,
datasets/gov/aaa/ezeru_monitoringas/EzeruValstybinioMonitoringoDuomenys,637433bd-6810-4b5f-a1e1-04ea43217fb5,9f8cb162-c095-4dd9-a7c0-d00f762d7bb5,,Aplinkos apsaugos departamento Šiaulių valdyba,Juodeikių tvenkinys,LTL268,Juodeikių,,2022-07-14,20.0,4.8,4.1,3.7,8.4,2.3,414.0,3.3,0.025,0.013,0.004,0.042,1.1,"<0,006",0.041,,25.16,,,,,,,,,,,,,,,,,,,,,,,,,,,,,,,,,,,,,,,,,,,,,,,,,,,,,,,,,,,,,,,,,,,,,,,,,,,,,,,,,,,,,,,,,
datasets/gov/aaa/ezeru_monitoringas/EzeruValstybinioMonitoringoDuomenys,638166ec-064b-421e-b9c0-5f163e36a52b,fad44473-a4c8-4bc2-9154-be6de7ccdb73,,Utenos,Dringis,LTL229,Dringis,POINT (6139620 633099),2019-09-26,13.5,<2,3.2,7.6,8.4,4.6,318.0,1,"<0,014","<0,001",0.02,0.035,0.4,0.002,0.015,,4.4,,,,,,,,,,,,,,,,,,,,,,,,,,,,,,,,,,,,,,,,,,,,,,,,,,,,,,,,,,,,,,,,,,,,,,,,,,,,,,,,,,,,,,,,,
datasets/gov/aaa/ezeru_monitoringas/EzeruValstybinioMonitoringoDuomenys,6389ee69-df6d-4e66-99e9-6bdd77abbb41,a06a17cb-e3a2-4e68-b71c-6a0528509818,,Šiaulių,Biržulis,LTL208,Biržulis,POINT (6182662 402309),2017-05-03,8.0,4.7,3.6,5.7,8.7,,338.0,3.7,"<0,008",0.006,0.12,0.134,1.1,"<0,005",0.052,,5.5,,,,,,,,,,,,,,,,,,,,,,,,,,,,,,,,,,,,,,,,,,,,,,,,,,,,,,,,,,,,,,,,,,,,,,,,,,,,,,,,,,,,,,,,,
datasets/gov/aaa/ezeru_monitoringas/EzeruValstybinioMonitoringoDuomenys,638bf1f9-db58-46bb-a520-b5c1fff77a2f,dce0c6c1-6e6f-4ae1-bea9-38380a633076,,Kauno,KAUNO MARIOS,LTL71,Kauno marios,POINT (6084954 505731),2018-04-17,12.0,6.6,3.2,142.326,8.65,1.2,391.0,3.6,0.12,0.012,1.2,1.332,1.9,0.007,0.068,10.1,45,218,"<0,01","<0,1",1.7,1.1,"<0,8","<0,5",0.56,<30,"<0,1",<2,<30,"<0,002","<0,002","<0,002","<0,004","<0,001","<0,001","<0,004","<0,003","<0,05","<0,05","<0,05","<0,05","<0,05","<0,05",,,,,,,,,,,"<0,005","<0,005","<0,005","<0,005","<0,005","<0,005","<0,005","<0,005","<0,005","<0,004","<0,004","<0,005","<0,005","<0,005","<0,005","<0,025","<0,04","<0,04","<0,04","<0,05","<0,04","<0,004","<0,003","<0,5","<0,5","<0,5","<0,005","<0,005",,0.28,"<0,005","<0,005","<0,005","<0,005","<0,005","<0,005","<0,005",,,,,,,,"<0,005","<0,034","<0,0023","<0,0003","<0,0002","<0,013",,,
datasets/gov/aaa/ezeru_monitoringas/EzeruValstybinioMonitoringoDuomenys,63be01ae-4732-4093-a195-388e819316df,97c9f6dd-51c4-445b-94ef-01afa8e7de88,,Alytaus,Savistas,LTL250,Savistas,POINT (6022658 526276),2021-08-25,19.8,6.5,3.1,10.3,8.5,2.0,344.0,2.8,0.01,0.002,0.04,0.052,0.57,"<0,007",0.04,,12.26,,,,,,,,,,,,,,,,,,,,,,,,,,,,,,,,,,,,,,,,,,,,,,,,,,,,,,,,,,,,,,,,,,,,,,,,,,,,,,,,,,,,,,,,,
datasets/gov/aaa/ezeru_monitoringas/EzeruValstybinioMonitoringoDuomenys,63d52497-080a-4031-b610-e500e01fd71d,c5bdf071-a65e-4bf0-be2c-6ec861dc7f90,,Utenos,Ilmėdas,LTL351,Ilmėdas,POINT (6126210 598293),2021-07-28,24.9,<2,2.7,8.9,8.5,4.2,319.0,1.4,"<0,02","<0,005",0.017,0.042,0.324,"<0,015",0.015,,7.1,,,,,,,,,,,,,,,,,,,,,,,,,,,,,,,,,,,,,,,,,,,,,,,,,,,,,,,,,,,,,,,,,,,,,,,,,,,,,,,,,,,,,,,,,
datasets/gov/aaa/ezeru_monitoringas/EzeruValstybinioMonitoringoDuomenys,63e7d82c-8c62-4d2e-bbf3-0e005d3dcca6,2024d95a-ee5d-4aa1-bc4e-1ee2b35e58b0,,Alytaus RAAD,Prapuntas,LTL391,Prapuntas,,2022-05-10,15.8,4,3.6,12.8,8.8,2.4,390.0,2.8,0.04,0.007,0.1,0.147,0.54,0.021,0.044,,6.5,,,,,,,,,,,,,,,,,,,,,,,,,,,,,,,,,,,,,,,,,,,,,,,,,,,,,,,,,,,,,,,,,,,,,,,,,,,,,,,,,,,,,,,,,
datasets/gov/aaa/ezeru_monitoringas/EzeruValstybinioMonitoringoDuomenys,63e8dbe2-cf71-474a-990f-74984c8ec58d,15d6b4bf-ddbf-409d-9963-a99e5575aa73,,Šiaulių,Platelių ežeras,LTL34,Plateliai,POINT (6214390 366955),2020-07-20,23.0,"<1,6",2.6,9.7,8.5,6.1,176.0,1.1,0.031,"<0,001",0.022,0.054,0.51,"<0,005",0.011,,2.66,,,,,,,,,,,,,,,,,,,,,,,,,,,,,,,,,,,,,,,,,,,,,,,,,,,,,,,,,,,,,,,,,,,,,,,,,,,,,,,,,,,,,,,,,
datasets/gov/aaa/ezeru_monitoringas/EzeruValstybinioMonitoringoDuomenys,63ecab1f-4ebc-4a1c-8217-9121564bae76,728bf6ec-297d-48a3-b4be-9356600f07ff,,Utenos,Klykių ežeras,LTL539,Klykių,POINT (6149905 611418),2018-08-28,20.2,<2,1.5,105.791,8.7,7.1,149.0,0.7,"<0,014","<0,001",0.02,0.035,0.54,"<0,002","<0,0083",,1.7,,,,,,,,,,,,,,,,,,,,,,,,,,,,,,,,,,,,,,,,,,,,,,,,,,,,,,,,,,,,,,,,,,,,,,,,,,,,,,,,,,,,,,,,,
datasets/gov/aaa/ezeru_monitoringas/EzeruValstybinioMonitoringoDuomenys,63ffdd13-17ae-4fbd-abcf-e02fe2b3708d,9aaa7cb7-3e33-46fd-8b3a-c78d9e088090,,Vilniaus,Ilgutis,LTL380,Ilgutis,POINT (6048111 568369),2018-05-09,18.6,<2,2.3,,8.46,3.7,304.0,3.2,0.054,"<0,004",0.057,0.115,0.27,0.101,0.104,,1.71,,,,,,,,,,,,,,,,,,,,,,,,,,,,,,,,,,,,,,,,,,,,,,,,,,,,,,,,,,,,,,,,,,,,,,,,,,,,,,,,,,,,,,,,,
datasets/gov/aaa/ezeru_monitoringas/EzeruValstybinioMonitoringoDuomenys,640e8df8-b5fa-4ce2-81ce-e152730d3b8b,a56977b4-4af7-4c5d-a813-cdc2f02c91d6,,Utenos,Šventosios tvenkinys,LTL536,Šventosios tvenkinys,POINT (6173459 614866),2018-10-04,9.5,3.1,4.0,88.519,8.6,3,392.0,1.6,0.03,0.003,0.05,0.083,0.51,0.006,0.023,,1.3,,,,,,,,,,,,,,,,,,,,,,,,,,,,,,,,,,,,,,,,,,,,,,,,,,,,,,,,,,,,,,,,,,,,,,,,,,,,,,,,,,,,,,,,,
datasets/gov/aaa/ezeru_monitoringas/EzeruValstybinioMonitoringoDuomenys,6419aee9-a84a-422b-9c3e-a755efbfc65c,3da0d082-3805-437b-b844-5da0142bf817,,Kauno,KAUNO MARIOS,LTL71,Kauno marios,POINT (6084954 505731),2019-06-05,22.5,11,3.0,15.87,8.92,0.8,395.0,6.2,0.018,"<0,005",0.081,0.104,1.03,"<0,015",0.124,,68.7,,,,,,,,,,,,,,,,,,,,,,,,,,,,,,,,,,,,,,,,,,,,,,,,,,,,,,,,,,,,,,,,,,,,,,,,,,,,,,,,,,,,,,,,,
datasets/gov/aaa/ezeru_monitoringas/EzeruValstybinioMonitoringoDuomenys,646c13f7-fea8-4787-8b37-fcd9099b735e,9049b20a-d2fe-4363-b69c-674ef719e005,,Utenos,Erzvėtas,LTL387,Erzvėtas,POINT (6131954 660363),2021-08-24,19.1,2.7,3.5,10.1,8.67,1.9,391.0,2.5,"<0,02","<0,005",0.29,0.315,0.821,"<0,015","<0,015",,9.47,,,,,,,,,,,,,,,,,,,,,,,,,,,,,,,,,,,,,,,,,,,,,,,,,,,,,,,,,,,,,,,,,,,,,,,,,,,,,,,,,,,,,,,,,
datasets/gov/aaa/ezeru_monitoringas/EzeruValstybinioMonitoringoDuomenys,649fd1e0-f89c-4de8-bc84-30342d86e1ca,0791cc5d-3a49-4951-a689-4e4154b6f48b,,Šiaulių,Vaitiekūnų tvenkinys,LTL408,Vaitiekūnų tvenkinys,POINT (6150901 477949),2017-08-31,18.0,3.8,4.3,4.5,8.9,1.5,652.0,0.8,0.075,0.022,0.22,0.317,1.5,0.018,0.05,,23.2,,,,,,,,,,,,,,,,,,,,,,,,,,,,,,,,,,,,,,,,,,,,,,,,,,,,,,,,,,,,,,,,,,,,,,,,,,,,,,,,,,,,,,,,,
datasets/gov/aaa/ezeru_monitoringas/EzeruValstybinioMonitoringoDuomenys,64b81897-b40b-412e-bf04-41190bc4295b,250744cc-5903-486f-b496-a394b1e3a45a,,Vilniaus RAAD,Galvė,LTL168,Galvė,,2022-05-05,9.1,<2,2.1,11.94,8.55,4.9,343.0,1.9,0.023,0.005,0.089,0.117,0.414,"<0,015",0.02,,5.0,,,,,,,,,,,,,,,,,,,,,,,,,,,,,,,,,,,,,,,,,,,,,,,,,,,,,,,,,,,,,,,,,,,,,,,,,,,,,,,,,,,,,,,,,
datasets/gov/aaa/ezeru_monitoringas/EzeruValstybinioMonitoringoDuomenys,65091c36-8079-4800-bfeb-fda133c06bbe,61814d47-d9d5-418d-8986-c203f4655811,,Alytaus,Niedus,LTL240,Niedus,POINT (5986223 475252),2017-09-27,15.3,3.5,2.3,9.9,8.4,2.1,345.0,3.1,0.03,0.002,0.04,0.072,0.5,0.007,0.058,,30.78,,,,,,,,,,,,,,,,,,,,,,,,,,,,,,,,,,,,,,,,,,,,,,,,,,,,,,,,,,,,,,,,,,,,,,,,,,,,,,,,,,,,,,,,,
datasets/gov/aaa/ezeru_monitoringas/EzeruValstybinioMonitoringoDuomenys,650f02bf-7647-45e5-9feb-81e30a681eb0,57aebe7c-edaa-4350-ad3d-2213d512782f,,Vilniaus,Spėra,LTL114,Spėra,POINT (6087485 557081),2017-07-13,20.4,7,4.5,7.3,7.72,0.6,253.0,7.3,0.052,0.013,0.158,0.223,1.85,"<0,014",0.078,,44.4,,,,,,,,,,,,,,,,,,,,,,,,,,,,,,,,,,,,,,,,,,,,,,,,,,,,,,,,,,,,,,,,,,,,,,,,,,,,,,,,,,,,,,,,,
datasets/gov/aaa/ezeru_monitoringas/EzeruValstybinioMonitoringoDuomenys,6522a695-d443-437b-95c8-5d97de2c4c81,7f552b63-84c1-4818-8066-60f52dc9f773,,Šiaulių,Ilgis,LTL204,Ilgis,POINT (6210196 364291),2017-01-12,1.0,<2,1.7,7.7,8.4,,167.0,3.1,0.027,0.003,0.11,0.14,0.64,0.005,0.01,,4.54,,,,,,,,,,,,,,,,,,,,,,,,,,,,,,,,,,,,,,,,,,,,,,,,,,,,,,,,,,,,,,,,,,,,,,,,,,,,,,,,,,,,,,,,,
datasets/gov/aaa/ezeru_monitoringas/EzeruValstybinioMonitoringoDuomenys,65ad4f36-262e-4736-840e-c6c0273d4754,4c6eaf0e-5ec6-413e-9590-5ac4352904c9,,Utenos RAAD,Žiezdrelis,LTL529,Ziezdrelis,,2022-07-28,22.0,3.1,3.7,8.0,8.57,1.7,364.0,2.3,0.023,0.012,0.16,0.195,0.853,"<0,015",0.021,,17.9,,,,,,,,,,,,,,,,,,,,,,,,,,,,,,,,,,,,,,,,,,,,,,,,,,,,,,,,,,,,,,,,,,,,,,,,,,,,,,,,,,,,,,,,,
datasets/gov/aaa/ezeru_monitoringas/EzeruValstybinioMonitoringoDuomenys,65baedeb-334f-47ec-9af4-04c07580869b,3993804d-30be-45ec-a3a6-a75de9100030,,Marijampolės,Stebuliškių tvenkinys,LTL542,Stebuliškių tvenkinys,POINT (6038735 456571),2017-08-29,17.5,49,4.4,8.6,8.51,0.5,608.0,8.5,0.06,0.002,"<0,008",0.07,1.8,0.025,0.15,,1.4,,,,,,,,,,,,,,,,,,,,,,,,,,,,,,,,,,,,,,,,,,,,,,,,,,,,,,,,,,,,,,,,,,,,,,,,,,,,,,,,,,,,,,,,,
datasets/gov/aaa/ezeru_monitoringas/EzeruValstybinioMonitoringoDuomenys,65e76a37-a2a9-4b9b-9820-20baf596c9bc,d0e2836d-7468-4ce1-84a9-1382b1e70fa6,,Utenos,Almajas,LTL322,Almajas,POINT (6141249 625462),2020-08-20,21.9,<2,2.6,9.0,8.5,4.8,255.0,1.3,"<0,014","<0,001",0.04,0.055,0.28,"<0,002",0.013,,4.2,,,,,,,,,,,,,,,,,,,,,,,,,,,,,,,,,,,,,,,,,,,,,,,,,,,,,,,,,,,,,,,,,,,,,,,,,,,,,,,,,,,,,,,,,
datasets/gov/aaa/ezeru_monitoringas/EzeruValstybinioMonitoringoDuomenys,65e90239-98ac-40e1-a8a0-b09fe00e96be,0025502d-8e6e-4976-8535-83fefec26459,,Šiaulių,Platelių ežeras,LTL34,Plateliai,POINT (6214390 366955),2017-07-25,19.0,<2,1.6,6.2,9.3,6.5,198.0,3.0,"<0,008",0.001,0.015,0.024,0.62,"<0,005",0.01,,2.2,,,,,,,,,,,,,,,,,,,,,,,,,,,,,,,,,,,,,,,,,,,,,,,,,,,,,,,,,,,,,,,,,,,,,,,,,,,,,,,,,,,,,,,,,
datasets/gov/aaa/ezeru_monitoringas/EzeruValstybinioMonitoringoDuomenys,6606451a-7ee5-4519-b262-025e2a8d2a3a,7fce0f5b-d2a1-43df-8a3d-a7127ac68c06,,Kauno,Krivėnų tvenkinys,LTL413,Krivėnų tvenkinys,POINT (6109207 484509),2017-10-02,12.9,5,5.8,8.1,8.25,1.0,654.0,3.9,0.037,0.043,7.4,7.48,7.6,0.036,0.095,,3.8,,,,,,,,,,,,,,,,,,,,,,,,,,,,,,,,,,,,,,,,,,,,,,,,,,,,,,,,,,,,,,,,,,,,,,,,,,,,,,,,,,,,,,,,,
datasets/gov/aaa/ezeru_monitoringas/EzeruValstybinioMonitoringoDuomenys,66368a4a-28ee-42c8-89b7-47b848aafaba,3bac4d1a-fcf4-4c26-82b0-ddb5c395a29e,,Utenos,Imbradas,LTL441,Imbradas,POINT (6183472 633197),2020-07-23,20.9,2.1,3.6,9.4,8.4,1.7,340.0,1.7,0.014,0.001,0.05,0.065,0.68,0.003,0.02,,5.7,,,,,,,,,,,,,,,,,,,,,,,,,,,,,,,,,,,,,,,,,,,,,,,,,,,,,,,,,,,,,,,,,,,,,,,,,,,,,,,,,,,,,,,,,
datasets/gov/aaa/ezeru_monitoringas/EzeruValstybinioMonitoringoDuomenys,663f542b-ab6d-420b-b2b0-b96d12c76a47,dcacfcf7-5362-47a7-a795-1bdb1a0e466d,,Utenos,Makys,LTL284,Makys,POINT (6126561 574960),2018-04-24,10.6,2.6,3.3,99.01,8.8,3.2,323.0,1.9,"<0,014",0.002,0.23,0.246,0.63,"<0,002",0.014,,21.1,,,,,,,,,,,,,,,,,,,,,,,,,,,,,,,,,,,,,,,,,,,,,,,,,,,,,,,,,,,,,,,,,,,,,,,,,,,,,,,,,,,,,,,,,
datasets/gov/aaa/ezeru_monitoringas/EzeruValstybinioMonitoringoDuomenys,6679a287-accf-40f5-9d7b-3a418ca9b388,3d784d94-e4e7-4fdd-a6fa-b19eb5a9678c,,Vilniaus,Ilgajis,LTL279,Ilgajis,POINT (6130564 536518),2019-10-09,9.7,6.7,3.2,8.9,8.36,1.1,372.0,3.4,0.766,0.006,0.057,0.829,1.22,"<0,015","<0,015",,27.0,,,,,,,,,,,,,,,,,,,,,,,,,,,,,,,,,,,,,,,,,,,,,,,,,,,,,,,,,,,,,,,,,,,,,,,,,,,,,,,,,,,,,,,,,
datasets/gov/aaa/ezeru_monitoringas/EzeruValstybinioMonitoringoDuomenys,66a08ded-05af-438e-bcfc-d624494caec3,3f622ae6-067d-430f-911f-42455a4328f6,,Utenos,Vencavas,LTL226,Vencavas,POINT (6177170 624162),2019-08-27,21.7,<2,2.1,9.6,8.8,7.8,204.0,1.3,"<0,014","<0,001",0.02,0.035,0.25,0.003,0.01,,2.1,,,,,,,,,,,,,,,,,,,,,,,,,,,,,,,,,,,,,,,,,,,,,,,,,,,,,,,,,,,,,,,,,,,,,,,,,,,,,,,,,,,,,,,,,
datasets/gov/aaa/ezeru_monitoringas/EzeruValstybinioMonitoringoDuomenys,66d71f5e-b512-4b0d-907b-804135ca3003,ca0b7c68-b496-47e7-9b81-5489886cd904,,Alytaus,Lavysas,LTL276,Lavysas,POINT (6003702 527390),2019-05-20,16.0,5,2.3,10.1,8.5,7.9,178.0,3.1,0.03,0.006,0.085,0.121,0.5,0.009,0.018,,1.7,,,,,,,,,,,,,,,,,,,,,,,,,,,,,,,,,,,,,,,,,,,,,,,,,,,,,,,,,,,,,,,,,,,,,,,,,,,,,,,,,,,,,,,,,
datasets/gov/aaa/ezeru_monitoringas/EzeruValstybinioMonitoringoDuomenys,66deb18c-2a48-4364-816f-3d7d58d87f1e,ea8f3faf-30e0-4764-bde9-69c1f7ea7cb2,,Utenos RAAD,Antalieptės HE tvenkinys,LTL433,Antalieptės HE tvenkinys,,2022-08-17,24.0,2.2,3.2,8.7,8.4,5.4,324.0,1.3,0.02,"<0,001",0.02,0.041,0.71,0.003,0.013,,4.3,,,,,,,,,,,,,,,,,,,,,,,,,,,,,,,,,,,,,,,,,,,,,,,,,,,,,,,,,,,,,,,,,,,,,,,,,,,,,,,,,,,,,,,,,
datasets/gov/aaa/ezeru_monitoringas/EzeruValstybinioMonitoringoDuomenys,6717bbf0-7db6-4238-a6f5-70fd7f38c0b1,73ed4f58-3fe3-40ea-b7af-661bf7ec470e,,Marijampolės,Totorviečių tvenkinys,LTL424,Totorviečių,POINT (6084319 430485),2021-07-19,26.1,6.5,3.0,13.2,8.3,2.1,666.0,2.9,0.02,0.091,0.1,0.211,2.5,0.022,0.097,,22.83,,,,,,,,,,,,,,,,,,,,,,,,,,,,,,,,,,,,,,,,,,,,,,,,,,,,,,,,,,,,,,,,,,,,,,,,,,,,,,,,,,,,,,,,,
datasets/gov/aaa/ezeru_monitoringas/EzeruValstybinioMonitoringoDuomenys,6742c98c-bd07-4707-80c6-1ebff0d7197a,4892c164-1d66-4afa-adc1-2fe6db6430d7,,Utenos,Šakių ežeras,LTL531,Šakių,POINT (6171379 658835),2018-07-25,24.5,2.4,1.5,94.545,8.2,2,139.0,2.7,0.02,0.001,0.12,0.141,1.1,0.003,0.023,,10.4,,,,,,,,,,,,,,,,,,,,,,,,,,,,,,,,,,,,,,,,,,,,,,,,,,,,,,,,,,,,,,,,,,,,,,,,,,,,,,,,,,,,,,,,,
datasets/gov/aaa/ezeru_monitoringas/EzeruValstybinioMonitoringoDuomenys,67622232-aa8b-406b-b132-b2f2554f8ffd,99b2a29c-4572-43bc-b78f-b7ecf6c7efed,,Šiaulių,Platelių ežeras,LTL34,Plateliai,POINT (6214390 366955),2017-09-20,15.0,<2,1.8,6.0,9.0,6.5,191.0,0.8,"<0,008",0.001,"<0,003",0.012,0.35,"<0,005","<0,008",,39.4,,,,,,,,,,,,,,,,,,,,,,,,,,,,,,,,,,,,,,,,,,,,,,,,,,,,,,,,,,,,,,,,,,,,,,,,,,,,,,,,,,,,,,,,,
datasets/gov/aaa/ezeru_monitoringas/EzeruValstybinioMonitoringoDuomenys,677ae194-ce08-49e5-b11d-35e0d33a500f,9a7dd496-7543-4148-8184-d0cac2e0c3af,,Utenos RAAD,Ūsiai,LTL326,Ūsiai,,2022-08-29,24.3,<2,2.3,8.89,8.63,4.9,266.0,1.5,0.02,"<0,005",0.029,0.054,0.122,"<0,015",0.017,,2.8,,,,,,,,,,,,,,,,,,,,,,,,,,,,,,,,,,,,,,,,,,,,,,,,,,,,,,,,,,,,,,,,,,,,,,,,,,,,,,,,,,,,,,,,,
datasets/gov/aaa/ezeru_monitoringas/EzeruValstybinioMonitoringoDuomenys,677cf813-759f-4310-8be3-f31cccf63453,f619c68b-34f7-4cf7-9446-992726afc42d,,Alytaus,Seirijis,LTL193,Seirijis,POINT (6006959 489294),2018-07-19,23.0,4.5,4.1,112.941,8.7,4.6,277.0,1.7,0.06,0.001,0.05,0.111,0.8,0.023,0.051,,3.6,,,,,,,,,,,,,,,,,,,,,,,,,,,,,,,,,,,,,,,,,,,,,,,,,,,,,,,,,,,,,,,,,,,,,,,,,,,,,,,,,,,,,,,,,
datasets/gov/aaa/ezeru_monitoringas/EzeruValstybinioMonitoringoDuomenys,678cc4f9-7f3f-4c82-a780-c2eb300cb0e6,e1e3a2d2-1023-41ba-9e6f-0167bc2c2516,,Šiaulių,Sablauskių tvenkinys,LTL271,Sablauskių tvenkinys,POINT (6236793 430028),2020-08-18,23.0,8.5,4.8,8.1,8.3,0.9,567.0,4.1,0.035,0.001,0.014,0.05,1.2,"<0,005",0.034,,16.77,,,,,,,,,,,,,,,,,,,,,,,,,,,,,,,,,,,,,,,,,,,,,,,,,,,,,,,,,,,,,,,,,,,,,,,,,,,,,,,,,,,,,,,,,
datasets/gov/aaa/ezeru_monitoringas/EzeruValstybinioMonitoringoDuomenys,67c310a7-2ead-4af2-8baa-8b5ada4c0908,d4bcc84b-c999-4f32-b8a1-f4526dc074b4,,Alytaus,Grūda,LTL396,Grūda,POINT (5974641 520687),2021-05-25,16.4,9,2.0,10.4,8.3,1.2,224.0,4.9,0.1,0.005,0.1,0.205,1.3,0.012,0.088,,63.9,,,,,,,,,,,,,,,,,,,,,,,,,,,,,,,,,,,,,,,,,,,,,,,,,,,,,,,,,,,,,,,,,,,,,,,,,,,,,,,,,,,,,,,,,
datasets/gov/aaa/ezeru_monitoringas/EzeruValstybinioMonitoringoDuomenys,6814957a-9854-446b-a646-e122548956c3,45f0c344-cd1a-449e-b38b-aad008978eef,,Vilniaus,Spindžius,LTL106,Spindžius,POINT (6048288 544856),2018-05-23,19.6,,,,8.43,4.1,382.0,3.1,"<0,006",0.0029,0.002,0.0079,0.84,0.0045,0.016,,3.83,,,,,,,,,,,,,,,,,,,,,,,,,,,,,,,,,,,,,,,,,,,,,,,,,,,,,,,,,,,,,,,,,,,,,,,,,,,,,,,,,,,,,,,,,
datasets/gov/aaa/ezeru_monitoringas/EzeruValstybinioMonitoringoDuomenys,681b33cd-bbcb-4852-8328-2de6581c6b93,d65ecb5a-1d42-4614-8eaf-aa6610d1bee1,,Alytaus,Vilkas,LTL180,Vilkas,POINT (5998679 487314),2019-07-17,19.9,3.5,2.9,10.0,8.4,2.0,351.0,4.3,0.05,0.003,0.06,0.108,1.1,0.011,0.051,,8.7,,,,,,,,,,,,,,,,,,,,,,,,,,,,,,,,,,,,,,,,,,,,,,,,,,,,,,,,,,,,,,,,,,,,,,,,,,,,,,,,,,,,,,,,,
datasets/gov/aaa/ezeru_monitoringas/EzeruValstybinioMonitoringoDuomenys,6824ee6b-2c83-4e70-88f3-adec53f711dc,c0389a7f-4ed2-4397-8b36-9afff2818c6a,,Utenos,Alnis,LTL65,Alnis,POINT (6127535 606156),2019-10-08,11.1,<2,1.8,7.4,8.3,6.0,179.0,0.95,0.06,"<0,001",0.03,0.091,0.28,"<0,002","<0,0081",,2.8,,,,,,,,,,,,,,,,,,,,,,,,,,,,,,,,,,,,,,,,,,,,,,,,,,,,,,,,,,,,,,,,,,,,,,,,,,,,,,,,,,,,,,,,,
datasets/gov/aaa/ezeru_monitoringas/EzeruValstybinioMonitoringoDuomenys,6869ffbc-0258-4017-b8b6-bb948f5b8aec,dc790b18-45ab-4ed2-a84c-b31fa5310e3a,,Kauno,KAUNO MARIOS,LTL71,Kauno HE,POINT (6084954 505731),2017-09-14,17.6,3.7,3.9,5.599999999999999,8.21,2.2,434.0,1.6,0.11,0.03,0.36,0.89,1.1,0.14,0.19,6.87,,227,"<0,01","<0,1",<1,<1,2.2,"<0,5",0.82,<30,<5,<2,<15,"<0,002","<0,002","<0,002","<0,004",0.001,"<0,001","<0,004","<0,003","<0,05","<0,05","<0,05","<0,05","<0,05","<0,05","<0,1","<0,2","<0,2","<0,2","<0,1","<0,1","<0,2","<0,2","<0,1","<0,2","<0,005","<0,005","<0,005","<0,005","<0,005","<0,005","<0,005","<0,005","<0,005","<0,004","<0,004","<0,005","<0,005","<0,005","<0,005","<0,025","<0,04","<0,04","<0,04","<0,05","<0,04","<0,004","<0,003",,,,"<0,005","<0,005","<0,006",0.28,"<0,005","<0,005","<0,005","<0,005","<0,005","<0,005","<0,005","<0,01","<0,01","<0,01","<0,01","<0,01","<0,01","<0,01","<0,001",,,,,,,,
datasets/gov/aaa/ezeru_monitoringas/EzeruValstybinioMonitoringoDuomenys,686afc7d-c2e0-4404-b6e2-358ed854e35a,0b5139a1-4a89-4092-949d-471ae42387b9,,Utenos,Aisetas,LTL336,Aisetas,POINT (6134224 615363),2021-08-19,19.5,2,3.3,9.2,8.28,2.8,331.0,1.3,0.029,"<0,005",0.065,0.099,0.85,"<0,015","<0,015",,7.1,,,,,,,,,,,,,,,,,,,,,,,,,,,,,,,,,,,,,,,,,,,,,,,,,,,,,,,,,,,,,,,,,,,,,,,,,,,,,,,,,,,,,,,,,
datasets/gov/aaa/ezeru_monitoringas/EzeruValstybinioMonitoringoDuomenys,68b09100-759d-41fe-9609-35a921164ee6,f3020838-1f24-47a6-91dd-9e93c039201c,,Utenos,Čičirys,LTL222,Čičirys,POINT (6187704 628556),2020-04-22,6.6,<2,3.0,13.1,8.5,5.7,324.0,2.4,0.02,0.002,0.11,0.132,0.4,0.002,0.0083,,1.4,,,,,,,,,,,,,,,,,,,,,,,,,,,,,,,,,,,,,,,,,,,,,,,,,,,,,,,,,,,,,,,,,,,,,,,,,,,,,,,,,,,,,,,,,
datasets/gov/aaa/ezeru_monitoringas/EzeruValstybinioMonitoringoDuomenys,68d59072-1239-47b7-8230-a938c6fc3590,91936370-6132-4e9f-8131-6a4c7882e7f8,,Utenos,Kumpuolis,LTL301,Kumpuolis,POINT (6174400 627317),2019-10-02,12.7,<2,3.4,8.8,8.2,4.0,347.0,0.93,0.02,0.001,0.06,0.081,0.33,"<0,002",0.016,,5.4,,,,,,,,,,,,,,,,,,,,,,,,,,,,,,,,,,,,,,,,,,,,,,,,,,,,,,,,,,,,,,,,,,,,,,,,,,,,,,,,,,,,,,,,,
datasets/gov/aaa/ezeru_monitoringas/EzeruValstybinioMonitoringoDuomenys,68e5ead3-9612-4636-a2e7-de5cf1c51973,21e0ba35-de4d-4e54-926d-25a0208ffe88,,Vilniaus,Šventas,LTL446,Šventas,POINT (6121795 629748),2017-09-27,13.7,6.3,3.8,8.3,7.93,0.8,410.0,2.4,0.036,0.026,1.32,1.382,1.4,"<0,014",0.018,,4.7,,,,,,,,,,,,,,,,,,,,,,,,,,,,,,,,,,,,,,,,,,,,,,,,,,,,,,,,,,,,,,,,,,,,,,,,,,,,,,,,,,,,,,,,,
datasets/gov/aaa/ezeru_monitoringas/EzeruValstybinioMonitoringoDuomenys,690eece1-a6d8-4743-b93c-638aa0c6d8b5,9b11184a-0f43-4041-b7a6-3439e4f21bf2,,Alytaus,Dusia,LTL43,Dusia,POINT (6017007 479686),2017-07-25,20.4,3.5,1.1,9.4,8.9,4.1,317.0,2.6,0.03,0.002,0.03,0.062,0.4,0.018,0.02,,24.7,,,,,,,,,,,,,,,,,,,,,,,,,,,,,,,,,,,,,,,,,,,,,,,,,,,,,,,,,,,,,,,,,,,,,,,,,,,,,,,,,,,,,,,,,
datasets/gov/aaa/ezeru_monitoringas/EzeruValstybinioMonitoringoDuomenys,6930e7db-ccf6-422f-8fc4-504d037b5751,4ad8a4ae-be8e-409b-a65c-2f28471c0500,,Klaipėdos,Tūbausių I tvenkinys,LTL207,Tūbausių I tvenkinys,POINT (6207850 330616),2021-08-31,17.0,5,3.7,8.1,8.5,0.9,369.0,2.9,0.011,0.041,2.3,2.352,3.0,"<0,006",0.045,,30.49,,,,,,,,,,,,,,,,,,,,,,,,,,,,,,,,,,,,,,,,,,,,,,,,,,,,,,,,,,,,,,,,,,,,,,,,,,,,,,,,,,,,,,,,,
datasets/gov/aaa/ezeru_monitoringas/EzeruValstybinioMonitoringoDuomenys,69566994-0a48-4047-8554-26ec86c9e212,120a31eb-46fa-496f-8c8a-ed8e87226995,,Šiaulių,Platelių ežeras,LTL34,Plateliai,POINT (6214390 366955),2018-11-05,8.0,<2,1.9,,8.8,6.5,177.0,0.8,0.023,0.003,0.031,0.057,0.53,"<0,005",0.025,,0.65,,,,,,,,,,,,,,,,,,,,,,,,,,,,,,,,,,,,,,,,,,,,,,,,,,,,,,,,,,,,,,,,,,,,,,,,,,,,,,,,,,,,,,,,,
datasets/gov/aaa/ezeru_monitoringas/EzeruValstybinioMonitoringoDuomenys,6959128f-2a4a-4809-97a1-da1214074dd4,9c202f87-2fca-49a3-8302-e4509f40f02f,,Šiaulių,Paežerių ežeras,LTL461,Paežerių,POINT (6202156 424935),2018-08-20,21.0,5.1,3.9,,8.3,0.9,406.0,3.8,0.027,0.003,"<0,003",0.033,1.1,"<0,005",0.038,,51.95,,,,,,,,,,,,,,,,,,,,,,,,,,,,,,,,,,,,,,,,,,,,,,,,,,,,,,,,,,,,,,,,,,,,,,,,,,,,,,,,,,,,,,,,,
datasets/gov/aaa/ezeru_monitoringas/EzeruValstybinioMonitoringoDuomenys,697e0db8-b4b9-4e92-81fe-141250959dff,09da6822-2c03-4c04-919d-90800ecc4910,,Šiaulių,Kairių ežeras,LTL265,Kairių ežeras,POINT (6197781 464163),2019-05-02,15.0,3.9,3.6,9.1,8.9,1.8,503.0,3.6,0.011,0.01,0.43,0.451,2.0,"<0,005",0.028,,17.02,,,,,,,,,,,,,,,,,,,,,,,,,,,,,,,,,,,,,,,,,,,,,,,,,,,,,,,,,,,,,,,,,,,,,,,,,,,,,,,,,,,,,,,,,
datasets/gov/aaa/ezeru_monitoringas/EzeruValstybinioMonitoringoDuomenys,699fa9c1-a9a5-43dd-9c2f-69b6083bb95f,b72da992-77f2-4390-a9f6-68496bf8a18f,,Utenos,Rubikių ežeras,LTL10,Rubikių ežeras,POINT (6152176 580655),2017-07-27,19.9,3.6,3.5,9.7,8.9,2.5,335.0,2.1,0.014,0.009,0.24,0.263,1.2,"<0,002",0.023,,13.9,,,,,,,,,,,,,,,,,,,,,,,,,,,,,,,,,,,,,,,,,,,,,,,,,,,,,,,,,,,,,,,,,,,,,,,,,,,,,,,,,,,,,,,,,
datasets/gov/aaa/ezeru_monitoringas/EzeruValstybinioMonitoringoDuomenys,69ba4793-2d62-479a-933c-7d5451b717da,b7e0ea35-f2bb-4ca3-a4ae-3775fe90a46c,,Utenos RAAD,Padysnio HE tvenkinys,LTL164,Padysnio HE,,2022-08-30,23.8,7.6,3.1,8.6,8.2,1.3,357.0,3.3,"<0,014",0.001,0.27,0.285,0.59,0.005,0.034,,14.9,,,,,,,,,,,,,,,,,,,,,,,,,,,,,,,,,,,,,,,,,,,,,,,,,,,,,,,,,,,,,,,,,,,,,,,,,,,,,,,,,,,,,,,,,
datasets/gov/aaa/ezeru_monitoringas/EzeruValstybinioMonitoringoDuomenys,69ca95be-03c2-4a3d-aebf-2943b0e8b176,c6a2ead3-91e6-47d5-b807-a279d319f996,,Utenos,Alnis,LTL65,Alnis,POINT (6127535 606156),2017-01-16,0.6,"<1,7",1.9,12.2,8.5,7.9,211.0,1.9,0.22,0.002,0.15,0.372,1.1,"<0,002",0.016,,2.4,,,,,,,,,,,,,,,,,,,,,,,,,,,,,,,,,,,,,,,,,,,,,,,,,,,,,,,,,,,,,,,,,,,,,,,,,,,,,,,,,,,,,,,,,
datasets/gov/aaa/ezeru_monitoringas/EzeruValstybinioMonitoringoDuomenys,69e87b92-c61a-43db-9c1a-01aa18c61a65,10c22046-3849-438a-a205-7b8bfcea0b41,,Šiaulių,Rėkyvos ežeras,LTL64,Rėkyvos,POINT (6192439 456065),2018-07-19,25.0,1.1,1.9,,8.9,0.8,484.0,11,0.017,0.001,"<0,003",0.021,2.3,"<0,005",0.048,,61.81,,,,,,,,,,,,,,,,,,,,,,,,,,,,,,,,,,,,,,,,,,,,,,,,,,,,,,,,,,,,,,,,,,,,,,,,,,,,,,,,,,,,,,,,,
datasets/gov/aaa/ezeru_monitoringas/EzeruValstybinioMonitoringoDuomenys,6a21b713-94dd-4139-89b1-d46351953c77,ae2e3899-e358-4c04-b686-d6e5a0a2500e,,Utenos,Šventas,LTL39,Šventas,POINT (6166706 644760),2017-07-19,18.4,2.9,0.98,9.2,8.6,7.4,93.0,0.8,0.02,0.002,0.04,0.062,0.63,"<0,002",0.012,,0.79,,,,,,,,,,,,,,,,,,,,,,,,,,,,,,,,,,,,,,,,,,,,,,,,,,,,,,,,,,,,,,,,,,,,,,,,,,,,,,,,,,,,,,,,,
datasets/gov/aaa/ezeru_monitoringas/EzeruValstybinioMonitoringoDuomenys,6a893c65-b82d-4c87-920c-3ac14df93f5d,2084d7fa-5dbb-47fe-9cde-86c142eee842,,Utenos,Dusynas,LTL289,Dusynas,POINT (6160773 592168),2021-07-21,25.7,10,4.0,10.2,8.6,1.0,379.0,3,0.04,0.009,0.17,0.219,1.3,0.003,0.06,,16.6,,,,,,,,,,,,,,,,,,,,,,,,,,,,,,,,,,,,,,,,,,,,,,,,,,,,,,,,,,,,,,,,,,,,,,,,,,,,,,,,,,,,,,,,,
datasets/gov/aaa/ezeru_monitoringas/EzeruValstybinioMonitoringoDuomenys,6a9b2478-fffb-4992-a460-199805b43ff1,9dc85f77-2358-4450-b40d-ea982f5127e1,,Šiaulių,Baltausių tvenkinys,LTL404,Baltausių tvenkinys,POINT (6240743 499049),2019-07-25,23.0,17,3.7,6.9,7.4,1.0,562.0,5.1,0.023,0.001,"<0,003",0.027,0.53,"<0,005",0.065,,20.43,,,,,,,,,,,,,,,,,,,,,,,,,,,,,,,,,,,,,,,,,,,,,,,,,,,,,,,,,,,,,,,,,,,,,,,,,,,,,,,,,,,,,,,,,
datasets/gov/aaa/ezeru_monitoringas/EzeruValstybinioMonitoringoDuomenys,6aaa00e2-3af7-4421-b115-2d5025fda876,3b073876-b7ab-4be9-9378-d16e8471b88c,,Utenos,Ūsiai,LTL326,Ūsiai,POINT (6131150 625535),2017-05-08,10.6,1.7,2.8,12.1,8.4,5.5,282.0,1.5,0.02,0.002,0.15,0.172,0.52,"<0,002","<0,0083",,0.94,,,,,,,,,,,,,,,,,,,,,,,,,,,,,,,,,,,,,,,,,,,,,,,,,,,,,,,,,,,,,,,,,,,,,,,,,,,,,,,,,,,,,,,,,
datasets/gov/aaa/ezeru_monitoringas/EzeruValstybinioMonitoringoDuomenys,6aced4a9-90a7-47b5-976f-8544d19ebd11,ab1fa942-77c4-41c0-8431-499b51e8ea6f,,Šiaulių,Gauštvinis,LTL518,Gauštvinis,POINT (6168601 449429),2020-04-28,12.0,13,4.2,9.2,8.8,1.1,589.0,5.4,0.03,0.029,6.7,6.759,6.9,"<0,005",0.073,,35.52,,,,,,,,,,,,,,,,,,,,,,,,,,,,,,,,,,,,,,,,,,,,,,,,,,,,,,,,,,,,,,,,,,,,,,,,,,,,,,,,,,,,,,,,,
datasets/gov/aaa/ezeru_monitoringas/EzeruValstybinioMonitoringoDuomenys,6af4d7ef-7708-4b2b-9c36-89c05e6c6f0b,0c6e8f2a-4d3f-4f1d-90bf-19ffa8c5710c,,Vilniaus,Ilgės,LTL135,Ilgės,POINT (6071412 538048),2020-04-28,12.9,6.6,3.2,9.52,7.98,0.9,409.0,5.1,0.035,"<0,005",0.024,0.064,0.508,"<0,015",0.021,,11.4,,,,,,,,,,,,,,,,,,,,,,,,,,,,,,,,,,,,,,,,,,,,,,,,,,,,,,,,,,,,,,,,,,,,,,,,,,,,,,,,,,,,,,,,,
datasets/gov/aaa/ezeru_monitoringas/EzeruValstybinioMonitoringoDuomenys,6b0152a8-b561-4d6b-b524-b6bcf5ce6e93,9e28e110-a962-49a6-84e1-82b7186051a3,,Utenos,Baltieji Lakajai,LTL157,Baltieji Lakajai,POINT (6121225 602684),2019-09-23,14.6,2.1,3.0,11.3,8.53,5.2,288.0,1.6,0.017,"<0,005",0.033,0.065,0.288,"<0,015","<0,015",,6.2,,,,,,,,,,,,,,,,,,,,,,,,,,,,,,,,,,,,,,,,,,,,,,,,,,,,,,,,,,,,,,,,,,,,,,,,,,,,,,,,,,,,,,,,,
datasets/gov/aaa/ezeru_monitoringas/EzeruValstybinioMonitoringoDuomenys,6b13473d-5e8f-46b4-9848-076fd442da5d,d6fc710a-a013-4064-b37e-97de71ee4c73,,Alytaus,Suvingis,LTL376,Suvingis,POINT (6022150 520764),2021-05-19,15.2,2.5,2.5,10.3,8.5,4.4,271.0,1.8,0.01,0.006,0.21,0.226,0.56,0.007,0.055,,7.99,,,,,,,,,,,,,,,,,,,,,,,,,,,,,,,,,,,,,,,,,,,,,,,,,,,,,,,,,,,,,,,,,,,,,,,,,,,,,,,,,,,,,,,,,
datasets/gov/aaa/ezeru_monitoringas/EzeruValstybinioMonitoringoDuomenys,6b38bb56-4ad6-4278-a30e-7551b24fd321,b4a16df9-3c6e-4e15-bcfb-6ade00f31abb,,Kauno,Juodkiškių tvenkinys,LTL161,Juodkiškių,POINT (6128351 501094),2018-07-19,24.5,3.4,5.0,129.697,8.76,2,583.0,2.4,0.011,0.05,3.2,3.261,4.2,0.001,0.026,,9.5,,,,,,,,,,,,,,,,,,,,,,,,,,,,,,,,,,,,,,,,,,,,,,,,,,,,,,,,,,,,,,,,,,,,,,,,,,,,,,,,,,,,,,,,,
datasets/gov/aaa/ezeru_monitoringas/EzeruValstybinioMonitoringoDuomenys,6b3dccaf-4be3-41bf-ba28-fa0a84c89c91,49d5d74f-12c8-40f4-bf0c-be028cef7485,,Kauno,KAUNO MARIOS,LTL71,Kauno HE,POINT (6084954 505731),2017-06-01,18.2,3.8,3.7,8.42,8.58,1.3,428.0,2.7,0.13,0.03,0.96,1.12,3.1,0.007,0.055,10.4,,227,"<0,01","<0,1",<1,<1,"<0,8","<0,5",0.78,<30,<5,<2,<15,"<0,002",0.005,0.034,"<0,004","<0,001","<0,001","<0,004","<0,003","<0,05","<0,05","<0,05","<0,05","<0,05","<0,05","<0,1","<0,2","<0,2","<0,2","<0,1","<0,1","<0,2","<0,2","<0,1","<0,2","<0,005","<0,005","<0,005","<0,005","<0,005","<0,005","<0,005","<0,005","<0,005","<0,004","<0,004","<0,005","<0,005","<0,005","<0,005","<0,025","<0,04","<0,04","<0,04","<0,05","<0,04","<0,004","<0,003",,,,"<0,005","<0,005","<0,006",0.27,"<0,005","<0,005","<0,005","<0,005","<0,005","<0,005","<0,005","<0,01","<0,01","<0,01","<0,01","<0,01","<0,01","<0,01","<0,001",,,,,,,,
datasets/gov/aaa/ezeru_monitoringas/EzeruValstybinioMonitoringoDuomenys,6b9fc919-30d2-4f49-973f-c31a76dc17e9,9165f11b-39b1-4b30-9dac-31ccb4a504fb,,Panevėžio RAAD,Skaistė,LTL385,Skaistė,,2022-07-25,22.2,<2,3.5,8.5,8.2,4.2,362.0,1.4,"<0,014","<0,001",0.06,0.075,1.0,0.005,0.01,,17.7,,,,,,,,,,,,,,,,,,,,,,,,,,,,,,,,,,,,,,,,,,,,,,,,,,,,,,,,,,,,,,,,,,,,,,,,,,,,,,,,,,,,,,,,,
datasets/gov/aaa/ezeru_monitoringas/EzeruValstybinioMonitoringoDuomenys,6ba28ef6-3ec3-4f5b-8807-e2766d1b80c4,2d73761b-e390-434d-9379-697c38ebfcf4,,Vilniaus,Balsys(Žalieji ežerai),LTL509,Balsys (Žalieji ežerai),POINT (6073599 585625),2021-07-13,26.6,<2,3.0,9.3,8.21,4.1,349.0,1.4,"<0,02","<0,005",0.024,0.049,0.936,"<0,015","<0,015",,8.1,,,,,,,,,,,,,,,,,,,,,,,,,,,,,,,,,,,,,,,,,,,,,,,,,,,,,,,,,,,,,,,,,,,,,,,,,,,,,,,,,,,,,,,,,
datasets/gov/aaa/ezeru_monitoringas/EzeruValstybinioMonitoringoDuomenys,6bbf4aa2-a2d5-42b2-8d92-81683e8d2be9,770d432c-e38d-4332-b0f6-85c3ccaa5af8,,Alytaus,Ilgis,LTL374,Ilgis,POINT (6036751 525398),2018-09-21,19.0,6,2.6,106.406,8.5,1.3,234.0,4.1,0.04,0.003,0.14,0.183,1.0,0.013,0.041,,14.3,,,,,,,,,,,,,,,,,,,,,,,,,,,,,,,,,,,,,,,,,,,,,,,,,,,,,,,,,,,,,,,,,,,,,,,,,,,,,,,,,,,,,,,,,
datasets/gov/aaa/ezeru_monitoringas/EzeruValstybinioMonitoringoDuomenys,6bc8ac92-f49a-47c9-8a73-a10daef6b10b,731e8735-b478-428f-9f04-66de9f713591,,Alytaus,Seirijis,LTL193,Seirijis,POINT (6006959 489294),2018-05-16,18.3,5.5,2.8,110.278,8.6,4.4,308.0,1.9,0.09,0.001,0.07,0.161,0.5,"<0,007",0.046,,4.6,,,,,,,,,,,,,,,,,,,,,,,,,,,,,,,,,,,,,,,,,,,,,,,,,,,,,,,,,,,,,,,,,,,,,,,,,,,,,,,,,,,,,,,,,
datasets/gov/aaa/ezeru_monitoringas/EzeruValstybinioMonitoringoDuomenys,6bcd3668-0940-412b-a6f0-a955e29a666e,8d9979e6-678a-4b6c-8490-12d6b6776e30,,Kauno,Švenčius,LTL144,Švenčius,POINT (6058040 528975),2018-10-09,10.9,13,2.7,99.456,8.24,0.6,264.0,4.6,0.023,0.007,0.14,0.17,1.2,0.007,0.095,,85.3,,,,,,,,,,,,,,,,,,,,,,,,,,,,,,,,,,,,,,,,,,,,,,,,,,,,,,,,,,,,,,,,,,,,,,,,,,,,,,,,,,,,,,,,,
datasets/gov/aaa/ezeru_monitoringas/EzeruValstybinioMonitoringoDuomenys,6be2777c-0a7d-4dc0-8d2c-0097f3ba0f28,fc83a464-39d1-4e95-9263-3a3bb7567913,,Utenos,Lamėstas,LTL444,Lamėstas,POINT (6136908 616272),2017-08-17,22.5,3.1,3.8,10.2,8.9,1.3,368.0,3.1,"<0,014","<0,001",0.06,0.075,0.88,0.006,0.03,,27.8,,,,,,,,,,,,,,,,,,,,,,,,,,,,,,,,,,,,,,,,,,,,,,,,,,,,,,,,,,,,,,,,,,,,,,,,,,,,,,,,,,,,,,,,,
datasets/gov/aaa/ezeru_monitoringas/EzeruValstybinioMonitoringoDuomenys,6be6175c-b226-4dd1-87b1-dceaed83da89,bf94e562-61cb-4ae1-965e-743030231468,,Utenos RAAD,Veprys,LTL298,Veprys,,2022-07-11,22.9,2,2.4,7.9,8.1,4.3,234.0,2.0,"<0,014","<0,001",0.02,0.035,0.19,0.003,0.014,,12.3,,,,,,,,,,,,,,,,,,,,,,,,,,,,,,,,,,,,,,,,,,,,,,,,,,,,,,,,,,,,,,,,,,,,,,,,,,,,,,,,,,,,,,,,,
datasets/gov/aaa/ezeru_monitoringas/EzeruValstybinioMonitoringoDuomenys,6be8b7b6-42bc-409e-9422-2d593b0726df,bbd6ed64-8d65-4dc9-af07-52260daba4d2,,Vilniaus RAAD,Vaisietis,LTL371,Vaisietis,,2022-10-12,11.2,3.8,2.4,9.3,8.0,3.4,227.0,1.9,0.026,"<0,005",0.05,0.081,0.619,"<0,015",0.016,,5.6,,,,,,,,,,,,,,,,,,,,,,,,,,,,,,,,,,,,,,,,,,,,,,,,,,,,,,,,,,,,,,,,,,,,,,,,,,,,,,,,,,,,,,,,,
datasets/gov/aaa/ezeru_monitoringas/EzeruValstybinioMonitoringoDuomenys,6c190076-a952-4545-83fe-561e24fbef8f,e081a9cd-7ee5-428b-a264-3a4f83a092f8,,Utenos,Ilgis,LTL356,Ilgis,POINT (6106470 594887),2020-09-15,17.0,2,3.1,8.2,8.24,2.2,347.0,1.3,0.018,"<0,005",0.053,0.076,0.353,"<0,015",0.017,,10.2,,,,,,,,,,,,,,,,,,,,,,,,,,,,,,,,,,,,,,,,,,,,,,,,,,,,,,,,,,,,,,,,,,,,,,,,,,,,,,,,,,,,,,,,,
datasets/gov/aaa/ezeru_monitoringas/EzeruValstybinioMonitoringoDuomenys,6c26d495-695d-468f-8e6d-4b64ad8a0a8f,42a5ea02-ef77-4275-a3d7-114810426b21,,Utenos,Stirniai,LTL343,Stirniai,POINT (6124518 605749),2017-06-19,18.7,"<1,7",2.4,9.9,8.6,5.7,234.0,0.6,"<0,014","<0,001",0.04,0.055,0.18,"<0,002",0.013,,25.8,,,,,,,,,,,,,,,,,,,,,,,,,,,,,,,,,,,,,,,,,,,,,,,,,,,,,,,,,,,,,,,,,,,,,,,,,,,,,,,,,,,,,,,,,
datasets/gov/aaa/ezeru_monitoringas/EzeruValstybinioMonitoringoDuomenys,6c2d7a38-19d9-488d-85d5-7f8d3a0add41,fc917b4f-f6ad-44a3-819e-42452b4f2ae3,,Utenos,Šiurpys,LTL311,Šiurpys,POINT (6169946 635569),2019-04-29,13.6,2.2,1.0,12.0,8.0,7.0,97.0,1.5,0.16,0.017,0.75,0.927,0.96,0.002,0.009,,5.0,,,,,,,,,,,,,,,,,,,,,,,,,,,,,,,,,,,,,,,,,,,,,,,,,,,,,,,,,,,,,,,,,,,,,,,,,,,,,,,,,,,,,,,,,
datasets/gov/aaa/ezeru_monitoringas/EzeruValstybinioMonitoringoDuomenys,6c6aeaec-ebd2-4d20-849f-5b9301c792d5,667bc594-aa5e-4089-9f8a-9fe4d3e79a38,,Utenos,Kumpuolis,LTL301,Kumpuolis,POINT (6174400 627317),2019-08-29,21.6,<2,3.6,8.7,8.4,5.2,335.0,1.5,0.02,"<0,001",0.03,0.051,0.4,"<0,002",0.012,,6.1,,,,,,,,,,,,,,,,,,,,,,,,,,,,,,,,,,,,,,,,,,,,,,,,,,,,,,,,,,,,,,,,,,,,,,,,,,,,,,,,,,,,,,,,,
datasets/gov/aaa/ezeru_monitoringas/EzeruValstybinioMonitoringoDuomenys,6c80968e-c671-4006-a0af-d151615b8090,ea1bf7fe-8d0c-40e4-9c36-acbd6864e15b,,Alytaus RAAD,Dusia,LTL43,Dusia,,2022-05-10,11.8,2.5,2.7,11.2,8.6,7.0,348.0,2.6,0.03,0.002,0.02,0.052,0.44,0.016,0.035,,1.4,,,,,,,,,,,,,,,,,,,,,,,,,,,,,,,,,,,,,,,,,,,,,,,,,,,,,,,,,,,,,,,,,,,,,,,,,,,,,,,,,,,,,,,,,
datasets/gov/aaa/ezeru_monitoringas/EzeruValstybinioMonitoringoDuomenys,6c9ec981-8707-40d8-9e29-6fa0f1722127,d7ca03eb-52f6-4b9a-bdd1-eac6655d7833,,Utenos,Juodieji Lakajai,LTL347,Juodieji Lakajai,POINT (6119121 604788),2019-09-23,14.7,"<1,9",2.9,11.1,8.59,4.4,301.0,1.4,"<0,015","<0,005",0.036,0.056,0.162,"<0,015","<0,015",,5.8,,,,,,,,,,,,,,,,,,,,,,,,,,,,,,,,,,,,,,,,,,,,,,,,,,,,,,,,,,,,,,,,,,,,,,,,,,,,,,,,,,,,,,,,,
datasets/gov/aaa/ezeru_monitoringas/EzeruValstybinioMonitoringoDuomenys,6cdb9cf4-8c19-4807-9fc9-b971d2a3b220,3317294b-3599-4192-a390-99a210ce747a,,Vilniaus,Širvintų tvenkinys,LTL540,Širvintų HE tvenkinys,POINT (6100669 562243),2017-07-31,21.6,4.5,4.7,10.4,8.1,0.7,428.0,6.4,0.035,0.017,0.186,0.238,0.698,"<0,014",0.07,,54.0,,,,,,,,,,,,,,,,,,,,,,,,,,,,,,,,,,,,,,,,,,,,,,,,,,,,,,,,,,,,,,,,,,,,,,,,,,,,,,,,,,,,,,,,,
datasets/gov/aaa/ezeru_monitoringas/EzeruValstybinioMonitoringoDuomenys,6d34c285-ae9b-43fa-96fb-9ab488139694,368f7c43-13db-4e7c-afe0-b386ee8723fd,,Šiaulių,Gondingos HE tvenkinys,LTL401,Gondingos HE tvenkinys,POINT (6199101 362292),2018-10-23,10.0,1.6,2.3,,8.5,2.5,340.0,"<2,9",0.11,0.012,0.16,0.282,1.2,"<0,005",0.022,,1.28,,,,,,,,,,,,,,,,,,,,,,,,,,,,,,,,,,,,,,,,,,,,,,,,,,,,,,,,,,,,,,,,,,,,,,,,,,,,,,,,,,,,,,,,,
datasets/gov/aaa/ezeru_monitoringas/EzeruValstybinioMonitoringoDuomenys,6d50e234-700d-4677-bed1-36ef5bc0f891,cb2313c5-950f-4c47-ad3a-00340d36a5fd,,Alytaus,Veisiejis,LTL237,Veisiejis,POINT (5992922 473385),2017-07-26,21.8,2,2.9,10.0,8.5,2.1,366.0,2.3,0.07,0.002,0.04,0.112,0.4,0.009,0.026,,29.8,,,,,,,,,,,,,,,,,,,,,,,,,,,,,,,,,,,,,,,,,,,,,,,,,,,,,,,,,,,,,,,,,,,,,,,,,,,,,,,,,,,,,,,,,
datasets/gov/aaa/ezeru_monitoringas/EzeruValstybinioMonitoringoDuomenys,6d9255fc-2cbf-4ff4-b1b1-bff0149c96e5,db7e4982-4e92-4315-bbce-642716589453,,Panevėžio RAAD,Juodis,LTL541,Juodis,,2022-04-21,9.9,3.7,3,10.3,8.18,1.6,385.0,1.4,0.026,0.011,3.53,3.567,6.3,"<0,015",0.027,,8.5,,,,,,,,,,,,,,,,,,,,,,,,,,,,,,,,,,,,,,,,,,,,,,,,,,,,,,,,,,,,,,,,,,,,,,,,,,,,,,,,,,,,,,,,,
datasets/gov/aaa/ezeru_monitoringas/EzeruValstybinioMonitoringoDuomenys,6db96836-f2e9-42f5-ae63-70fe3a596b6c,63f1799d-4e8d-49fc-b7e4-40125c216afb,,Alytaus,Grūtas,LTL514,Grūtas,POINT (5987558 505368),2020-08-20,22.2,3,2.0,6.1,8.6,,149.0,3.8,0.04,0.003,0.05,1.0,0.093,0.022,0.061,,3.1,,,,,,,,,,,,,,,,,,,,,,,,,,,,,,,,,,,,,,,,,,,,,,,,,,,,,,,,,,,,,,,,,,,,,,,,,,,,,,,,,,,,,,,,,
datasets/gov/aaa/ezeru_monitoringas/EzeruValstybinioMonitoringoDuomenys,6dffd70c-32dc-4d85-aca1-5316e13307fb,870b6d2c-dd5a-42dc-80e3-e945e6194b42,,Alytaus,Veisiejis,LTL237,Veisiejis,POINT (5992922 473385),2020-07-21,23.6,4.5,2.3,10.9,8.5,1.7,356.0,3.5,0.07,0.004,0.03,0.6,0.104,0.007,0.033,,20.0,,,,,,,,,,,,,,,,,,,,,,,,,,,,,,,,,,,,,,,,,,,,,,,,,,,,,,,,,,,,,,,,,,,,,,,,,,,,,,,,,,,,,,,,,
datasets/gov/aaa/ezeru_monitoringas/EzeruValstybinioMonitoringoDuomenys,6e601534-d479-4427-bd4e-d56d146fbf2c,36033aa7-4a05-47cc-9d08-2c32a3ffcd6a,,Utenos,Šventas,LTL39,Šventas,POINT (6166706 644760),2017-09-07,16.7,1.8,0.96,8.8,8.3,5.3,91.0,0.6,0.04,"<0,001",0.02,0.061,0.57,"<0,002","<0,0083",,18.4,,,,,,,,,,,,,,,,,,,,,,,,,,,,,,,,,,,,,,,,,,,,,,,,,,,,,,,,,,,,,,,,,,,,,,,,,,,,,,,,,,,,,,,,,
datasets/gov/aaa/ezeru_monitoringas/EzeruValstybinioMonitoringoDuomenys,6e852c00-3aee-4db8-8a24-5f0cff7b41cf,2f45ad08-c135-42c7-b7f8-175ed6cb338e,,Alytaus,Grūtas,LTL514,Grūtas,POINT (5987558 505368),2020-07-13,20.2,3.5,1.9,10.2,8.6,,172.0,4.4,0.09,0.002,0.03,1.0,0.122,0.024,0.069,,10.1,,,,,,,,,,,,,,,,,,,,,,,,,,,,,,,,,,,,,,,,,,,,,,,,,,,,,,,,,,,,,,,,,,,,,,,,,,,,,,,,,,,,,,,,,
datasets/gov/aaa/ezeru_monitoringas/EzeruValstybinioMonitoringoDuomenys,6e9c864c-bf3a-4919-b3e8-29504aa244ea,315a08ea-8770-430c-bedb-a731d97c2fc7,,Vilniaus RAAD,Galvė,LTL168,Galvė,,2022-09-28,14.2,<2,1.9,9.24,8.31,5.0,332.0,1.8,"<0,02",0.005,0.016,0.041,0.616,"<0,015","<0,015",,3.3,,,,,,,,,,,,,,,,,,,,,,,,,,,,,,,,,,,,,,,,,,,,,,,,,,,,,,,,,,,,,,,,,,,,,,,,,,,,,,,,,,,,,,,,,
datasets/gov/aaa/ezeru_monitoringas/EzeruValstybinioMonitoringoDuomenys,6ebee1e6-7c51-4016-9d58-9809e2a27e86,09371652-ad73-44d3-a7ac-19f159526b2d,,Alytaus,Atesys,LTL248,Atesys,POINT (6026979 481767),2019-05-23,19.8,4,3.0,9.4,8.4,4.6,632.0,2.9,0.05,0.018,0.2,0.268,1.4,0.024,0.081,,2.6,,,,,,,,,,,,,,,,,,,,,,,,,,,,,,,,,,,,,,,,,,,,,,,,,,,,,,,,,,,,,,,,,,,,,,,,,,,,,,,,,,,,,,,,,
datasets/gov/aaa/ezeru_monitoringas/EzeruValstybinioMonitoringoDuomenys,6ec9efaf-3459-4fd6-9fc1-975d511e8b06,6754be29-9162-4d0b-b61d-bec85e149b3c,,Kauno RAAD,KAUNO MARIOS,LTL71,Kauno HE tvenkinys,,2022-09-27,15.3,3.7,3.6,7.3,8.16,2.0,425.0,2.2,0.23,0.008,0.29,0.528,0.562,0.133,0.135,,9.2,,,,,,,,,,,,,,,,,,,,,,,,,,,,,,,,,,,,,,,,,,,,,,,,,,,,,,,,,,,,,,,,,,,,,,,,,,,,,,,,,,,,,,,,,
datasets/gov/aaa/ezeru_monitoringas/EzeruValstybinioMonitoringoDuomenys,6ed48f02-3cc9-4b07-ae47-d056aa9423ae,13d69f56-139b-4b51-84fe-b0679cd7bea9,,Šiaulių,Platelių ežeras,LTL34,Plateliai,POINT (6214390 366955),2020-08-20,24.0,"<1,6",1.8,8.1,8.5,5.7,167.0,1.2,0.042,"<0,001",0.021,0.064,0.62,"<0,005",0.012,,3.26,,,,,,,,,,,,,,,,,,,,,,,,,,,,,,,,,,,,,,,,,,,,,,,,,,,,,,,,,,,,,,,,,,,,,,,,,,,,,,,,,,,,,,,,,
datasets/gov/aaa/ezeru_monitoringas/EzeruValstybinioMonitoringoDuomenys,6f14ad23-a692-4224-a059-4c737afc9389,0978f182-2a5b-4027-aa17-dfdf26be7140,,Kauno,Juodkiškių tvenkinys,LTL161,Juodkiškių,POINT (6128351 501094),2018-08-22,22.1,"<2,5",5.0,102.89,8.63,2,594.0,1.7,0.038,0.027,2.1,2.165,3.6,0.003,0.024,,7.6,,,,,,,,,,,,,,,,,,,,,,,,,,,,,,,,,,,,,,,,,,,,,,,,,,,,,,,,,,,,,,,,,,,,,,,,,,,,,,,,,,,,,,,,,
datasets/gov/aaa/ezeru_monitoringas/EzeruValstybinioMonitoringoDuomenys,6f1877ee-d695-4a26-a61c-79fdd80180b2,812e19af-d80f-4264-b3ac-4f3878603489,,Utenos,Virintai,LTL447,Virintai,POINT (6129684 593186),2018-08-29,20.2,2.7,3.8,95.768,8.6,3.4,388.0,1.4,0.03,0.005,0.09,0.125,0.51,0.003,0.013,,4.7,,,,,,,,,,,,,,,,,,,,,,,,,,,,,,,,,,,,,,,,,,,,,,,,,,,,,,,,,,,,,,,,,,,,,,,,,,,,,,,,,,,,,,,,,
datasets/gov/aaa/ezeru_monitoringas/EzeruValstybinioMonitoringoDuomenys,6f24ed5f-c348-45b8-a847-9ffe5651424d,ec1e9527-9804-4524-bef0-886289f02116,,Vilniaus,Peršokšnai,LTL340,Peršokšnai,POINT (6121856 614302),2021-09-01,18.2,<2,2.5,8.5,8.33,5.4,274.0,2,"<0,02","<0,005",0.04,0.065,0.173,"<0,015",0.113,,4.0,,,,,,,,,,,,,,,,,,,,,,,,,,,,,,,,,,,,,,,,,,,,,,,,,,,,,,,,,,,,,,,,,,,,,,,,,,,,,,,,,,,,,,,,,
datasets/gov/aaa/ezeru_monitoringas/EzeruValstybinioMonitoringoDuomenys,6f2ac579-e670-4765-b37e-5aa9998b255d,50174e7a-8271-4faa-8c15-c2933e690db1,,Vilniaus,Didžiulis,LTL274,Didžiulis,POINT (6032301 531320),2017-07-18,18.5,11,3,3.6,7.74,0.6,355.0,6.0,0.084,0.008,0.234,0.326,1.2,"<0,014","<0,014",,54.5,,,,,,,,,,,,,,,,,,,,,,,,,,,,,,,,,,,,,,,,,,,,,,,,,,,,,,,,,,,,,,,,,,,,,,,,,,,,,,,,,,,,,,,,,
datasets/gov/aaa/ezeru_monitoringas/EzeruValstybinioMonitoringoDuomenys,6f406fe0-68b9-48ac-b6c1-5135c3691357,379b1eca-bca7-4dd8-a812-979bc9fcf618,,Utenos,Lūšiai,LTL327,Lūšiai,POINT (6135175 630658),2020-07-21,23.1,2.1,3.0,6.9,8.5,3.1,288.0,1.2,"<0,014",0.002,0.02,0.036,0.42,"<0,002",0.009,,2.7,,,,,,,,,,,,,,,,,,,,,,,,,,,,,,,,,,,,,,,,,,,,,,,,,,,,,,,,,,,,,,,,,,,,,,,,,,,,,,,,,,,,,,,,,
datasets/gov/aaa/ezeru_monitoringas/EzeruValstybinioMonitoringoDuomenys,6f42c69f-6abc-4490-9740-fd4e60dffc09,acb39821-8c31-4a7d-b1c9-8b90d44a6580,,Vilniaus,Lazdinių ežeras,LTL389,Lazdinių ežeras,POINT (6121375 667846),2019-09-26,12.7,3.1,5.0,8.9,8.24,1.7,471.0,0.6,0.024,0.008,0.075,0.107,0.454,0.119,0.121,,1.7,,,,,,,,,,,,,,,,,,,,,,,,,,,,,,,,,,,,,,,,,,,,,,,,,,,,,,,,,,,,,,,,,,,,,,,,,,,,,,,,,,,,,,,,,
datasets/gov/aaa/ezeru_monitoringas/EzeruValstybinioMonitoringoDuomenys,6fa245cc-a51a-450c-b1db-b184079bf08a,c501c7d2-4363-4a6e-a375-623f4e2504c2,,Alytaus,Kaviškis,LTL395,Kaviškis,POINT (5985400 472067),2019-09-25,13.6,7.5,3.2,9.9,8.3,2.1,253.0,2.6,0.06,0.003,0.07,0.133,0.7,0.011,0.033,,19.8,,,,,,,,,,,,,,,,,,,,,,,,,,,,,,,,,,,,,,,,,,,,,,,,,,,,,,,,,,,,,,,,,,,,,,,,,,,,,,,,,,,,,,,,,
datasets/gov/aaa/ezeru_monitoringas/EzeruValstybinioMonitoringoDuomenys,6fb26d54-d6fa-4df1-818a-a94f6c0423a8,94c25114-9464-45df-b59c-8aa1b18747fc,,Utenos,Asavas,LTL310,Asavas,POINT (6167521 638935),2020-10-22,9.6,<2,2.8,10.0,8.3,5.2,277.0,2.2,0.05,0.002,0.03,0.082,0.51,"<0,002",0.011,,4.0,,,,,,,,,,,,,,,,,,,,,,,,,,,,,,,,,,,,,,,,,,,,,,,,,,,,,,,,,,,,,,,,,,,,,,,,,,,,,,,,,,,,,,,,,
datasets/gov/aaa/ezeru_monitoringas/EzeruValstybinioMonitoringoDuomenys,706e4378-c9a3-435f-92a5-969aa4717110,dbf751d3-8f70-4089-85e9-219173ca3526,,Alytaus,Alovės ežeras,LTL192,Alovės ež.,POINT (6022198 511676),2019-08-20,23.5,7.5,2.7,12.1,9.0,1.1,272.0,4,0.06,0.007,0.68,0.747,1.0,0.013,0.056,,15.9,,,,,,,,,,,,,,,,,,,,,,,,,,,,,,,,,,,,,,,,,,,,,,,,,,,,,,,,,,,,,,,,,,,,,,,,,,,,,,,,,,,,,,,,,
datasets/gov/aaa/ezeru_monitoringas/EzeruValstybinioMonitoringoDuomenys,7092d177-8506-4324-ae73-71ba1051b9e0,d6bae721-4a04-4f98-b7a3-bd4f9d53a66c,,Utenos,Šventas,LTL39,Šventas,POINT (6166706 644760),2019-07-15,19.0,<2,0.96,10.4,8.5,7.1,91.0,1.3,"<0,014",0.001,"<0,007",0.022,0.59,"<0,002",0.009,,1.8,,,,,,,,,,,,,,,,,,,,,,,,,,,,,,,,,,,,,,,,,,,,,,,,,,,,,,,,,,,,,,,,,,,,,,,,,,,,,,,,,,,,,,,,,
datasets/gov/aaa/ezeru_monitoringas/EzeruValstybinioMonitoringoDuomenys,70e3d2d9-9f10-4776-a17d-846a94e63a9c,0eadf5d8-da5a-410f-931e-83ca7b20a4f4,,Utenos,Kiementas,LTL450,Kiementas,POINT (6105240 581096),2019-08-20,22.0,3.1,3.6,9.2,8.53,1.7,399.0,2.5,"<0,015","<0,005",0.039,0.059,0.364,"<0,015",0.027,,11.6,,,,,,,,,,,,,,,,,,,,,,,,,,,,,,,,,,,,,,,,,,,,,,,,,,,,,,,,,,,,,,,,,,,,,,,,,,,,,,,,,,,,,,,,,
datasets/gov/aaa/ezeru_monitoringas/EzeruValstybinioMonitoringoDuomenys,70ef709d-e81c-4326-9a3d-f4e9f78e941f,7346d2ac-cec7-4eb2-a91c-4d882eb47e7c,,Aplinkos apsaugos departamento Šiaulių valdyba,Platelių ežeras,LTL34,Plateliai,,2022-08-16,23.0,"<1,3",1.9,6.8,7.8,6.2,188.0,1.2,0.018,"<0,001",0.042,0.061,0.42,"<0,006",0.011,,2.37,,,,,,,,,,,,,,,,,,,,,,,,,,,,,,,,,,,,,,,,,,,,,,,,,,,,,,,,,,,,,,,,,,,,,,,,,,,,,,,,,,,,,,,,,
datasets/gov/aaa/ezeru_monitoringas/EzeruValstybinioMonitoringoDuomenys,71032187-19cc-4eea-949e-cb16ca7f097b,e3a5b57d-63a0-4f02-965e-ac7bc25e6aeb,,Šiaulių,Mastis,LTL435,Mastis,POINT (6205996 390736),2020-08-17,25.0,24,2.4,8.1,9.2,0.6,272.0,7,0.055,"<0,001",0.045,0.101,1.8,0.008,0.023,,39.96,,,,,,,,,,,,,,,,,,,,,,,,,,,,,,,,,,,,,,,,,,,,,,,,,,,,,,,,,,,,,,,,,,,,,,,,,,,,,,,,,,,,,,,,,
datasets/gov/aaa/ezeru_monitoringas/EzeruValstybinioMonitoringoDuomenys,71037ffc-8b9f-4865-a72c-31db085c13e1,d087530f-9651-4fd7-8c10-714b587dddce,,Vilniaus,Jurgonių tvenkinys,LTL428,Jurgonių,POINT (6012555 579160),2021-05-13,14.2,6.9,3.5,12.0,8.81,1.4,468.0,4.4,0.021,0.01,0.955,0.986,1.15,"<0,015",0.084,,27.5,,,,,,,,,,,,,,,,,,,,,,,,,,,,,,,,,,,,,,,,,,,,,,,,,,,,,,,,,,,,,,,,,,,,,,,,,,,,,,,,,,,,,,,,,
datasets/gov/aaa/ezeru_monitoringas/EzeruValstybinioMonitoringoDuomenys,71580360-7433-43f9-b63c-83a517cac700,658c3094-17a1-4583-8fde-2aea45475db1,,Utenos,Luknas,LTL290,Luknas,POINT (6160187 597153),2019-09-27,11.6,3.3,4.7,6.9,8.3,2.8,463.0,2.7,0.05,0.002,0.07,0.122,0.35,"<0,002",0.026,,11.0,,,,,,,,,,,,,,,,,,,,,,,,,,,,,,,,,,,,,,,,,,,,,,,,,,,,,,,,,,,,,,,,,,,,,,,,,,,,,,,,,,,,,,,,,
datasets/gov/aaa/ezeru_monitoringas/EzeruValstybinioMonitoringoDuomenys,71617187-2e6f-4de8-9f94-db626c72516b,c7b5f711-e9a7-4ea7-a12b-d2ebf927f702,,Vilniaus,Gelvanės ežeras,LTL520,Gelvanės ežeras,POINT (6101212 550083),2017-05-25,18.9,3.2,2.9,10.3,8.62,1.4,346.0,3.9,0.041,0.011,0.162,0.214,0.864,"<0,014",0.038,,1.5,,,,,,,,,,,,,,,,,,,,,,,,,,,,,,,,,,,,,,,,,,,,,,,,,,,,,,,,,,,,,,,,,,,,,,,,,,,,,,,,,,,,,,,,,
datasets/gov/aaa/ezeru_monitoringas/EzeruValstybinioMonitoringoDuomenys,71681139-6aaa-4c6c-88f5-17aa97a04bae,cf0fa400-ebfd-4f20-80bf-6931202d9cd4,,Utenos,Šiurpys,LTL311,Šiurpys,POINT (6169946 635569),2020-08-10,23.8,<2,1.0,9.0,8.7,6.7,86.0,1.2,0.03,"<0,001",0.04,0.071,0.68,0.005,0.019,,1.5,,,,,,,,,,,,,,,,,,,,,,,,,,,,,,,,,,,,,,,,,,,,,,,,,,,,,,,,,,,,,,,,,,,,,,,,,,,,,,,,,,,,,,,,,
datasets/gov/aaa/ezeru_monitoringas/EzeruValstybinioMonitoringoDuomenys,71769a1b-356b-47e1-b8df-3ab96539740d,24996b01-0102-49ae-ad22-de317d36aa20,,Vilniaus,Spindžius,LTL106,Spindžius,POINT (6048288 544856),2018-10-09,12.4,<2,3.4,84.977,8.18,4.3,356.0,1.2,0.018,"<0,004","<0,016",0.038,0.234,"<0,014","<0,014",,5.1,,,,,,,,,,,,,,,,,,,,,,,,,,,,,,,,,,,,,,,,,,,,,,,,,,,,,,,,,,,,,,,,,,,,,,,,,,,,,,,,,,,,,,,,,
datasets/gov/aaa/ezeru_monitoringas/EzeruValstybinioMonitoringoDuomenys,718d9fe4-d594-4760-b402-de583da7ae32,cddcc7b3-5d92-4c62-9098-e7164e71047a,,Utenos,Baltieji Lakajai,LTL157,Baltieji Lakajai,POINT (6121225 602684),2019-07-22,20.9,"<1,9",2.9,9.9,8.75,5.1,292.0,2.2,0.017,"<0,005",0.02,0.042,0.047,0.024,0.033,,9.5,,,,,,,,,,,,,,,,,,,,,,,,,,,,,,,,,,,,,,,,,,,,,,,,,,,,,,,,,,,,,,,,,,,,,,,,,,,,,,,,,,,,,,,,,
datasets/gov/aaa/ezeru_monitoringas/EzeruValstybinioMonitoringoDuomenys,71a8bb75-62b1-43e7-af18-6976ed3dbf87,6d513056-120e-479b-9393-367d1d66fa87,,Vilniaus,Kretuonas,LTL219,Kretuonas,POINT (6126320 633146),2018-08-27,20.8,4.4,3.0,95.27,8.48,2.1,314.0,1.3,"<0,01","<0,004",0.03,0.044,0.446,"<0,014","<0,014",,16.8,,,,,,,,,,,,,,,,,,,,,,,,,,,,,,,,,,,,,,,,,,,,,,,,,,,,,,,,,,,,,,,,,,,,,,,,,,,,,,,,,,,,,,,,,
datasets/gov/aaa/ezeru_monitoringas/EzeruValstybinioMonitoringoDuomenys,71f4ff60-c72b-4352-a06a-8e735fbd42e8,3a9f2874-65f8-44b5-9bfc-606b86142feb,,Vilniaus,Ilgajis,LTL279,Ilgajis,POINT (6130564 536518),2019-04-25,11.9,7.2,4.3,13.4,8.76,0.6,457.0,4.9,0.031,0.181,2.28,2.492,3.24,"<0,015",0.019,,43.3,,,,,,,,,,,,,,,,,,,,,,,,,,,,,,,,,,,,,,,,,,,,,,,,,,,,,,,,,,,,,,,,,,,,,,,,,,,,,,,,,,,,,,,,,
datasets/gov/aaa/ezeru_monitoringas/EzeruValstybinioMonitoringoDuomenys,721d3b8e-e756-41e4-8891-c889cb536ae8,619d0e89-fedb-41ba-8b71-3368eb409f06,,Kauno,Švenčius,LTL144,Švenčius,POINT (6058040 528975),2018-07-31,25.2,3.5,2.5,,8.82,0.6,254.0,6.9,0.014,0.005,0.093,0.112,1.5,0.002,0.075,,64.9,,,,,,,,,,,,,,,,,,,,,,,,,,,,,,,,,,,,,,,,,,,,,,,,,,,,,,,,,,,,,,,,,,,,,,,,,,,,,,,,,,,,,,,,,
datasets/gov/aaa/ezeru_monitoringas/EzeruValstybinioMonitoringoDuomenys,7243f9b3-77d5-4e16-9c15-4686745b9897,51227650-9dda-4caa-8aa0-89c4c750c7c3,,Utenos,Žilmas,LTL398,Žilmas,POINT (6154895 657251),2021-07-29,24.8,<2,3.2,8.7,8.5,4.8,263.0,1.2,0.04,"<0,001",0.06,0.101,0.11,0.003,0.009,,2.96,,,,,,,,,,,,,,,,,,,,,,,,,,,,,,,,,,,,,,,,,,,,,,,,,,,,,,,,,,,,,,,,,,,,,,,,,,,,,,,,,,,,,,,,,
datasets/gov/aaa/ezeru_monitoringas/EzeruValstybinioMonitoringoDuomenys,7253f2a3-b0aa-4176-9bbc-5c801bc031ef,96ab462a-c8e5-49ff-bbf3-ab7587f52cd2,,Utenos RAAD,Šventas,LTL39,Šventas,,2022-07-18,20.1,<2,0.91,8.8,8.3,8.1,107.0,1.0,"<0,014","<0,001",0.02,0.035,0.28,0.006,"<0,0081",,4.1,,,,,,,,,,,,,,,,,,,,,,,,,,,,,,,,,,,,,,,,,,,,,,,,,,,,,,,,,,,,,,,,,,,,,,,,,,,,,,,,,,,,,,,,,
datasets/gov/aaa/ezeru_monitoringas/EzeruValstybinioMonitoringoDuomenys,7254871e-04fd-4328-91b6-33530016bb35,cfec1b08-de6b-40bd-a437-0ea7799ead00,,Utenos,Vasaknas,LTL297,Vasaknas,POINT (6173874 612109),2017-08-25,19.1,2,2.9,5.6,8.2,2.5,268.0,1.6,0.08,"<0,001",0.04,0.121,0.35,0.032,0.058,,6.7,,,,,,,,,,,,,,,,,,,,,,,,,,,,,,,,,,,,,,,,,,,,,,,,,,,,,,,,,,,,,,,,,,,,,,,,,,,,,,,,,,,,,,,,,
datasets/gov/aaa/ezeru_monitoringas/EzeruValstybinioMonitoringoDuomenys,7255fbd4-27a0-4147-9c16-c278a1345da0,bc234007-3131-413f-8c77-573d94e09269,,Vilniaus,Antakmenių ežeras,LTL115,Antakmenių ežeras,POINT (6052356 536423),2017-08-22,21.2,4.5,3.1,7.2,8.76,1.3,269.0,4.0,0.012,"<0,004",0.028,0.044,0.475,"<0,014",0.252,,22.5,,,,,,,,,,,,,,,,,,,,,,,,,,,,,,,,,,,,,,,,,,,,,,,,,,,,,,,,,,,,,,,,,,,,,,,,,,,,,,,,,,,,,,,,,
datasets/gov/aaa/ezeru_monitoringas/EzeruValstybinioMonitoringoDuomenys,726179f9-f187-4c5b-9081-4cbaf6c65ee9,3020a683-38c0-4634-ba15-83a9a011aa5c,,Kauno,Labūnavos tvenkinys,LTL411,Labūnavos tvenkinys,POINT (6116308 494047),2018-07-12,22.9,2.8,5.2,,8.64,2.4,601.0,2.4,0.015,0.031,1.4,1.446,3.4,0.002,0.033,,7.1,,,,,,,,,,,,,,,,,,,,,,,,,,,,,,,,,,,,,,,,,,,,,,,,,,,,,,,,,,,,,,,,,,,,,,,,,,,,,,,,,,,,,,,,,
datasets/gov/aaa/ezeru_monitoringas/EzeruValstybinioMonitoringoDuomenys,7277d03a-f41e-44ef-b1f1-339bfa59563f,d3831981-061e-4498-bbfe-70b0c6e9fe74,,Utenos RAAD,Šiurpys,LTL311,Šiurpys,,2022-01-24,0.4,<2,1.1,13.8,8.1,7.5,122.0,1.0,0.13,0.001,0.03,0.161,0.66,0.005,0.01,,,,,,,,,,,,,,,,,,,,,,,,,,,,,,,,,,,,,,,,,,,,,,,,,,,,,,,,,,,,,,,,,,,,,,,,,,,,,,,,,,,,,,,,,,,
datasets/gov/aaa/ezeru_monitoringas/EzeruValstybinioMonitoringoDuomenys,7326e8eb-6aea-4ed8-b74d-e2e43d0c67ae,88454970-aedb-4810-ad62-f7c12f3510db,,Vilniaus,Ilgutis,LTL380,Ilgutis,POINT (6048111 568369),2018-10-03,11.3,<2,2.2,91.949,8.2,3.4,280.0,1.1,0.063,"<0,004",0.06,0.127,0.133,"<0,014",0.02,,1.8,,,,,,,,,,,,,,,,,,,,,,,,,,,,,,,,,,,,,,,,,,,,,,,,,,,,,,,,,,,,,,,,,,,,,,,,,,,,,,,,,,,,,,,,,
datasets/gov/aaa/ezeru_monitoringas/EzeruValstybinioMonitoringoDuomenys,738e327a-8887-49f6-aee4-56409f57c107,df51ac03-fbe2-4b40-aa7c-ac1d49d5d51f,,Utenos,Dūburaitis,LTL528,Duburaitis,POINT (6187179 624173),2017-08-23,20.3,"<1,7",4.3,5.8,8.4,2.8,383.0,2.5,0.02,"<0,001",0.06,0.081,0.96,"<0,002",0.017,,12.3,,,,,,,,,,,,,,,,,,,,,,,,,,,,,,,,,,,,,,,,,,,,,,,,,,,,,,,,,,,,,,,,,,,,,,,,,,,,,,,,,,,,,,,,,
datasets/gov/aaa/ezeru_monitoringas/EzeruValstybinioMonitoringoDuomenys,7394001a-296b-4605-ad7d-8182dbd96ada,2e57a9a8-aaa4-4e70-b738-916e17113169,,Kauno,KAUNO MARIOS,LTL71,Kauno marios,POINT (6084954 505731),2019-04-16,7.9,4.6,3.3,12.03,8.87,1.6,429.0,1.8,0.025,0.008,0.852,0.885,1.99,"<0,015",0.193,,17.8,,,,,,,,,,,,,,,,,,,,,,,,,,,,,,,,,,,,,,,,,,,,,,,,,,,,,,,,,,,,,,,,,,,,,,,,,,,,,,,,,,,,,,,,,
datasets/gov/aaa/ezeru_monitoringas/EzeruValstybinioMonitoringoDuomenys,7399a5c9-2096-40d8-9bb2-eebc323effe2,e1d8cadc-955c-45e9-9c9f-e579bc1a26bf,,Klaipėdos,Kernų tvenkinys,LTL261,Kernų tvenkinys,POINT (6236006 345893),2018-09-04,20.0,6.4,4.1,,8.7,0.9,479.0,4.5,0.018,0.003,"<0,003",0.024,1.0,"<0,005",0.032,,24.52,,,,,,,,,,,,,,,,,,,,,,,,,,,,,,,,,,,,,,,,,,,,,,,,,,,,,,,,,,,,,,,,,,,,,,,,,,,,,,,,,,,,,,,,,
datasets/gov/aaa/ezeru_monitoringas/EzeruValstybinioMonitoringoDuomenys,73bb79a0-85cb-4471-90cc-d7ffcfe9ea5c,e6c33550-29c4-4587-9360-8475719f9f3b,,Utenos,Erzvėtas,LTL387,Erzvėtas,POINT (6131954 660363),2021-05-12,11.7,2,3.8,11.5,8.53,2.1,432.0,1.8,"<0,02",0.011,1.53,1.561,1.76,"<0,015",0.02,,5.0,,,,,,,,,,,,,,,,,,,,,,,,,,,,,,,,,,,,,,,,,,,,,,,,,,,,,,,,,,,,,,,,,,,,,,,,,,,,,,,,,,,,,,,,,
datasets/gov/aaa/ezeru_monitoringas/EzeruValstybinioMonitoringoDuomenys,73c5b0e3-5009-453a-b1cc-0c148d9fcc80,d524c9c5-5dc9-4afe-9e01-0218bb4991f4,,Utenos,Alnis,LTL65,Alnis,POINT (6127535 606156),2021-10-18,9.6,2.2,1.7,10.2,8.3,6.4,157.0,0.9,0.04,0.001,0.05,0.091,0.14,"<0,002","<0,0081",,3.12,,,,,,,,,,,,,,,,,,,,,,,,,,,,,,,,,,,,,,,,,,,,,,,,,,,,,,,,,,,,,,,,,,,,,,,,,,,,,,,,,,,,,,,,,
datasets/gov/aaa/ezeru_monitoringas/EzeruValstybinioMonitoringoDuomenys,740cfed0-6aed-4301-9252-b22e62463722,e367de40-c25a-4df0-b1e1-e4a56a2c5048,,Utenos,Čičirys,LTL222,Čičirys,POINT (6187704 628556),2018-08-08,24.7,<2,3.3,115.572,8.7,5.7,292.0,1.4,0.03,"<0,001",0.04,0.071,0.53,"<0,002",0.009,,3.8,,,,,,,,,,,,,,,,,,,,,,,,,,,,,,,,,,,,,,,,,,,,,,,,,,,,,,,,,,,,,,,,,,,,,,,,,,,,,,,,,,,,,,,,,
datasets/gov/aaa/ezeru_monitoringas/EzeruValstybinioMonitoringoDuomenys,7415e521-f095-4bd9-89bf-a7817a8a87fe,3a601825-5f52-4eaf-a446-37641f788995,,Vilniaus,Siesikų ež.,LTL280,Siesikų ežeras,POINT (6128720 534426),2019-08-28,22.9,6.9,3.9,10.2,8.49,1.1,482.0,2.6,"<0,015","<0,005",0.024,0.044,1.85,"<0,015",0.015,,10.7,,,,,,,,,,,,,,,,,,,,,,,,,,,,,,,,,,,,,,,,,,,,,,,,,,,,,,,,,,,,,,,,,,,,,,,,,,,,,,,,,,,,,,,,,
datasets/gov/aaa/ezeru_monitoringas/EzeruValstybinioMonitoringoDuomenys,749bdffd-82c9-494c-9139-d0faac9e541b,97bc7970-6c45-4d61-8ea6-fe0045c13311,,Klaipėdos,Skuodo tvenkinys,LTL260,Skuodo tvenkinys,POINT (6239381 345922),2018-09-04,20.0,6.3,4.4,,8.2,0.9,486.0,4.9,0.026,0.003,0.011,0.04,0.96,"<0,005",0.048,,17.05,,,,,,,,,,,,,,,,,,,,,,,,,,,,,,,,,,,,,,,,,,,,,,,,,,,,,,,,,,,,,,,,,,,,,,,,,,,,,,,,,,,,,,,,,
datasets/gov/aaa/ezeru_monitoringas/EzeruValstybinioMonitoringoDuomenys,74d79906-d099-4a66-a00e-c443983e386e,83ac5df3-aa99-4836-be7b-34caac63a478,,Alytaus,Vabalių ežeras,LTL379,Vabalių,POINT (6016717 507296),2021-08-27,18.8,8,2.0,8.2,8.2,2.1,100.0,1.8,0.09,0.004,0.08,0.174,1.6,0.007,0.055,,9.99,,,,,,,,,,,,,,,,,,,,,,,,,,,,,,,,,,,,,,,,,,,,,,,,,,,,,,,,,,,,,,,,,,,,,,,,,,,,,,,,,,,,,,,,,
datasets/gov/aaa/ezeru_monitoringas/EzeruValstybinioMonitoringoDuomenys,74dd657e-b81b-4e46-a0ef-6be2c460325f,35f1cce9-646e-406f-9724-10edcfae9064,,Šiaulių,Platelių ežeras,LTL34,Plateliai,POINT (6214390 366955),2017-04-20,6.0,<2,1.8,7.5,9.0,6.5,200.0,3.3,"<0,008",0.002,0.045,0.055,0.32,"<0,005",0.008,,3.3,,,,,,,,,,,,,,,,,,,,,,,,,,,,,,,,,,,,,,,,,,,,,,,,,,,,,,,,,,,,,,,,,,,,,,,,,,,,,,,,,,,,,,,,,
datasets/gov/aaa/ezeru_monitoringas/EzeruValstybinioMonitoringoDuomenys,74de384b-b74d-4f8f-9d83-32818ed94a97,7bfbbb73-278f-4f02-87e1-f21ecde9fe6f,,Klaipėdos,Kernų tvenkinys,LTL261,Kernų tvenkinys,POINT (6236006 345893),2018-07-16,24.0,<2,2.1,,8.4,1.4,455.0,3.6,0.021,0.001,"<0,003",0.025,0.7,"<0,005",0.041,,3.4,,,,,,,,,,,,,,,,,,,,,,,,,,,,,,,,,,,,,,,,,,,,,,,,,,,,,,,,,,,,,,,,,,,,,,,,,,,,,,,,,,,,,,,,,
datasets/gov/aaa/ezeru_monitoringas/EzeruValstybinioMonitoringoDuomenys,74e5266e-4b2f-420f-87f8-9a755f736d9f,3109bfb2-dde2-4ca7-b063-6bf2e3c355b8,,Šiaulių,Ilgis,LTL204,Ilgis,POINT (6210196 364291),2018-06-18,21.0,<2,0.6,,8.37,2.1,187.0,1.8,0.019,"<0,001","<0,003",0.023,0.47,"<0,005",0.016,,2.99,,,,,,,,,,,,,,,,,,,,,,,,,,,,,,,,,,,,,,,,,,,,,,,,,,,,,,,,,,,,,,,,,,,,,,,,,,,,,,,,,,,,,,,,,
datasets/gov/aaa/ezeru_monitoringas/EzeruValstybinioMonitoringoDuomenys,74e88104-a42b-4d61-9a3d-90c8c1a85ba7,a1943c33-e836-4c72-86c5-d828d28e63cf,,Šiaulių,Sablauskių tvenkinys,LTL271,Sablauskių tvenkinys,POINT (6236793 430028),2020-07-21,21.0,14,5.7,9.1,8.2,0.9,582.0,5.5,0.034,0.001,0.025,0.06,1.2,"<0,005",0.063,,50.32,,,,,,,,,,,,,,,,,,,,,,,,,,,,,,,,,,,,,,,,,,,,,,,,,,,,,,,,,,,,,,,,,,,,,,,,,,,,,,,,,,,,,,,,,
datasets/gov/aaa/ezeru_monitoringas/EzeruValstybinioMonitoringoDuomenys,7513b703-c7b7-4348-b10c-a70e1f78ed0e,457bf17c-ed94-4828-89e9-3c29cbf4822a,,Vilniaus,Kretuonas,LTL219,Kretuonas,POINT (6126320 633146),2018-05-08,16.0,2.3,3.7,,8.73,2.4,349.0,2.8,0.043,0.004,0.195,0.242,0.328,0.062,0.069,,1.28,,,,,,,,,,,,,,,,,,,,,,,,,,,,,,,,,,,,,,,,,,,,,,,,,,,,,,,,,,,,,,,,,,,,,,,,,,,,,,,,,,,,,,,,,
datasets/gov/aaa/ezeru_monitoringas/EzeruValstybinioMonitoringoDuomenys,75257c58-b393-41a8-b7d0-ae2dd97bc8a7,b4a05a14-bbcb-4005-bf45-9e432e35860a,,Utenos,Uolys,LTL533,Uolys,POINT (6166648 624213),2020-10-20,11.0,<2,3.6,8.0,8.2,5.2,357.0,1.5,0.04,"<0,001",0.05,0.091,0.37,"<0,002",0.01,,2.1,,,,,,,,,,,,,,,,,,,,,,,,,,,,,,,,,,,,,,,,,,,,,,,,,,,,,,,,,,,,,,,,,,,,,,,,,,,,,,,,,,,,,,,,,
datasets/gov/aaa/ezeru_monitoringas/EzeruValstybinioMonitoringoDuomenys,75729598-aae0-4695-a8c5-eea6620d2f7b,3c3373b7-1089-4e09-860e-eca0f93051d5,,Panevėžio,Širvėnos ežeras,LTL437,Širvėnos ežeras,POINT (6231517 547007),2017-08-30,18.1,4.8,5.3,9.5,8.8,1.1,533.0,2.2,0.02,"<0,001",0.06,0.081,0.45,0.007,0.024,,23.1,,,,,,,,,,,,,,,,,,,,,,,,,,,,,,,,,,,,,,,,,,,,,,,,,,,,,,,,,,,,,,,,,,,,,,,,,,,,,,,,,,,,,,,,,
datasets/gov/aaa/ezeru_monitoringas/EzeruValstybinioMonitoringoDuomenys,7588947a-4a46-4ae0-839e-a85c7ff57d37,a2b20ce7-ea7c-4122-a0b8-674b2ef5b9c9,,Vilniaus,Pikeliškių ežeras(ež.Žalesas),LTL364,Pikeliškių ežeras (ež.Žalesas),POINT (6082605 581424),2020-07-22,21.4,4.1,3.2,9.8,8.91,1.6,398.0,3.1,0.027,0.018,0.321,0.366,0.842,"<0,015",0.024,,16.1,,,,,,,,,,,,,,,,,,,,,,,,,,,,,,,,,,,,,,,,,,,,,,,,,,,,,,,,,,,,,,,,,,,,,,,,,,,,,,,,,,,,,,,,,
datasets/gov/aaa/ezeru_monitoringas/EzeruValstybinioMonitoringoDuomenys,75cd69e5-f73d-4997-bc79-da86ffa041bb,b89deec7-d18a-479b-9561-59c04751a1b0,,Alytaus,Kavalys,LTL465,Kavalys,POINT (6032343 495560),2020-09-15,17.6,4,3.6,10.0,8.6,1.3,352.0,4.2,0.03,0.004,0.06,0.9,0.094,0.011,0.069,,55.9,,,,,,,,,,,,,,,,,,,,,,,,,,,,,,,,,,,,,,,,,,,,,,,,,,,,,,,,,,,,,,,,,,,,,,,,,,,,,,,,,,,,,,,,,
datasets/gov/aaa/ezeru_monitoringas/EzeruValstybinioMonitoringoDuomenys,75daf3f3-6f60-44a7-977e-aa10c0e61586,b29438eb-3b9d-4c8a-9f5f-cc7061ab610c,,Alytaus,Giedavardys,LTL392,Giedavardys,POINT (6001432 492931),2021-09-28,13.2,5.5,2.4,9.3,8.2,3.7,238.0,1.6,0.03,0.002,0.02,0.052,0.56,0.007,0.052,,9.04,,,,,,,,,,,,,,,,,,,,,,,,,,,,,,,,,,,,,,,,,,,,,,,,,,,,,,,,,,,,,,,,,,,,,,,,,,,,,,,,,,,,,,,,,
datasets/gov/aaa/ezeru_monitoringas/EzeruValstybinioMonitoringoDuomenys,75f1a999-b166-47ed-bc4e-1354be391cc9,90701e1d-7390-4ee8-8d5f-a0e61097369d,,Šiaulių,Ilgis,LTL204,Ilgis,POINT (6210196 364291),2020-04-21,11.0,"<1,6",1.6,9.5,8.6,2.6,148.0,2.3,0.04,0.002,0.11,0.152,0.74,"<0,005",0.041,,5.18,,,,,,,,,,,,,,,,,,,,,,,,,,,,,,,,,,,,,,,,,,,,,,,,,,,,,,,,,,,,,,,,,,,,,,,,,,,,,,,,,,,,,,,,,
datasets/gov/aaa/ezeru_monitoringas/EzeruValstybinioMonitoringoDuomenys,7603c6ca-a037-475e-8d89-96317593c4df,26f3ac3b-bf17-4443-aad9-2a640d5cdd88,,Utenos RAAD,Alnis,LTL65,Alnis,,2022-08-10,22.9,<2,1.6,9.4,8.6,5.2,171.0,1.2,"<0,014","<0,001",0.02,0.035,0.37,0.005,"<0,0081",,5.5,,,,,,,,,,,,,,,,,,,,,,,,,,,,,,,,,,,,,,,,,,,,,,,,,,,,,,,,,,,,,,,,,,,,,,,,,,,,,,,,,,,,,,,,,
datasets/gov/aaa/ezeru_monitoringas/EzeruValstybinioMonitoringoDuomenys,760eb9e1-3aaf-4156-a9c6-54dd9afd8df3,ca87d60f-130e-4db9-8b46-221c79d07dd9,,Utenos,Dringis,LTL229,Dringis,POINT (6139620 633099),2019-05-08,11.6,<2,3.2,12.0,8.8,4.5,322.0,1.9,"<0,014",0.01,0.09,0.114,0.35,0.005,0.012,,4.0,,,,,,,,,,,,,,,,,,,,,,,,,,,,,,,,,,,,,,,,,,,,,,,,,,,,,,,,,,,,,,,,,,,,,,,,,,,,,,,,,,,,,,,,,
datasets/gov/aaa/ezeru_monitoringas/EzeruValstybinioMonitoringoDuomenys,760fcd86-8eff-4586-8cdc-bf8f876706b6,959bf96b-6630-4702-934f-956b0cb62806,,Panevėžio,Dviragis,LTL148,Dviragis,POINT (6186832 586537),2017-05-16,14.0,8.2,4.3,14.8,8.9,1.0,402.0,5.6,0.03,0.036,0.76,0.826,1.5,"<0,002",0.027,,48.0,,,,,,,,,,,,,,,,,,,,,,,,,,,,,,,,,,,,,,,,,,,,,,,,,,,,,,,,,,,,,,,,,,,,,,,,,,,,,,,,,,,,,,,,,
datasets/gov/aaa/ezeru_monitoringas/EzeruValstybinioMonitoringoDuomenys,761de49d-3997-477e-9a74-689edac83992,5ca0dc9d-ec46-4ec0-a64b-96bc73368899,,Utenos,Baltis,LTL342,Baltis,POINT (6129458 600626),2018-08-30,20.9,<2,0.4,111.738,8.6,6.8,38.0,0.72,0.02,"<0,001",0.01,0.031,0.41,"<0,002","<0,0083",,10.4,,,,,,,,,,,,,,,,,,,,,,,,,,,,,,,,,,,,,,,,,,,,,,,,,,,,,,,,,,,,,,,,,,,,,,,,,,,,,,,,,,,,,,,,,
datasets/gov/aaa/ezeru_monitoringas/EzeruValstybinioMonitoringoDuomenys,764b61e3-18ba-4978-8bdb-f2491a9c65cc,73957e26-52e4-4014-b4db-733b22b0beae,,Šiaulių,Platelių ežeras,LTL34,Plateliai,POINT (6214390 366955),2018-07-18,23.0,5.6,1.7,,8.6,5.8,207.0,3,0.016,0.001,"<0,003",0.02,0.41,"<0,005",0.014,,1.06,,,,,,,,,,,,,,,,,,,,,,,,,,,,,,,,,,,,,,,,,,,,,,,,,,,,,,,,,,,,,,,,,,,,,,,,,,,,,,,,,,,,,,,,,
datasets/gov/aaa/ezeru_monitoringas/EzeruValstybinioMonitoringoDuomenys,7677a05c-aa6f-4de7-8d4f-28ce845a0515,842825d6-668f-4d54-b44d-de5caadf7aa1,,Utenos,Baluošas,LTL211,Baluošas,POINT (6142721 628235),2019-05-08,10.8,<2,3.4,12.2,8.8,4.1,321.0,2.4,"<0,014",0.008,0.04,0.062,0.17,0.006,0.009,,0.4,,,,,,,,,,,,,,,,,,,,,,,,,,,,,,,,,,,,,,,,,,,,,,,,,,,,,,,,,,,,,,,,,,,,,,,,,,,,,,,,,,,,,,,,,
datasets/gov/aaa/ezeru_monitoringas/EzeruValstybinioMonitoringoDuomenys,76783f9d-c6af-4798-b7ae-c31dae2bd9c7,de96bffd-9cb2-4690-8bed-ba5117fafeca,,Panevėžio,Obelių ežeras,LTL439,Obelių ežeras,POINT (6202087 611850),2021-05-19,14.5,5.9,4.8,8.3,8.4,0.7,518.0,6.7,0.16,0.028,0.19,0.378,0.48,0.014,0.096,,56.8,,,,,,,,,,,,,,,,,,,,,,,,,,,,,,,,,,,,,,,,,,,,,,,,,,,,,,,,,,,,,,,,,,,,,,,,,,,,,,,,,,,,,,,,,
datasets/gov/aaa/ezeru_monitoringas/EzeruValstybinioMonitoringoDuomenys,768acd38-7c78-40e7-97ae-0b0e8630f3b8,b5ace719-7d6c-4450-a0b1-f06902ac908c,,Šiaulių,Biržulis,LTL208,Biržulis,POINT (6182662 402309),2017-08-29,20.0,5.8,3.8,5.9,8.7,,364.0,1.8,"<0,008",0.002,"<0,003",0.013,0.92,"<0,005",0.045,,2.9,,,,,,,,,,,,,,,,,,,,,,,,,,,,,,,,,,,,,,,,,,,,,,,,,,,,,,,,,,,,,,,,,,,,,,,,,,,,,,,,,,,,,,,,,
datasets/gov/aaa/ezeru_monitoringas/EzeruValstybinioMonitoringoDuomenys,769fdcd9-afaf-4ea7-90cf-45a73eda742c,deeb73af-0449-49b5-aa5e-ce31a93096d9,,Utenos,Baluošas,LTL211,Baluošas,POINT (6142721 628235),2019-09-26,13.7,<2,3.3,8.1,8.4,5.6,306.0,0.74,"<0,014","<0,001",0.02,0.035,0.26,"<0,002","<0,0081",,5.2,,,,,,,,,,,,,,,,,,,,,,,,,,,,,,,,,,,,,,,,,,,,,,,,,,,,,,,,,,,,,,,,,,,,,,,,,,,,,,,,,,,,,,,,,
datasets/gov/aaa/ezeru_monitoringas/EzeruValstybinioMonitoringoDuomenys,77132638-6920-4923-b8c5-5fc0f9fda259,4683544b-1f45-4edc-acca-378a0df9a63c,,Alytaus RAAD,Atesys,LTL248,Atesys,,2022-09-21,14.4,2,3.8,7.6,8.2,3.4,621.0,1.9,0.09,0.023,1.5,1.613,1.7,"<0,007",0.018,,4.1,,,,,,,,,,,,,,,,,,,,,,,,,,,,,,,,,,,,,,,,,,,,,,,,,,,,,,,,,,,,,,,,,,,,,,,,,,,,,,,,,,,,,,,,,
datasets/gov/aaa/ezeru_monitoringas/EzeruValstybinioMonitoringoDuomenys,777624ee-2c6d-45df-abb6-21317dd33689,a1d9ea1b-bcbb-4474-8dcc-3d11fcc45e04,,Utenos RAAD,Pakalas,LTL333,Pakalas,,2022-10-17,11.1,<2,3.2,8.37,8.54,5.0,342.0,1.4,0.02,"<0,005",0.027,0.052,0.983,"<0,015","<0,015",,4.2,,,,,,,,,,,,,,,,,,,,,,,,,,,,,,,,,,,,,,,,,,,,,,,,,,,,,,,,,,,,,,,,,,,,,,,,,,,,,,,,,,,,,,,,,
datasets/gov/aaa/ezeru_monitoringas/EzeruValstybinioMonitoringoDuomenys,777c1d5e-56af-4b15-910f-15d6a12d549a,f139fe97-d82b-4cd0-8898-fad2d8993307,,Vilniaus,Didžiulis,LTL274,Didžiulis,POINT (6032301 531320),2017-09-26,14.4,15.5,3.2,9.31,8.24,0.6,359.0,4.5,2.1,0.017,0.192,2.309,3.17,"<0,014",0.053,,7.6,,,,,,,,,,,,,,,,,,,,,,,,,,,,,,,,,,,,,,,,,,,,,,,,,,,,,,,,,,,,,,,,,,,,,,,,,,,,,,,,,,,,,,,,,
datasets/gov/aaa/ezeru_monitoringas/EzeruValstybinioMonitoringoDuomenys,77ac86d8-8754-431b-9adc-e7e1e71902a8,0dfad452-1b92-4b24-8868-a2f12413fb1b,,Utenos,Prūtas,LTL506,Prūtas,POINT (6151826 660962),2017-07-18,18.6,"<1,7",2.8,9.1,8.7,5.3,272.0,1.1,0.02,0.002,0.05,0.072,0.73,"<0,002",0.013,,2.4,,,,,,,,,,,,,,,,,,,,,,,,,,,,,,,,,,,,,,,,,,,,,,,,,,,,,,,,,,,,,,,,,,,,,,,,,,,,,,,,,,,,,,,,,
datasets/gov/aaa/ezeru_monitoringas/EzeruValstybinioMonitoringoDuomenys,77c9c918-f91d-48ed-9aed-3fe14d5f6503,9c4ca731-e465-42af-a1dd-6027f015c40b,,Vilniaus,Ilgajis,LTL279,Ilgajis,POINT (6130564 536518),2017-05-09,12.1,4.6,4.3,12.7,8.69,0.7,486.0,4.5,0.027,0.036,2.33,2.393,4.55,"<0,014",0.024,,2.2,,,,,,,,,,,,,,,,,,,,,,,,,,,,,,,,,,,,,,,,,,,,,,,,,,,,,,,,,,,,,,,,,,,,,,,,,,,,,,,,,,,,,,,,,
datasets/gov/aaa/ezeru_monitoringas/EzeruValstybinioMonitoringoDuomenys,77f0816d-a0b0-441c-8936-d14b00e0ac20,c47a829b-25e9-4191-914a-4b096ebcffa8,,Šiaulių,Sablauskių tvenkinys,LTL271,Sablauskių tvenkinys,POINT (6236793 430028),2017-04-25,7.0,3,5.5,7.9,9.0,1.9,782.0,0.6,"<0,008",0.04,7.3,7.348,7.6,"<0,005",0.024,,63.5,,,,,,,,,,,,,,,,,,,,,,,,,,,,,,,,,,,,,,,,,,,,,,,,,,,,,,,,,,,,,,,,,,,,,,,,,,,,,,,,,,,,,,,,,
datasets/gov/aaa/ezeru_monitoringas/EzeruValstybinioMonitoringoDuomenys,78017688-ec07-4fb4-a61e-344b58972d43,78d37aa5-cfcc-4b9f-875c-e36b44e3d38d,,Alytaus,Luksnėnų ežeras,LTL466,Luksnėnų ežeras,POINT (6028420 494673),2020-05-18,12.7,4,3.6,9.7,8.2,2.9,423.0,2.6,0.03,0.001,0.05,0.5,0.081,0.013,0.058,,2.5,,,,,,,,,,,,,,,,,,,,,,,,,,,,,,,,,,,,,,,,,,,,,,,,,,,,,,,,,,,,,,,,,,,,,,,,,,,,,,,,,,,,,,,,,
datasets/gov/aaa/ezeru_monitoringas/EzeruValstybinioMonitoringoDuomenys,78081717-0a35-4bf1-859b-5780a4f4866c,4a0e6be9-88de-4cb5-aee3-99ba5bbb0cb2,,Utenos,Sągardas,LTL317,Sągardas,POINT (6152936 633556),2021-08-25,18.9,<2,1.8,9.3,8.6,5.1,155.0,1.2,0.02,0.003,0.13,0.153,0.29,0.003,0.013,,7.4,,,,,,,,,,,,,,,,,,,,,,,,,,,,,,,,,,,,,,,,,,,,,,,,,,,,,,,,,,,,,,,,,,,,,,,,,,,,,,,,,,,,,,,,,
datasets/gov/aaa/ezeru_monitoringas/EzeruValstybinioMonitoringoDuomenys,78085740-6f04-428d-b104-6d1363a9f096,1728294b-2eb1-4c89-80ce-904fd071841f,,Utenos,Nemeikščių tvenkinys,LTL432,Nemeikščių tvenkinys,POINT (6149167 604368),2018-07-30,25.7,3.5,4.5,130.112,9.1,2.8,413.0,2.4,0.04,0.008,0.29,0.338,0.86,0.004,0.02,,8.9,,,,,,,,,,,,,,,,,,,,,,,,,,,,,,,,,,,,,,,,,,,,,,,,,,,,,,,,,,,,,,,,,,,,,,,,,,,,,,,,,,,,,,,,,
datasets/gov/aaa/ezeru_monitoringas/EzeruValstybinioMonitoringoDuomenys,782f2e11-6e79-4ed3-b7fa-abe9c960996a,a1843b21-04e5-4b04-bdd1-45b128def1d2,,Utenos,Makys,LTL284,Makys,POINT (6126561 574960),2018-08-16,21.8,<2,2.4,106.897,8.9,4,219.0,1.4,"<0,014","<0,001",0.02,0.035,0.59,0.002,0.013,,4.4,,,,,,,,,,,,,,,,,,,,,,,,,,,,,,,,,,,,,,,,,,,,,,,,,,,,,,,,,,,,,,,,,,,,,,,,,,,,,,,,,,,,,,,,,
datasets/gov/aaa/ezeru_monitoringas/EzeruValstybinioMonitoringoDuomenys,784f6c8c-a3f4-40fa-84a5-7a3259d1dce3,4c5c7950-1c6d-4f24-8563-4477f34aaf5a,,Utenos,Dysnai,LTL223,Dysnai,POINT (6153653 647416),2019-09-24,10.9,11,3.3,10.4,8.7,0.8,316.0,2.7,0.04,"<0,001",0.06,0.101,0.89,0.003,0.031,,15.0,,,,,,,,,,,,,,,,,,,,,,,,,,,,,,,,,,,,,,,,,,,,,,,,,,,,,,,,,,,,,,,,,,,,,,,,,,,,,,,,,,,,,,,,,
datasets/gov/aaa/ezeru_monitoringas/EzeruValstybinioMonitoringoDuomenys,78926dbc-3d59-422c-81c1-047a69b03dff,575e7d2a-1c51-4a67-bdc7-5a9d7967d762,,Utenos RAAD,Luokesai,LTL158,Luokesai,,2022-07-13,20.9,<2,1.9,9.08,8.76,7.3,255.0,0.9,0.02,"<0,005","<0,015",0.04,0.846,"<0,015","<0,015",,2.2,,,,,,,,,,,,,,,,,,,,,,,,,,,,,,,,,,,,,,,,,,,,,,,,,,,,,,,,,,,,,,,,,,,,,,,,,,,,,,,,,,,,,,,,,
datasets/gov/aaa/ezeru_monitoringas/EzeruValstybinioMonitoringoDuomenys,78a14285-ecf3-43f5-a2d3-fd7e45641f1a,e16f0878-fefe-45cc-8b66-2bc6c825ab75,,Utenos,Alnis,LTL65,Alnis,POINT (6127535 606156),2020-04-23,8.2,2.1,1.7,13.2,8.5,6.2,194.0,3,0.06,0.002,0.06,0.122,0.37,0.003,0.009,,2.1,,,,,,,,,,,,,,,,,,,,,,,,,,,,,,,,,,,,,,,,,,,,,,,,,,,,,,,,,,,,,,,,,,,,,,,,,,,,,,,,,,,,,,,,,
datasets/gov/aaa/ezeru_monitoringas/EzeruValstybinioMonitoringoDuomenys,78b2a9b5-827a-4dde-8405-d0574219abf9,cb3bc176-7780-4f9f-a93f-fc241ed61245,,Vilniaus,Spindžius,LTL106,Spindžius,POINT (6048288 544856),2021-09-02,17.9,2.5,3.0,9.3,8.45,2.5,335.0,2,0.023,"<0,005",0.028,0.056,0.238,"<0,015","<0,015",,7.4,,,,,,,,,,,,,,,,,,,,,,,,,,,,,,,,,,,,,,,,,,,,,,,,,,,,,,,,,,,,,,,,,,,,,,,,,,,,,,,,,,,,,,,,,
datasets/gov/aaa/ezeru_monitoringas/EzeruValstybinioMonitoringoDuomenys,78caa5f5-326a-4172-9e9f-c65f4ecf78c0,74c3eeaa-d4ef-4ed5-b232-d60cf9e29347,,Vilniaus,Nestrėvantys,LTL535,Nestrėvantys,POINT (6057805 543596),2017-09-26,14.5,3.2,3.4,9.1,8.0,2.1,382.0,2.0,0.018,0.005,0.099,0.122,0.256,"<0,014",0.023,,17.1,,,,,,,,,,,,,,,,,,,,,,,,,,,,,,,,,,,,,,,,,,,,,,,,,,,,,,,,,,,,,,,,,,,,,,,,,,,,,,,,,,,,,,,,,
datasets/gov/aaa/ezeru_monitoringas/EzeruValstybinioMonitoringoDuomenys,78cec6fc-3879-4fff-9987-994e26fbbcea,cf99e32d-0656-4d67-82a7-b82174f8d7f9,,Utenos,Drūkšiai,LTL52,Drūkšiai,POINT (6169167 664078),2020-08-18,21.4,,,10.5,8.8,3.1,253.0,,,,,,,,,,,,,,,,,,,,,,,,,,,,,,,,,,,,,,,,,,,,,,,,,,,,,,,,,,,,,,,,,,,,,,,,,,,,,,,,,,,,,,,,,,,,,,,,,,,
datasets/gov/aaa/ezeru_monitoringas/EzeruValstybinioMonitoringoDuomenys,78deff98-6cda-48d4-a14e-28d453711a26,315800cf-d740-4169-bd9d-1f5cf88eef0b,,Utenos,Alnis,LTL65,Alnis,POINT (6127535 606156),2017-09-13,17.4,"<1,7",1.8,8.7,9.0,6.8,157.0,1.4,0.02,0.002,0.007,0.029,0.14,"<0,002",0.01,,,,,,,,,,,,,,,,,,,,,,,,,,,,,,,,,,,,,,,,,,,,,,,,,,,,,,,,,,,,,,,,,,,,,,,,,,,,,,,,,,,,,,,,,,,
datasets/gov/aaa/ezeru_monitoringas/EzeruValstybinioMonitoringoDuomenys,7934322b-f59d-49f6-839c-fbbb73470041,425d464f-a009-4e22-99cd-9c756eec4fac,,Utenos,Dūburys,LTL300,Duburys,POINT (6186218 623677),2019-10-02,12.3,<2,4.2,9.7,8.4,5.2,405.0,1.1,0.03,0.003,0.06,0.093,0.4,0.002,0.01,,0.2,,,,,,,,,,,,,,,,,,,,,,,,,,,,,,,,,,,,,,,,,,,,,,,,,,,,,,,,,,,,,,,,,,,,,,,,,,,,,,,,,,,,,,,,,
datasets/gov/aaa/ezeru_monitoringas/EzeruValstybinioMonitoringoDuomenys,793c7fd6-44d6-4eba-a587-fcfcfdb41b33,1f985884-6dad-48ae-9361-3e8719163d67,,Alytaus,Dusia,LTL43,Dusia,POINT (6017007 479686),2017-05-22,14.6,4.5,2.8,11.7,8.7,5.6,330.0,1.7,0.02,0.005,0.02,0.045,0.5,0.007,0.02,,4.0,,,,,,,,,,,,,,,,,,,,,,,,,,,,,,,,,,,,,,,,,,,,,,,,,,,,,,,,,,,,,,,,,,,,,,,,,,,,,,,,,,,,,,,,,
datasets/gov/aaa/ezeru_monitoringas/EzeruValstybinioMonitoringoDuomenys,793de82c-e6cc-4370-946c-d9e27fa3086b,d60da32c-8390-430a-b019-0bf067bd5de1,,Alytaus,Atesys,LTL248,Atesys,POINT (6026979 481767),2019-07-26,20.5,4.5,2.8,8.8,8.4,2.8,562.0,4.3,0.04,0.014,0.2,0.254,1.3,0.022,0.076,,0.7,,,,,,,,,,,,,,,,,,,,,,,,,,,,,,,,,,,,,,,,,,,,,,,,,,,,,,,,,,,,,,,,,,,,,,,,,,,,,,,,,,,,,,,,,
datasets/gov/aaa/ezeru_monitoringas/EzeruValstybinioMonitoringoDuomenys,79470137-7fbc-4518-bdd8-56c6c3f9475d,bb4a2b4e-7ca0-4600-9897-20325baa1300,,Utenos,Šventas,LTL39,Šventas,POINT (6166706 644760),2019-04-24,9.5,<2,0.96,12.8,8.2,11.0,95.0,1.2,0.07,0.003,0.28,0.353,0.5,0.002,"<0,0081",,1.2,,,,,,,,,,,,,,,,,,,,,,,,,,,,,,,,,,,,,,,,,,,,,,,,,,,,,,,,,,,,,,,,,,,,,,,,,,,,,,,,,,,,,,,,,
datasets/gov/aaa/ezeru_monitoringas/EzeruValstybinioMonitoringoDuomenys,794bab70-b107-4a98-b44a-80cfbf4bec8b,34226a09-d703-4ac7-824c-fb7c7b636695,,Utenos RAAD,Smalvas,LTL220,Smalvas,,2022-05-04,9.7,<2,2.3,12.5,8.1,7.5,244.0,2.0,0.02,0.035,0.13,0.185,0.36,0.004,"<0,0081",,1.8,,,,,,,,,,,,,,,,,,,,,,,,,,,,,,,,,,,,,,,,,,,,,,,,,,,,,,,,,,,,,,,,,,,,,,,,,,,,,,,,,,,,,,,,,
datasets/gov/aaa/ezeru_monitoringas/EzeruValstybinioMonitoringoDuomenys,79b1f6e7-6583-494c-8504-35e3a32c785f,530c0aa1-1497-4a2a-be96-770f98f19324,,Alytaus,Metelys,LTL236,Metelys,POINT (6017659 485553),2021-08-24,19.5,4.5,3.0,8.7,8.4,4.4,351.0,1.1,0.01,0.002,0.09,0.102,0.41,"<0,007",0.04,,9.62,,,,,,,,,,,,,,,,,,,,,,,,,,,,,,,,,,,,,,,,,,,,,,,,,,,,,,,,,,,,,,,,,,,,,,,,,,,,,,,,,,,,,,,,,
datasets/gov/aaa/ezeru_monitoringas/EzeruValstybinioMonitoringoDuomenys,79ff91de-1dde-4878-929d-e23b48ae65aa,6364c997-91e2-47c4-8e3c-6b939257378d,,Utenos,Avilys,LTL299,Avilys,POINT (6183633 629267),2017-07-26,21.1,2.2,2.6,9.5,8.8,3.6,238.0,1.3,"<0,014","<0,001",0.06,0.075,0.71,"<0,002",0.012,,5.8,,,,,,,,,,,,,,,,,,,,,,,,,,,,,,,,,,,,,,,,,,,,,,,,,,,,,,,,,,,,,,,,,,,,,,,,,,,,,,,,,,,,,,,,,
datasets/gov/aaa/ezeru_monitoringas/EzeruValstybinioMonitoringoDuomenys,7a1d77c1-fb08-4b05-ba58-c471f3191a2d,b0dbb226-7e69-4b04-9164-24ccde475771,,Vilniaus,Riešė,LTL165,Riešė,POINT (6072871 571379),2021-07-13,27.4,11,3.3,9.0,7.62,0.6,400.0,5.3,"<0,02",0.005,0.094,0.119,0.904,0.016,0.033,,23.2,,,,,,,,,,,,,,,,,,,,,,,,,,,,,,,,,,,,,,,,,,,,,,,,,,,,,,,,,,,,,,,,,,,,,,,,,,,,,,,,,,,,,,,,,
datasets/gov/aaa/ezeru_monitoringas/EzeruValstybinioMonitoringoDuomenys,7a2a0400-5095-45b9-a9bb-695ad6b5c7b6,1be23209-ef19-473a-b8bf-057e05637e7d,,Alytaus,Nedzingis,LTL238,Nedzingis,POINT (6016143 521786),2018-05-14,19.1,4.5,3.1,115.343,8.5,1.9,389.0,5.2,0.02,0.012,0.47,0.502,1.3,0.014,0.048,,18.7,,,,,,,,,,,,,,,,,,,,,,,,,,,,,,,,,,,,,,,,,,,,,,,,,,,,,,,,,,,,,,,,,,,,,,,,,,,,,,,,,,,,,,,,,
datasets/gov/aaa/ezeru_monitoringas/EzeruValstybinioMonitoringoDuomenys,7a327c87-a876-474e-a739-de2ca8220e13,56c9d3ed-15c4-45a0-a769-66b284d3c5e4,,Utenos,Virintai,LTL447,Virintai,POINT (6129684 593186),2018-05-14,17.4,2.4,3.7,131.303,9.2,3,415.0,2.8,"<0,014",0.007,0.56,0.581,0.62,0.002,0.023,,18.7,,,,,,,,,,,,,,,,,,,,,,,,,,,,,,,,,,,,,,,,,,,,,,,,,,,,,,,,,,,,,,,,,,,,,,,,,,,,,,,,,,,,,,,,,
datasets/gov/aaa/ezeru_monitoringas/EzeruValstybinioMonitoringoDuomenys,7a44fbd4-1b19-4dd8-a72f-0df58d0f3c25,3ff23aa1-a559-495e-8506-c7c6a1407073,,Vilniaus,Gelvanės ežeras,LTL520,Gelvanės ežeras,POINT (6101212 550083),2017-07-31,22.2,2.2,4.2,7.7,7.95,1.2,325.0,3.7,0.057,0.004,0.03,0.091,0.994,"<0,014",0.065,,6.2,,,,,,,,,,,,,,,,,,,,,,,,,,,,,,,,,,,,,,,,,,,,,,,,,,,,,,,,,,,,,,,,,,,,,,,,,,,,,,,,,,,,,,,,,
datasets/gov/aaa/ezeru_monitoringas/EzeruValstybinioMonitoringoDuomenys,7a4550dc-d98b-437e-995b-c54327a77c98,6c48e793-3c07-4393-97f3-c827393fbbdf,,Vilniaus RAAD,Motiejūnų HE tvenkinys,LTL131,Motiejūnų HE tvenkinys,,2022-09-19,13.5,4.8,5.3,8.8,8.28,1.4,485.0,4.1,0.028,0.005,0.12,0.153,0.875,0.163,0.028,,11.3,,,,,,,,,,,,,,,,,,,,,,,,,,,,,,,,,,,,,,,,,,,,,,,,,,,,,,,,,,,,,,,,,,,,,,,,,,,,,,,,,,,,,,,,,
datasets/gov/aaa/ezeru_monitoringas/EzeruValstybinioMonitoringoDuomenys,7a497622-7659-48dd-8531-7662f68e3252,3d4cbb56-3ad4-4f22-89a7-0fd6fc318a14,,Vilniaus,Riešė,LTL165,Riešė,POINT (6072871 571379),2018-09-19,17.1,5.3,3.5,87.265,8.24,0.7,378.0,4.2,0.075,0.005,0.054,0.134,0.817,"<0,014","<0,014",,28.7,,,,,,,,,,,,,,,,,,,,,,,,,,,,,,,,,,,,,,,,,,,,,,,,,,,,,,,,,,,,,,,,,,,,,,,,,,,,,,,,,,,,,,,,,
datasets/gov/aaa/ezeru_monitoringas/EzeruValstybinioMonitoringoDuomenys,7a4f8649-a9d8-4a49-808c-d43447b9a5ec,e4290356-8639-441e-8f6b-fed1909abfe2,,Utenos,Pakasas,LTL321,Pakasas,POINT (6140371 623596),2019-08-26,21.0,<2,3.6,9.0,8.4,5.5,343.0,1.9,0.02,"<0,001",0.04,0.061,0.18,0.003,0.009,,13.0,,,,,,,,,,,,,,,,,,,,,,,,,,,,,,,,,,,,,,,,,,,,,,,,,,,,,,,,,,,,,,,,,,,,,,,,,,,,,,,,,,,,,,,,,
datasets/gov/aaa/ezeru_monitoringas/EzeruValstybinioMonitoringoDuomenys,7aa016c7-2c2c-4df0-8f30-c5b3dca8a354,88b37882-fd0d-4f59-9706-97060221bfac,,Vilniaus,Margis,LTL367,Margis,POINT (6052686 553571),2020-08-31,19.8,"<1,9",3.3,8.2,8.51,3.3,400.0,0.8,"<0,015","<0,005",0.018,0.038,0.346,"<0,015","<0,015",,3.7,,,,,,,,,,,,,,,,,,,,,,,,,,,,,,,,,,,,,,,,,,,,,,,,,,,,,,,,,,,,,,,,,,,,,,,,,,,,,,,,,,,,,,,,,
datasets/gov/aaa/ezeru_monitoringas/EzeruValstybinioMonitoringoDuomenys,7ac47eea-59f0-4f67-8e5c-c0123bd6290d,4c7e9693-de5d-472c-ac24-09f0cc0da4bb,,Utenos,Luknas,LTL290,Luknas,POINT (6160187 597153),2019-08-13,21.0,4.1,4.9,6.0,8.3,2.6,454.0,3.4,"<0,014","<0,001",0.04,0.055,1.0,"<0,002",0.027,,10.4,,,,,,,,,,,,,,,,,,,,,,,,,,,,,,,,,,,,,,,,,,,,,,,,,,,,,,,,,,,,,,,,,,,,,,,,,,,,,,,,,,,,,,,,,
datasets/gov/aaa/ezeru_monitoringas/EzeruValstybinioMonitoringoDuomenys,7ac70600-2e2c-4fb3-97e6-e73eb36e798c,ea689c45-cd10-4d1d-bf0f-688b155f8826,,Utenos,Ažvintis,LTL318,Ažvintis,POINT (6152116 632033),2021-05-06,9.1,2.9,1.3,11.9,8.3,3.2,130.0,2.3,0.04,0.002,0.08,0.122,0.7,0.004,0.018,,11.4,,,,,,,,,,,,,,,,,,,,,,,,,,,,,,,,,,,,,,,,,,,,,,,,,,,,,,,,,,,,,,,,,,,,,,,,,,,,,,,,,,,,,,,,,
datasets/gov/aaa/ezeru_monitoringas/EzeruValstybinioMonitoringoDuomenys,7ae0135a-0cfe-4f20-b141-f0da4f1fa214,bdbb77ae-7eff-4b2f-b9ea-114210686405,,Vilniaus,Šventas,LTL446,Šventas,POINT (6121795 629748),2017-07-19,17.8,7.4,2.8,9.6,8.2,0.9,403.0,4.5,0.071,0.03,0.804,0.905,1.75,"<0,014",0.022,,3.3,,,,,,,,,,,,,,,,,,,,,,,,,,,,,,,,,,,,,,,,,,,,,,,,,,,,,,,,,,,,,,,,,,,,,,,,,,,,,,,,,,,,,,,,,
datasets/gov/aaa/ezeru_monitoringas/EzeruValstybinioMonitoringoDuomenys,7b21aba3-b3d4-438e-acbf-e5a019f086d4,d0f24b9e-d503-4258-8079-cbb29f1acda5,,Alytaus RAAD,Guostus,LTL454,Guostus,,2022-08-19,24.5,2.5,2.4,8.2,8.8,2.1,263.0,3.8,0.02,0.007,0.11,0.137,0.63,0.018,0.033,,9.8,,,,,,,,,,,,,,,,,,,,,,,,,,,,,,,,,,,,,,,,,,,,,,,,,,,,,,,,,,,,,,,,,,,,,,,,,,,,,,,,,,,,,,,,,
datasets/gov/aaa/ezeru_monitoringas/EzeruValstybinioMonitoringoDuomenys,7b2f5acb-7009-499b-8cef-6f506a07edd7,28eb7c72-4025-4ecb-afff-2a90211ccf6b,,Alytaus,Pabezninkų ežeras,LTL375,Pabezninkų ež.,POINT (6023828 537110),2019-05-08,12.9,13,2.5,11.3,6.5,0.6,46.0,1.6,0.04,0.002,0.2,0.242,1.4,0.014,0.079,,11.1,,,,,,,,,,,,,,,,,,,,,,,,,,,,,,,,,,,,,,,,,,,,,,,,,,,,,,,,,,,,,,,,,,,,,,,,,,,,,,,,,,,,,,,,,
datasets/gov/aaa/ezeru_monitoringas/EzeruValstybinioMonitoringoDuomenys,7b4325ce-cc06-47dc-af7b-a8f841595c92,4ae47bc6-bd59-43d5-8cf6-b5b4d95c2ac5,,Utenos,Alnis,LTL65,Alnis,POINT (6127535 606156),2019-06-17,23.7,<2,1.8,9.8,8.8,6.1,161.0,1.6,0.03,"<0,001",0.01,0.041,0.34,0.004,0.01,,1.7,,,,,,,,,,,,,,,,,,,,,,,,,,,,,,,,,,,,,,,,,,,,,,,,,,,,,,,,,,,,,,,,,,,,,,,,,,,,,,,,,,,,,,,,,
datasets/gov/aaa/ezeru_monitoringas/EzeruValstybinioMonitoringoDuomenys,7b52bec8-a8af-4e63-b572-5ca862199dda,af5b037b-8fae-40a7-8359-459ec4aaa98c,,Utenos,Ažvintis,LTL318,Ažvintis,POINT (6152116 632033),2021-07-20,26.2,<2,1.4,8.5,8.6,4.8,123.0,0.99,0.014,0.001,0.04,0.055,0.61,"<0,002",0.012,,5.1,,,,,,,,,,,,,,,,,,,,,,,,,,,,,,,,,,,,,,,,,,,,,,,,,,,,,,,,,,,,,,,,,,,,,,,,,,,,,,,,,,,,,,,,,
datasets/gov/aaa/ezeru_monitoringas/EzeruValstybinioMonitoringoDuomenys,7b65d32e-d1ec-4cd8-890f-e20f8d7c4a25,a555c12b-2c22-4a5d-a5fd-a4c09eb21ca1,,Utenos,Kirneilis,LTL349,Kirneilis,POINT (6119944 592256),2020-05-06,11.6,"<1,9",3.2,12.55,8.62,3.6,375.0,1.9,0.025,"<0,005",0.276,0.306,0.821,"<0,015",0.017,,3.7,,,,,,,,,,,,,,,,,,,,,,,,,,,,,,,,,,,,,,,,,,,,,,,,,,,,,,,,,,,,,,,,,,,,,,,,,,,,,,,,,,,,,,,,,
datasets/gov/aaa/ezeru_monitoringas/EzeruValstybinioMonitoringoDuomenys,7b9a07d2-7a24-49ac-811a-31bbc47d49f5,1a719b1a-ebae-4ecc-85e9-4d4a4ae503e7,,Aplinkos apsaugos departamento Šiaulių valdyba,Arimaičių ežeras,LTL266,Arimaičių ež.,,2022-09-22,14.0,8.9,4.5,7.8,8.1,0.9,470.0,2.8,0.061,0.008,0.079,0.148,1.2,"<0,006",0.036,,22.94,,,,,,,,,,,,,,,,,,,,,,,,,,,,,,,,,,,,,,,,,,,,,,,,,,,,,,,,,,,,,,,,,,,,,,,,,,,,,,,,,,,,,,,,,
datasets/gov/aaa/ezeru_monitoringas/EzeruValstybinioMonitoringoDuomenys,7bcaed08-956b-407d-9b72-20a3454f95c2,997ba7e1-09b0-4d16-a0d3-3202606a428b,,Utenos,Stirniai,LTL343,Stirniai,POINT (6124518 605749),2021-04-28,7.6,<2,2.5,12.3,8.4,7.6,246.0,1.3,0.03,0.001,0.15,0.181,0.5,"<0,002","<0,0081",,1.4,,,,,,,,,,,,,,,,,,,,,,,,,,,,,,,,,,,,,,,,,,,,,,,,,,,,,,,,,,,,,,,,,,,,,,,,,,,,,,,,,,,,,,,,,
datasets/gov/aaa/ezeru_monitoringas/EzeruValstybinioMonitoringoDuomenys,7bdc73ec-bdec-4d00-af85-abbb6ee316a8,c4dc240f-5769-49ef-b157-7f9dceebe8d4,,Vilniaus,Kadrėnų tvenkinys,LTL162,Kadrėnų tvenkinys,POINT (6130624 552576),2020-07-23,20.7,4.4,5.7,8.2,8.38,0.9,613.0,3.4,0.016,"<0,005",0.057,0.078,0.608,0.015,0.026,,23.7,,,,,,,,,,,,,,,,,,,,,,,,,,,,,,,,,,,,,,,,,,,,,,,,,,,,,,,,,,,,,,,,,,,,,,,,,,,,,,,,,,,,,,,,,
datasets/gov/aaa/ezeru_monitoringas/EzeruValstybinioMonitoringoDuomenys,7be58c84-5b74-43cb-8b9d-d86cbbae98d2,b07df7ae-983a-41e8-bb8d-be6e80ba095b,,Alytaus,Akmenių ežeras,LTL516,Akmenių ežeras,POINT (6003300 466571),2020-07-23,21.5,3,3.6,6.5,8.2,1.4,483.0,4.3,0.05,0.003,0.1,1.3,0.153,0.009,0.038,,7.1,,,,,,,,,,,,,,,,,,,,,,,,,,,,,,,,,,,,,,,,,,,,,,,,,,,,,,,,,,,,,,,,,,,,,,,,,,,,,,,,,,,,,,,,,
datasets/gov/aaa/ezeru_monitoringas/EzeruValstybinioMonitoringoDuomenys,7bebf494-f424-41ea-801f-e4a7a502af47,0e77b534-d1a0-42d2-b427-b0c54708ebe4,,Vilniaus,Gelvanės ežeras,LTL520,Gelvanės ežeras,POINT (6101212 550083),2020-08-13,21.5,7.5,3.1,9.8,8.69,1.0,338.0,4.7,0.029,"<0,005",0.036,0.07,0.133,"<0,015",0.047,,37.2,,,,,,,,,,,,,,,,,,,,,,,,,,,,,,,,,,,,,,,,,,,,,,,,,,,,,,,,,,,,,,,,,,,,,,,,,,,,,,,,,,,,,,,,,
datasets/gov/aaa/ezeru_monitoringas/EzeruValstybinioMonitoringoDuomenys,7bed600d-c927-403d-9892-06e0ab3e742b,38159c40-4c2a-4b71-a859-ec1529a20a21,,Vilniaus,Siesikų ež.,LTL280,Siesikų ežeras,POINT (6128720 534426),2019-04-25,12.8,5.8,4.0,13.3,8.52,1.3,511.0,3.2,0.022,0.135,2.41,2.567,2.84,"<0,015","<0,015",,22.3,,,,,,,,,,,,,,,,,,,,,,,,,,,,,,,,,,,,,,,,,,,,,,,,,,,,,,,,,,,,,,,,,,,,,,,,,,,,,,,,,,,,,,,,,
datasets/gov/aaa/ezeru_monitoringas/EzeruValstybinioMonitoringoDuomenys,7c3ad6b0-98fb-483b-b4a5-8f0ca05b7fbb,d4329c7b-6b26-49c8-b529-1873256ce857,,Panevėžio RAAD,Dviragis,LTL148,Dviragis,,2022-08-24,24.0,6,3.8,9.2,8.3,1.2,374.0,2.6,0.03,"<0,001",0.05,0.081,0.16,0.002,0.03,,15.0,,,,,,,,,,,,,,,,,,,,,,,,,,,,,,,,,,,,,,,,,,,,,,,,,,,,,,,,,,,,,,,,,,,,,,,,,,,,,,,,,,,,,,,,,
datasets/gov/aaa/ezeru_monitoringas/EzeruValstybinioMonitoringoDuomenys,7c48f251-9f3e-4086-964d-3f91033457b9,80768554-fdf2-4949-885f-483fd5ae4704,,Kauno,Jurbarkų tvenkinys,LTL423,Jurbarkų tvenkinys,POINT (6107219 418720),2021-08-19,20.2,5,3.2,8.2,8.6,1.4,510.0,4.3,0.06,0.046,0.3,0.406,1.4,"<0,007",0.12,,24.14,,,,,,,,,,,,,,,,,,,,,,,,,,,,,,,,,,,,,,,,,,,,,,,,,,,,,,,,,,,,,,,,,,,,,,,,,,,,,,,,,,,,,,,,,
datasets/gov/aaa/ezeru_monitoringas/EzeruValstybinioMonitoringoDuomenys,7c597b34-f22f-47a5-9a43-3c5870262d1d,3155e001-c108-4931-a801-88717e717e4f,,Vilniaus,Širvintų tvenkinys,LTL540,Širvintų HE tvenkinys,POINT (6100669 562243),2017-10-09,9.2,2.2,4.2,8.1,7.86,1.0,458.0,1.9,0.069,0.014,0.762,0.845,0.943,0.042,0.05,,32.9,,,,,,,,,,,,,,,,,,,,,,,,,,,,,,,,,,,,,,,,,,,,,,,,,,,,,,,,,,,,,,,,,,,,,,,,,,,,,,,,,,,,,,,,,
datasets/gov/aaa/ezeru_monitoringas/EzeruValstybinioMonitoringoDuomenys,7c5a13fd-04c2-45ca-95a6-a8af0578364c,25c35a2a-345f-463f-8553-5ede91b3dbb0,,Utenos,Spenglas,LTL173,Spenglas,POINT (6101954 612176),2019-10-08,6.4,6.8,2.8,10.6,8.75,0.8,279.0,5,0.015,"<0,005",0.054,0.074,0.565,0.028,0.05,,34.8,,,,,,,,,,,,,,,,,,,,,,,,,,,,,,,,,,,,,,,,,,,,,,,,,,,,,,,,,,,,,,,,,,,,,,,,,,,,,,,,,,,,,,,,,
datasets/gov/aaa/ezeru_monitoringas/EzeruValstybinioMonitoringoDuomenys,7c7633fa-9494-4e9e-ac1b-6d475defcb0c,7a968c04-2e30-409b-86d8-a63cecd383bf,,Vilniaus,Luka,LTL468,Luka,POINT (6056543 560787),2020-08-18,23.1,"<1,9",1.8,11.3,8.95,2.7,318.0,2.5,0.019,"<0,005","<0,015",0.039,0.137,"<0,015",0.083,,10.0,,,,,,,,,,,,,,,,,,,,,,,,,,,,,,,,,,,,,,,,,,,,,,,,,,,,,,,,,,,,,,,,,,,,,,,,,,,,,,,,,,,,,,,,,
datasets/gov/aaa/ezeru_monitoringas/EzeruValstybinioMonitoringoDuomenys,7ce24a3f-68d5-470d-b9d4-e2e43381652b,06372813-6532-41b5-a13f-4dcb643840a4,,Šiaulių,Platelių ežeras,LTL34,Plateliai,POINT (6214390 366955),2021-09-09,16.0,"<1,4",1.9,8.4,8.1,6.5,173.0,0.71,0.011,"<0,001",0.01,0.022,0.4,"<0,006",0.01,,2.41,,,,,,,,,,,,,,,,,,,,,,,,,,,,,,,,,,,,,,,,,,,,,,,,,,,,,,,,,,,,,,,,,,,,,,,,,,,,,,,,,,,,,,,,,
datasets/gov/aaa/ezeru_monitoringas/EzeruValstybinioMonitoringoDuomenys,7d1779c1-bf68-40b5-a844-084cb4536dd9,5d50f35b-920d-4834-92fa-e5cee580117a,,Utenos,Čičirys,LTL222,Čičirys,POINT (6187704 628556),2017-09-07,16.6,"<1,7",3.1,8.2,8.6,5.3,289.0,0.9,"<0,014",0.001,0.04,0.055,0.64,0.003,0.01,,8.9,,,,,,,,,,,,,,,,,,,,,,,,,,,,,,,,,,,,,,,,,,,,,,,,,,,,,,,,,,,,,,,,,,,,,,,,,,,,,,,,,,,,,,,,,
datasets/gov/aaa/ezeru_monitoringas/EzeruValstybinioMonitoringoDuomenys,7d1c8c74-2f23-47ab-9863-d938443e4aac,5b45b0fc-b408-442c-a46b-910b83b1ab85,,Utenos,Klykių ežeras,LTL539,Klykių,POINT (6149905 611418),2018-10-11,11.8,3.2,1.5,99.074,8.2,8.5,155.0,0.99,0.02,"<0,001",0.02,0.041,0.23,0.003,0.009,,1.4,,,,,,,,,,,,,,,,,,,,,,,,,,,,,,,,,,,,,,,,,,,,,,,,,,,,,,,,,,,,,,,,,,,,,,,,,,,,,,,,,,,,,,,,,
datasets/gov/aaa/ezeru_monitoringas/EzeruValstybinioMonitoringoDuomenys,7dacdef1-d46a-4138-b1e4-9d3ce88b5f41,13d9fb97-3918-48eb-b620-299b2be8ea01,,Alytaus RAAD,Alovės ežeras,LTL192,Alovės ež.,,2022-08-29,24.4,12,3.3,7.1,8.2,1.0,366.0,4.9,0.03,0.005,0.2,0.235,1.2,0.022,0.048,,18.8,,,,,,,,,,,,,,,,,,,,,,,,,,,,,,,,,,,,,,,,,,,,,,,,,,,,,,,,,,,,,,,,,,,,,,,,,,,,,,,,,,,,,,,,,
datasets/gov/aaa/ezeru_monitoringas/EzeruValstybinioMonitoringoDuomenys,7dd10073-4f77-4553-8148-eace66d2c0cc,d320dd20-0e32-43e2-a459-7b5ac0c85b97,,Utenos,Kertuojai,LTL227,Kertuojai,POINT (6117291 603553),2019-10-02,11.6,4.1,3.2,10.3,8.49,1.4,314.0,0.5,0.061,"<0,005",0.045,0.111,0.533,"<0,015",0.018,,10.4,,,,,,,,,,,,,,,,,,,,,,,,,,,,,,,,,,,,,,,,,,,,,,,,,,,,,,,,,,,,,,,,,,,,,,,,,,,,,,,,,,,,,,,,,
datasets/gov/aaa/ezeru_monitoringas/EzeruValstybinioMonitoringoDuomenys,7de90b60-b090-4b0c-9456-96b1e906b341,89a3afa4-a1c9-4ab3-94d3-6efe7139062e,,Vilniaus,Didysai Siaurys,LTL217,Didysai Siaurys,POINT (6118847 613457),2018-07-26,24.4,<2,0.57,97.944,7.87,2.1,77.0,1.7,0.03,"<0,004",0.102,0.136,0.158,"<0,014","<0,014",,3.1,,,,,,,,,,,,,,,,,,,,,,,,,,,,,,,,,,,,,,,,,,,,,,,,,,,,,,,,,,,,,,,,,,,,,,,,,,,,,,,,,,,,,,,,,
datasets/gov/aaa/ezeru_monitoringas/EzeruValstybinioMonitoringoDuomenys,7dea54c9-f387-4fc9-a396-6d6c57365a06,269e4d2a-bf01-499c-9ccc-37fdf2f038d4,,Utenos,Dūriai,LTL159,Dūriai,POINT (6124838 589100),2021-04-21,10.8,2.9,3.1,11.3,8.14,2.3,338.0,2.5,"<0,02",0.005,0.513,0.538,0.821,"<0,015",0.015,,10.1,,,,,,,,,,,,,,,,,,,,,,,,,,,,,,,,,,,,,,,,,,,,,,,,,,,,,,,,,,,,,,,,,,,,,,,,,,,,,,,,,,,,,,,,,
datasets/gov/aaa/ezeru_monitoringas/EzeruValstybinioMonitoringoDuomenys,7e0552ac-0312-4c12-ba22-4e08f29f6159,9b08fbd6-ac66-4b38-979c-6e4a75d329c3,,Vilniaus,Bartkuškio tvenkinys,LTL128,Bartkuškio tvenkinys,POINT (6088672 560436),2017-08-09,21.5,4.6,3.8,7.5,8.06,2.2,467.0,5.4,0.048,0.005,0.112,0.165,1.25,"<0,014","<0,014",,7.6,,,,,,,,,,,,,,,,,,,,,,,,,,,,,,,,,,,,,,,,,,,,,,,,,,,,,,,,,,,,,,,,,,,,,,,,,,,,,,,,,,,,,,,,,
datasets/gov/aaa/ezeru_monitoringas/EzeruValstybinioMonitoringoDuomenys,7e2069e5-f7dc-4397-9b05-1f5f55dae861,3c756372-65d3-4c2d-897f-48d2f9869754,,Šiaulių,Gondingos HE tvenkinys,LTL401,Gondingos HE tvenkinys,POINT (6199101 362292),2021-05-10,13.0,"<1,4",3.7,8.1,8.3,2.85,348.0,1.6,0.023,0.007,0.64,0.67,1.0,"<0,006",0.025,,5.77,,,,,,,,,,,,,,,,,,,,,,,,,,,,,,,,,,,,,,,,,,,,,,,,,,,,,,,,,,,,,,,,,,,,,,,,,,,,,,,,,,,,,,,,,
datasets/gov/aaa/ezeru_monitoringas/EzeruValstybinioMonitoringoDuomenys,7e8bfed8-4f40-46bf-942c-4707f373c9a9,769f9385-d2dd-4091-ba79-7334fbb041a4,,Utenos,Stirniai,LTL343,Stirniai,POINT (6124518 605749),2019-08-12,20.3,<2,2.5,6.1,8.6,5.1,241.0,2.1,"<0,014","<0,001",0.02,0.035,0.56,0.002,0.011,,2.5,,,,,,,,,,,,,,,,,,,,,,,,,,,,,,,,,,,,,,,,,,,,,,,,,,,,,,,,,,,,,,,,,,,,,,,,,,,,,,,,,,,,,,,,,
datasets/gov/aaa/ezeru_monitoringas/EzeruValstybinioMonitoringoDuomenys,7ec0c402-9085-42fe-885c-f0cae2d3b533,c666ffeb-7ace-4527-8faf-3762b1196a31,,Utenos,Šiurpys,LTL311,Šiurpys,POINT (6169946 635569),2021-01-25,0.7,<2,1.1,15.6,8.1,10.8,121.0,2.4,0.18,0.001,0.07,0.251,0.6,0.006,0.009,,,,,,,,,,,,,,,,,,,,,,,,,,,,,,,,,,,,,,,,,,,,,,,,,,,,,,,,,,,,,,,,,,,,,,,,,,,,,,,,,,,,,,,,,,,
datasets/gov/aaa/ezeru_monitoringas/EzeruValstybinioMonitoringoDuomenys,7ec8c90f-14be-465c-87c6-a28ca6684389,00487b2a-52cb-4088-89ed-fe5c5aac8a70,,Alytaus,Simno ežeras,LTL196,Simno ežeras,POINT (6029242 476810),2017-08-21,21.8,18,3.9,7.8,8.5,0.9,370.0,4.4,0.05,0.002,0.07,0.122,0.9,0.011,0.12,,63.2,,,,,,,,,,,,,,,,,,,,,,,,,,,,,,,,,,,,,,,,,,,,,,,,,,,,,,,,,,,,,,,,,,,,,,,,,,,,,,,,,,,,,,,,,
datasets/gov/aaa/ezeru_monitoringas/EzeruValstybinioMonitoringoDuomenys,7ecab323-d24b-44cd-9025-07412319d1bd,7a3c56de-7f73-4b25-b8d5-dbcc6f82556f,,Vilniaus,Ilgas,LTL359,Ilgas,POINT (6095729 600167),2020-05-20,11.8,2.2,2.6,10.7,8.24,1.6,280.0,2.6,0.062,0.018,0.387,0.467,0.742,"<0,015",0.03,,6.9,,,,,,,,,,,,,,,,,,,,,,,,,,,,,,,,,,,,,,,,,,,,,,,,,,,,,,,,,,,,,,,,,,,,,,,,,,,,,,,,,,,,,,,,,
datasets/gov/aaa/ezeru_monitoringas/EzeruValstybinioMonitoringoDuomenys,7ef73304-c609-4711-ad27-f5697e46a745,ef1f71c1-fd53-4063-8003-6413b0b37218,,Utenos,Aisetas,LTL336,Aisetas,POINT (6134224 615363),2021-05-06,7.5,<2,3.2,12.5,8.14,4.2,358.0,1,"<0,02","<0,005",0.234,0.259,0.59,"<0,015",0.018,,2.6,,,,,,,,,,,,,,,,,,,,,,,,,,,,,,,,,,,,,,,,,,,,,,,,,,,,,,,,,,,,,,,,,,,,,,,,,,,,,,,,,,,,,,,,,
datasets/gov/aaa/ezeru_monitoringas/EzeruValstybinioMonitoringoDuomenys,7f0c9286-5ac1-4304-962f-1bf937aa90ce,6555b190-9d8b-42fc-b184-6323b5f2157b,,Alytaus,Jiezno ežeras,LTL463,Jiezno ež.,POINT (6050851 511323),2021-05-24,16.5,2,3.5,9.8,8.8,0.7,445.0,10,0.03,0.008,0.07,0.108,1.3,0.025,0.081,,54.5,,,,,,,,,,,,,,,,,,,,,,,,,,,,,,,,,,,,,,,,,,,,,,,,,,,,,,,,,,,,,,,,,,,,,,,,,,,,,,,,,,,,,,,,,
datasets/gov/aaa/ezeru_monitoringas/EzeruValstybinioMonitoringoDuomenys,7f1e82b4-5850-4a2b-b61b-5d1ca044e6ca,1d3413f7-2038-4d73-8ea3-b53a9cb3e871,,Utenos,Bebrusai,LTL345,Bebrusai,POINT (6118115 593491),2020-07-21,23.5,4.9,3.4,10.6,8.89,1.3,357.0,2,0.021,0.006,0.162,0.189,0.54,"<0,015","<0,015",,7.1,,,,,,,,,,,,,,,,,,,,,,,,,,,,,,,,,,,,,,,,,,,,,,,,,,,,,,,,,,,,,,,,,,,,,,,,,,,,,,,,,,,,,,,,,
datasets/gov/aaa/ezeru_monitoringas/EzeruValstybinioMonitoringoDuomenys,7f3f4d16-bf62-4dfd-b9a2-05f7a93340bf,143bbd95-7227-466b-9b82-0237c0c013fa,,Utenos,Alnis,LTL65,Alnis,POINT (6127535 606156),2018-04-18,7.6,2.1,1.8,85.284,8.4,7.4,176.0,2.1,0.18,0.002,0.06,0.242,0.77,0.002,"<0,0083",,5.69,,,,,,,,,,,,,,,,,,,,,,,,,,,,,,,,,,,,,,,,,,,,,,,,,,,,,,,,,,,,,,,,,,,,,,,,,,,,,,,,,,,,,,,,,
datasets/gov/aaa/ezeru_monitoringas/EzeruValstybinioMonitoringoDuomenys,7f799c9d-7408-4921-8301-b3ed5068f18f,a89c4f48-3a1d-4d62-a11a-30d0fd26b54e,,Vilniaus,Pikeliškių ežeras(ež.Žalesas),LTL364,Pikeliškių ežeras (ež.Žalesas),POINT (6082605 581424),2020-08-20,21.9,3.9,3.4,7.8,8.77,1.7,406.0,1.9,"<0,015","<0,005",0.096,0.116,0.198,"<0,015","<0,015",,11.8,,,,,,,,,,,,,,,,,,,,,,,,,,,,,,,,,,,,,,,,,,,,,,,,,,,,,,,,,,,,,,,,,,,,,,,,,,,,,,,,,,,,,,,,,
datasets/gov/aaa/ezeru_monitoringas/EzeruValstybinioMonitoringoDuomenys,7f83141a-0be7-4ad3-8405-44c3d94a228b,c07d6500-e659-4ba5-9361-aedd16296d02,,Utenos,Asalnai,LTL324,Asalnai,POINT (6137224 629487),2019-05-16,12.6,<2,3.5,11.8,8.9,4.4,329.0,2.3,"<0,014","<0,001",0.03,0.045,0.32,0.002,0.01,,5.3,,,,,,,,,,,,,,,,,,,,,,,,,,,,,,,,,,,,,,,,,,,,,,,,,,,,,,,,,,,,,,,,,,,,,,,,,,,,,,,,,,,,,,,,,
datasets/gov/aaa/ezeru_monitoringas/EzeruValstybinioMonitoringoDuomenys,7f9cb2f9-8ee2-44b5-9b67-b9ad837cb22f,744325b7-9641-4812-8220-7da010ba0de7,,Utenos,Dringis,LTL229,Dringis,POINT (6139620 633099),2019-07-30,21.7,<2,3.2,10.4,8.7,6.6,306.0,0.71,"<0,014","<0,001",0.03,0.045,0.41,"<0,002",0.011,,1.6,,,,,,,,,,,,,,,,,,,,,,,,,,,,,,,,,,,,,,,,,,,,,,,,,,,,,,,,,,,,,,,,,,,,,,,,,,,,,,,,,,,,,,,,,
datasets/gov/aaa/ezeru_monitoringas/EzeruValstybinioMonitoringoDuomenys,7fa17de2-3c4c-458c-8606-be1c38c76283,d4d6c6f2-c0a4-4d0f-9ff0-c27d06871977,,Vilniaus,Gelvanės ežeras,LTL520,Gelvanės ežeras,POINT (6101212 550083),2017-10-09,9.6,2.7,2.9,9.7,7.87,1.1,324.0,2.7,0.025,0.004,0.069,0.098,0.889,"<0,014",0.043,,5.2,,,,,,,,,,,,,,,,,,,,,,,,,,,,,,,,,,,,,,,,,,,,,,,,,,,,,,,,,,,,,,,,,,,,,,,,,,,,,,,,,,,,,,,,,
datasets/gov/aaa/ezeru_monitoringas/EzeruValstybinioMonitoringoDuomenys,7fa80730-d2c1-46f3-980a-85e5d30e1120,3b0572d9-5c49-4daa-8fd8-2f1120e22150,,Utenos,Čičirys,LTL222,Čičirys,POINT (6187704 628556),2019-04-24,10.3,<2,3.2,13.2,8.5,5.0,318.0,1.5,0.02,0.003,0.09,0.113,0.49,0.003,0.013,,3.7,,,,,,,,,,,,,,,,,,,,,,,,,,,,,,,,,,,,,,,,,,,,,,,,,,,,,,,,,,,,,,,,,,,,,,,,,,,,,,,,,,,,,,,,,
datasets/gov/aaa/ezeru_monitoringas/EzeruValstybinioMonitoringoDuomenys,7fb1d197-3865-43ef-b1c5-bfc07aa99514,94a3b52b-1a26-4cf9-8ca1-b39917fbeb97,,Alytaus RAAD,Pabezninkų ežeras,LTL375,Pabezninkų ež.,,2022-05-05,12.8,5,1.1,8.3,6.0,0.55,60.0,3.4,0.02,0.003,0.12,0.143,2.2,0.02,0.066,,11.1,,,,,,,,,,,,,,,,,,,,,,,,,,,,,,,,,,,,,,,,,,,,,,,,,,,,,,,,,,,,,,,,,,,,,,,,,,,,,,,,,,,,,,,,,
datasets/gov/aaa/ezeru_monitoringas/EzeruValstybinioMonitoringoDuomenys,7fe39922-214c-44f8-90bc-791ea05fc2d0,395fce53-5aea-4d99-93ca-138b99335c20,,Alytaus,Niedus,LTL240,Niedus,POINT (5986223 475252),2020-05-14,13.8,7,3.5,11.6,8.6,2.6,353.0,3.6,0.02,0.006,0.03,0.7,0.056,0.009,0.051,,6.1,,,,,,,,,,,,,,,,,,,,,,,,,,,,,,,,,,,,,,,,,,,,,,,,,,,,,,,,,,,,,,,,,,,,,,,,,,,,,,,,,,,,,,,,,
datasets/gov/aaa/ezeru_monitoringas/EzeruValstybinioMonitoringoDuomenys,7fe7255d-aeb9-47d7-8a4a-5e06ea0c92f7,d3b7d199-76a7-4d01-a11a-da86bea22184,,Alytaus RAAD,Pabezninkų ežeras,LTL375,Pabezninkų ež.,,2022-08-29,23.9,2,2.1,4.7,5.2,0.4,50.0,3.7,0.04,0.004,0.1,0.144,1.9,0.011,0.066,,18.3,,,,,,,,,,,,,,,,,,,,,,,,,,,,,,,,,,,,,,,,,,,,,,,,,,,,,,,,,,,,,,,,,,,,,,,,,,,,,,,,,,,,,,,,,
datasets/gov/aaa/ezeru_monitoringas/EzeruValstybinioMonitoringoDuomenys,7ffd212f-83b0-4389-8856-cc09e9ca952a,067e7ea1-9fe6-4fd3-a2c1-86a53472af16,,Šiaulių,Alsėdžių ežeras,LTL258,Alsėdžių ežeras,POINT (6207315 379242),2020-04-27,11.0,7.4,2.9,9.3,8.8,1.1,317.0,3.8,0.03,0.005,0.11,0.145,0.87,"<0,005",0.043,,37.3,,,,,,,,,,,,,,,,,,,,,,,,,,,,,,,,,,,,,,,,,,,,,,,,,,,,,,,,,,,,,,,,,,,,,,,,,,,,,,,,,,,,,,,,,
datasets/gov/aaa/ezeru_monitoringas/EzeruValstybinioMonitoringoDuomenys,80134e63-46ad-41e2-8b41-096655bdad7b,698bc304-1918-4287-b0cd-d3b6bfec6364,,Utenos RAAD,Ūsiai,LTL326,Ūsiai,,2022-07-25,22.2,<2,2.9,9.8,8.61,3.6,262.0,1.7,0.026,"<0,005",0.051,0.082,0.67,"<0,015","<0,015",,9.7,,,,,,,,,,,,,,,,,,,,,,,,,,,,,,,,,,,,,,,,,,,,,,,,,,,,,,,,,,,,,,,,,,,,,,,,,,,,,,,,,,,,,,,,,
datasets/gov/aaa/ezeru_monitoringas/EzeruValstybinioMonitoringoDuomenys,807b9fe7-bae6-4d0c-84d7-48ff4a9e53b5,1ed8fa99-7b2c-41c3-ae95-baf0d143777d,,Vilniaus,Kančioginas,LTL386,Kančioginas,POINT (6122858 648752),2021-08-24,19.0,2.2,3.3,8.9,8.41,2.7,358.0,2.9,0.078,"<0,005",0.033,0.116,0.788,"<0,015",0.016,,15.84,,,,,,,,,,,,,,,,,,,,,,,,,,,,,,,,,,,,,,,,,,,,,,,,,,,,,,,,,,,,,,,,,,,,,,,,,,,,,,,,,,,,,,,,,
datasets/gov/aaa/ezeru_monitoringas/EzeruValstybinioMonitoringoDuomenys,80895c29-0250-439b-9d56-802e061bd534,e0ff3b03-e8db-4897-b636-27650081a811,,Vilniaus,Antakmenių ežeras,LTL115,Antakmenių ežeras,POINT (6052356 536423),2019-08-29,21.8,5.5,3.2,7.8,8.5,3.3,298.0,2.8,0.12,0.006,0.09,0.216,0.5,0.014,0.025,,37.0,,,,,,,,,,,,,,,,,,,,,,,,,,,,,,,,,,,,,,,,,,,,,,,,,,,,,,,,,,,,,,,,,,,,,,,,,,,,,,,,,,,,,,,,,
datasets/gov/aaa/ezeru_monitoringas/EzeruValstybinioMonitoringoDuomenys,80b13ed1-cafe-4ad7-b4eb-ce00658c35c8,65f4e8f1-fc14-4346-b410-bcb47ed6b34e,,Utenos,Stirniai,LTL343,Stirniai,POINT (6124518 605749),2021-08-19,19.6,<2,2.5,8.5,8.4,5.6,227.0,0.95,0.03,0.091,0.03,0.151,0.32,0.003,0.016,,3.11,,,,,,,,,,,,,,,,,,,,,,,,,,,,,,,,,,,,,,,,,,,,,,,,,,,,,,,,,,,,,,,,,,,,,,,,,,,,,,,,,,,,,,,,,
datasets/gov/aaa/ezeru_monitoringas/EzeruValstybinioMonitoringoDuomenys,80cc2ac0-ba62-404a-9db4-7c3ae4de7193,5a7bfc65-f0f9-4f12-8a84-ff0ce4ff3bbf,,Alytaus,Niedulis,LTL456,Niedulis,POINT (6028535 523800),2019-05-13,14.2,7.5,3.2,9.9,8.6,1.9,445.0,3.9,0.05,0.008,0.092,0.15,1.6,0.007,0.04,,16.4,,,,,,,,,,,,,,,,,,,,,,,,,,,,,,,,,,,,,,,,,,,,,,,,,,,,,,,,,,,,,,,,,,,,,,,,,,,,,,,,,,,,,,,,,
datasets/gov/aaa/ezeru_monitoringas/EzeruValstybinioMonitoringoDuomenys,813ec727-2b11-4a69-8776-1bffc1d0d9dc,9de2e6bf-5c3f-447a-965e-c86b489ec002,,Utenos,Šventas,LTL39,Šventas,POINT (6166706 644760),2017-10-11,10.8,"<1,7",0.97,7.1,8.3,7.6,92.0,0.7,0.03,0.001,0.06,0.091,0.41,"<0,002","<0,0083",,21.9,,,,,,,,,,,,,,,,,,,,,,,,,,,,,,,,,,,,,,,,,,,,,,,,,,,,,,,,,,,,,,,,,,,,,,,,,,,,,,,,,,,,,,,,,
datasets/gov/aaa/ezeru_monitoringas/EzeruValstybinioMonitoringoDuomenys,816e17c6-8d07-4227-a405-b5261f40a954,24c0d1c8-dfa1-4b6c-9745-58b2fe6eb663,,Utenos,Ilmėdas,LTL351,Ilmėdas,POINT (6126210 598293),2021-10-11,10.5,<2,2.8,8.6,8.17,4.4,316.0,2.2,"<0,02","<0,005",0.016,0.041,0.212,"<0,015",0.029,,5.18,,,,,,,,,,,,,,,,,,,,,,,,,,,,,,,,,,,,,,,,,,,,,,,,,,,,,,,,,,,,,,,,,,,,,,,,,,,,,,,,,,,,,,,,,
datasets/gov/aaa/ezeru_monitoringas/EzeruValstybinioMonitoringoDuomenys,81c05adb-e628-46f7-9bb8-551a5c0af37b,97b8798f-c0c3-4fdc-8d75-d7f57cfcf5fb,,Utenos,Alnis,LTL65,Alnis,POINT (6127535 606156),2020-08-11,23.0,<2,1.8,9.6,8.9,6.2,142.0,1.1,0.02,0.002,0.02,0.042,0.28,"<0,002","<0,0081",,2.9,,,,,,,,,,,,,,,,,,,,,,,,,,,,,,,,,,,,,,,,,,,,,,,,,,,,,,,,,,,,,,,,,,,,,,,,,,,,,,,,,,,,,,,,,
datasets/gov/aaa/ezeru_monitoringas/EzeruValstybinioMonitoringoDuomenys,81cf7e73-590f-46fa-9ef1-ac95a4fe5426,5959e005-d5fd-4f1c-b65d-74b6e2fd0e30,,Utenos,Suvieko ežeras,LTL304,Suvieko ežeras,POINT (6192624 632087),2020-07-23,21.0,<2,3.1,8.2,8.3,3.4,310.0,1.4,"<0,014",0.006,0.04,0.06,0.35,0.002,0.013,,3.9,,,,,,,,,,,,,,,,,,,,,,,,,,,,,,,,,,,,,,,,,,,,,,,,,,,,,,,,,,,,,,,,,,,,,,,,,,,,,,,,,,,,,,,,,
datasets/gov/aaa/ezeru_monitoringas/EzeruValstybinioMonitoringoDuomenys,820ade4c-22b6-4ddc-a9b5-10d8a8b6df03,9510ea2e-86d0-46bf-8303-871b5a5c3ffa,,Šiaulių,Alsėdžių ežeras,LTL258,Alsėdžių ežeras,POINT (6207315 379242),2020-09-23,15.0,8.6,4.0,8.6,8.0,1.8,360.0,2.7,0.029,0.002,0.031,0.062,1.1,"<0,005",0.033,,18.94,,,,,,,,,,,,,,,,,,,,,,,,,,,,,,,,,,,,,,,,,,,,,,,,,,,,,,,,,,,,,,,,,,,,,,,,,,,,,,,,,,,,,,,,,
datasets/gov/aaa/ezeru_monitoringas/EzeruValstybinioMonitoringoDuomenys,8219e248-9f74-4672-888e-581d6eda839e,e0e9607a-75d7-4f50-8602-de76baaa2601,,Alytaus,Varėnos m. I tvenkinys,LTL538,Varėnos m. I tvenkinys,POINT (6010118 537245),2017-07-20,22.2,5.5,4.1,11.0,8.6,1.8,313.0,5.4,0.03,0.003,0.06,0.093,0.5,"<0,006",0.035,,25.3,,,,,,,,,,,,,,,,,,,,,,,,,,,,,,,,,,,,,,,,,,,,,,,,,,,,,,,,,,,,,,,,,,,,,,,,,,,,,,,,,,,,,,,,,
datasets/gov/aaa/ezeru_monitoringas/EzeruValstybinioMonitoringoDuomenys,822ece82-f2fc-4a33-a128-d5e2fedaae52,ffe8ca08-51e6-41ae-b1aa-f224666ee33b,,Utenos,Ūkojas,LTL221,Ūkojas,POINT (6139248 624905),2018-07-18,23.2,3.1,3.7,121.749,9.1,3,339.0,2,"<0,014",0.002,0.03,0.046,0.45,0.002,0.01,,4.4,,,,,,,,,,,,,,,,,,,,,,,,,,,,,,,,,,,,,,,,,,,,,,,,,,,,,,,,,,,,,,,,,,,,,,,,,,,,,,,,,,,,,,,,,
datasets/gov/aaa/ezeru_monitoringas/EzeruValstybinioMonitoringoDuomenys,8234c77f-05c8-4898-9481-43170564ea3c,d83283dd-a898-4466-b027-031d9e9facdc,,Vilniaus,Gelvanės ežeras,LTL520,Gelvanės ežeras,POINT (6101212 550083),2017-08-30,17.3,12,3.6,7.9,8.35,0.9,329.0,3.0,0.027,0.004,0.162,0.193,0.842,"<0,014",0.041,,15.9,,,,,,,,,,,,,,,,,,,,,,,,,,,,,,,,,,,,,,,,,,,,,,,,,,,,,,,,,,,,,,,,,,,,,,,,,,,,,,,,,,,,,,,,,
datasets/gov/aaa/ezeru_monitoringas/EzeruValstybinioMonitoringoDuomenys,82519cd9-b6d5-422f-8af7-c4b2422b89c7,6ec0b579-ae1f-4a05-92b6-e125fcca9d5b,,Utenos,Baluošas,LTL211,Baluošas,POINT (6142721 628235),2019-08-26,21.9,<2,3.2,8.8,8.6,5.0,294.0,1.1,0.02,"<0,001",0.05,0.071,0.2,0.003,"<0,0081",,2.8,,,,,,,,,,,,,,,,,,,,,,,,,,,,,,,,,,,,,,,,,,,,,,,,,,,,,,,,,,,,,,,,,,,,,,,,,,,,,,,,,,,,,,,,,
datasets/gov/aaa/ezeru_monitoringas/EzeruValstybinioMonitoringoDuomenys,8280afee-712f-4287-b957-c7a3fed7f021,9b49df04-6a69-4eab-988d-52fc0b077c09,,Utenos,Čičirys,LTL222,Čičirys,POINT (6187704 628556),2019-09-11,19.5,<2,3.1,8.7,8.6,5.6,292.0,1.4,0.02,"<0,001",0.04,0.06,0.55,"<0,002",0.009,,3.7,,,,,,,,,,,,,,,,,,,,,,,,,,,,,,,,,,,,,,,,,,,,,,,,,,,,,,,,,,,,,,,,,,,,,,,,,,,,,,,,,,,,,,,,,
datasets/gov/aaa/ezeru_monitoringas/EzeruValstybinioMonitoringoDuomenys,8287d14c-17da-4b5a-8b7b-046efabca9c1,e1efae0a-e5c9-48e7-9dcf-3f881da85067,,Šiaulių,Platelių ežeras,LTL34,Plateliai,POINT (6214390 366955),2020-04-21,9.0,"<1,6",1.9,9.6,8.8,7.3,182.0,1.7,0.03,0.001,0.088,0.119,0.57,"<0,005",0.018,,3.55,,,,,,,,,,,,,,,,,,,,,,,,,,,,,,,,,,,,,,,,,,,,,,,,,,,,,,,,,,,,,,,,,,,,,,,,,,,,,,,,,,,,,,,,,
datasets/gov/aaa/ezeru_monitoringas/EzeruValstybinioMonitoringoDuomenys,82d2e157-a203-455b-bbc8-ac0d19923286,b30a0c3c-4f8f-4180-a878-7b8aac430f3c,,Vilniaus,Kančioginas,LTL386,Kančioginas,POINT (6122858 648752),2021-07-21,25.0,2.3,3.6,7.8,8.31,2.4,369.0,1.7,"<0,02","<0,005",0.037,0.062,0.133,"<0,015","<0,015",,6.2,,,,,,,,,,,,,,,,,,,,,,,,,,,,,,,,,,,,,,,,,,,,,,,,,,,,,,,,,,,,,,,,,,,,,,,,,,,,,,,,,,,,,,,,,
datasets/gov/aaa/ezeru_monitoringas/EzeruValstybinioMonitoringoDuomenys,82e21fa9-e113-441d-8fff-c8db331765b3,ebff5a71-c8b3-432f-91aa-968f9d1cd09c,,Utenos,Vasaknas,LTL297,Vasaknas,POINT (6173874 612109),2020-05-07,11.6,<2,2.6,12.8,8.6,4.2,288.0,1.4,0.02,0.001,0.04,0.061,0.49,0.002,0.013,,5.6,,,,,,,,,,,,,,,,,,,,,,,,,,,,,,,,,,,,,,,,,,,,,,,,,,,,,,,,,,,,,,,,,,,,,,,,,,,,,,,,,,,,,,,,,
datasets/gov/aaa/ezeru_monitoringas/EzeruValstybinioMonitoringoDuomenys,82fb5139-847c-4d08-a443-d323794a3ae2,aebc1fc9-70e4-48a2-a93c-6ceae86d02f1,,Šiaulių,Petraičių tvenkinys,LTL545,Petraičių tvenkinys,POINT (6198329 474729),2017-09-27,15.0,<2,5.6,6.4,8.2,1.4,880.0,2.7,0.036,0.12,4.6,4.756,4.9,0.048,0.11,,12.3,,,,,,,,,,,,,,,,,,,,,,,,,,,,,,,,,,,,,,,,,,,,,,,,,,,,,,,,,,,,,,,,,,,,,,,,,,,,,,,,,,,,,,,,,
datasets/gov/aaa/ezeru_monitoringas/EzeruValstybinioMonitoringoDuomenys,82ff55e0-5ca8-4c18-9750-da4e34a41a0e,61445704-616b-4f14-9997-6eb13d2c822d,,Kauno,Krivėnų tvenkinys,LTL413,Krivėnų tvenkinys,POINT (6109207 484509),2017-08-23,20.6,4.9,4.4,8.1,8.6,1.2,559.0,3.0,0.045,0.047,2.7,2.792,4.0,"<0,006",0.045,,4.2,,,,,,,,,,,,,,,,,,,,,,,,,,,,,,,,,,,,,,,,,,,,,,,,,,,,,,,,,,,,,,,,,,,,,,,,,,,,,,,,,,,,,,,,,
datasets/gov/aaa/ezeru_monitoringas/EzeruValstybinioMonitoringoDuomenys,831d2aa4-6fd0-43bd-8eb9-1b54da61803e,94971f5e-e969-4d65-9227-fd4a60ddc5b8,,Panevėžio,Sartai,LTL169,Sartai,POINT (6188825 615033),2018-08-20,21.5,2.1,4.4,101.714,8.5,3.1,385.0,2.1,"<0,014","<0,001",0.05,0.065,0.53,0.003,0.02,,7.6,,,,,,,,,,,,,,,,,,,,,,,,,,,,,,,,,,,,,,,,,,,,,,,,,,,,,,,,,,,,,,,,,,,,,,,,,,,,,,,,,,,,,,,,,
datasets/gov/aaa/ezeru_monitoringas/EzeruValstybinioMonitoringoDuomenys,83347b0f-eb9b-4750-8e3c-6816e982b846,b18f92fd-2352-4e91-8e76-6a7c35417c2e,,Vilniaus RAAD,Bagdanonių HE tvenkinys,LTL537,Bagdononių HE tvenkinys,,2022-09-20,14.4,<2,3.5,9.3,8.12,3.2,365.0,1.5,0.021,"<0,005",0.022,0.048,0.425,"<0,015","<0,015",,6.6,,,,,,,,,,,,,,,,,,,,,,,,,,,,,,,,,,,,,,,,,,,,,,,,,,,,,,,,,,,,,,,,,,,,,,,,,,,,,,,,,,,,,,,,,
datasets/gov/aaa/ezeru_monitoringas/EzeruValstybinioMonitoringoDuomenys,834d91e6-d9cf-4c29-9cb5-f3879c95b7d6,e7b930ab-c686-48d9-9883-3a8f3e66dd66,,Utenos,Čičirys,LTL222,Čičirys,POINT (6187704 628556),2019-01-30,1.4,<2,3.4,11.1,8.3,6.2,346.0,2.4,"<0,014",0.002,0.14,0.156,0.41,0.005,0.012,,,,,,,,,,,,,,,,,,,,,,,,,,,,,,,,,,,,,,,,,,,,,,,,,,,,,,,,,,,,,,,,,,,,,,,,,,,,,,,,,,,,,,,,,,,
datasets/gov/aaa/ezeru_monitoringas/EzeruValstybinioMonitoringoDuomenys,835275c8-d38b-46ff-b5dd-0ea6ec4288e7,07d96a19-f640-4920-8700-fbd949a455c7,,Vilniaus,Ilgajis,LTL279,Ilgajis,POINT (6130564 536518),2019-08-28,22.3,20,2.7,13.1,8.68,0.6,337.0,5.3,0.023,0.009,0.039,0.071,1.34,"<0,015",0.015,,53.0,,,,,,,,,,,,,,,,,,,,,,,,,,,,,,,,,,,,,,,,,,,,,,,,,,,,,,,,,,,,,,,,,,,,,,,,,,,,,,,,,,,,,,,,,
datasets/gov/aaa/ezeru_monitoringas/EzeruValstybinioMonitoringoDuomenys,83a11bf2-4ed8-4137-a531-d1c1b8c0d307,06bdc462-c365-4992-815e-69bc8174e9f7,,Utenos,Ilgiai,LTL397,Ilgiai,POINT (6157143 654481),2018-08-27,20.7,2.9,4.4,97.753,8.5,2.4,407.0,2.1,"<0,014","<0,001",0.05,0.065,0.76,0.004,0.018,,10.2,,,,,,,,,,,,,,,,,,,,,,,,,,,,,,,,,,,,,,,,,,,,,,,,,,,,,,,,,,,,,,,,,,,,,,,,,,,,,,,,,,,,,,,,,
datasets/gov/aaa/ezeru_monitoringas/EzeruValstybinioMonitoringoDuomenys,83d001ea-7307-42c8-a9b9-74fa68395dc8,1d6195db-1dfb-4bd9-a37d-aa339a78386b,,Utenos,Ilgiai,LTL397,Ilgiai,POINT (6157143 654481),2018-10-10,11.6,2.8,4.5,85.714,8.4,1.8,438.0,2.3,0.05,0.001,0.04,0.091,0.4,0.002,0.026,,13.2,,,,,,,,,,,,,,,,,,,,,,,,,,,,,,,,,,,,,,,,,,,,,,,,,,,,,,,,,,,,,,,,,,,,,,,,,,,,,,,,,,,,,,,,,
datasets/gov/aaa/ezeru_monitoringas/EzeruValstybinioMonitoringoDuomenys,840f8379-b6ce-4807-9801-931222a93504,86553306-b316-4139-9c46-70904973a75d,,Šiaulių,Platelių ežeras,LTL34,Plateliai,POINT (6214390 366955),2018-08-29,20.0,<2,1.7,,7.6,6.5,172.0,2,0.018,0.002,"<0,003",0.023,0.42,"<0,005",0.014,,1.22,,,,,,,,,,,,,,,,,,,,,,,,,,,,,,,,,,,,,,,,,,,,,,,,,,,,,,,,,,,,,,,,,,,,,,,,,,,,,,,,,,,,,,,,,
datasets/gov/aaa/ezeru_monitoringas/EzeruValstybinioMonitoringoDuomenys,8467f692-ada8-485b-8e10-9d40bb8f6fb6,4f5d397d-139d-4be5-9d90-728eaed98825,,Vilniaus RAAD,Vajuonis,LTL325,Vajuonis,,2022-07-20,19.9,<2,4.3,9.2,8.48,3.2,323.0,1.3,"<0,020","<0,005",0.046,0.068,0.428,"<0,015",0.015,,7.8,,,,,,,,,,,,,,,,,,,,,,,,,,,,,,,,,,,,,,,,,,,,,,,,,,,,,,,,,,,,,,,,,,,,,,,,,,,,,,,,,,,,,,,,,
datasets/gov/aaa/ezeru_monitoringas/EzeruValstybinioMonitoringoDuomenys,84b6265c-f18a-49c1-9d79-bfc27173d5fd,e5e6d933-f8af-486f-92ea-33a30277939e,,Šiaulių,Talkša,LTL267,Talkša,POINT (6200045 458364),2020-08-19,22.0,6.4,3.8,8.0,8.5,1.2,641.0,2.9,0.035,0.001,0.016,0.052,1.3,"<0,005",0.091,,16.87,,,,,,,,,,,,,,,,,,,,,,,,,,,,,,,,,,,,,,,,,,,,,,,,,,,,,,,,,,,,,,,,,,,,,,,,,,,,,,,,,,,,,,,,,
datasets/gov/aaa/ezeru_monitoringas/EzeruValstybinioMonitoringoDuomenys,85b23f28-8625-4d62-bec6-ed5b88229fcf,c94a5cb0-4f3b-45f1-aaed-c34f8d1b4a32,,Utenos,Stirniai,LTL343,Stirniai,POINT (6124518 605749),2019-07-10,17.8,<2,2.6,9.6,8.4,5.0,247.0,1.2,"<0,014","<0,001",0.02,0.035,0.46,"<0,002",0.012,,2.8,,,,,,,,,,,,,,,,,,,,,,,,,,,,,,,,,,,,,,,,,,,,,,,,,,,,,,,,,,,,,,,,,,,,,,,,,,,,,,,,,,,,,,,,,
datasets/gov/aaa/ezeru_monitoringas/EzeruValstybinioMonitoringoDuomenys,85b4014d-1ab5-4298-afe2-3f4ef7c31d21,c5894f50-ac68-4b8b-b5ef-3e9521687209,,Vilniaus,Bartkuškio tvenkinys,LTL128,Bartkuškio tvenkinys,POINT (6088672 560436),2019-07-30,23.5,"<1,9",5.4,8.76,8.15,1.4,511.0,2.2,"<0,015",0.009,0.04,0.064,0.187,0.023,0.026,,13.9,,,,,,,,,,,,,,,,,,,,,,,,,,,,,,,,,,,,,,,,,,,,,,,,,,,,,,,,,,,,,,,,,,,,,,,,,,,,,,,,,,,,,,,,,
datasets/gov/aaa/ezeru_monitoringas/EzeruValstybinioMonitoringoDuomenys,85c08740-bb87-48b4-91e6-ea7d1f9822aa,ecf375da-0f44-410c-a816-d5760e50e72a,,Alytaus,Krokialaukio tvenkinys,LTL188,Krokialaukio tvenkinys,POINT (6033768 482752),2017-08-21,22.1,7,5.1,5.7,8.0,1.7,418.0,4.5,0.07,0.002,0.2,0.272,0.9,0.027,0.13,,9.9,,,,,,,,,,,,,,,,,,,,,,,,,,,,,,,,,,,,,,,,,,,,,,,,,,,,,,,,,,,,,,,,,,,,,,,,,,,,,,,,,,,,,,,,,
datasets/gov/aaa/ezeru_monitoringas/EzeruValstybinioMonitoringoDuomenys,863d2e05-e921-4fe8-990f-1698f8c891ab,d05872ff-b274-41c4-b511-30bcca238c8c,,Klaipėdos,Padvarių tvenkinys,LTL257,Padvarių tvenkinys,POINT (6203287 328598),2018-04-25,10.0,4.4,2.9,,8.2,1.3,362.0,4.8,0.032,0.013,1.6,1.645,2.1,"<0,005",0.053,,21.1,,,,,,,,,,,,,,,,,,,,,,,,,,,,,,,,,,,,,,,,,,,,,,,,,,,,,,,,,,,,,,,,,,,,,,,,,,,,,,,,,,,,,,,,,
datasets/gov/aaa/ezeru_monitoringas/EzeruValstybinioMonitoringoDuomenys,863f1e77-3b73-4973-9b91-9b8354834970,c971adf0-d857-4a05-ac0c-84fe32e2790b,,Šiaulių,Ginkūnų tvenkinys,LTL272,Ginkūnų tvenkinys,POINT (6200978 460657),2019-08-26,23.0,"<1,6",1.8,6.9,7.7,1.5,561.0,3.6,0.047,0.002,0.015,0.064,1.3,"<0,005",0.019,,5.33,,,,,,,,,,,,,,,,,,,,,,,,,,,,,,,,,,,,,,,,,,,,,,,,,,,,,,,,,,,,,,,,,,,,,,,,,,,,,,,,,,,,,,,,,
datasets/gov/aaa/ezeru_monitoringas/EzeruValstybinioMonitoringoDuomenys,867468f2-c2d2-4b1b-923c-ff780c8684da,736f68ba-cb48-4ecf-9083-cf599ba85736,,Utenos,Galuonis,LTL341,Galuonis,POINT (6133821 609874),2021-09-30,11.4,<2,3.8,8.3,8.29,2.9,410.0,2.6,0.073,"<0,005",0.126,0.204,0.68,"<0,015",0.018,,3.55,,,,,,,,,,,,,,,,,,,,,,,,,,,,,,,,,,,,,,,,,,,,,,,,,,,,,,,,,,,,,,,,,,,,,,,,,,,,,,,,,,,,,,,,,
datasets/gov/aaa/ezeru_monitoringas/EzeruValstybinioMonitoringoDuomenys,869d7384-1660-4269-97dc-a6ce511fed47,40073ad0-e47e-45f0-a4da-ef939a117968,,Utenos,Kemėšys,LTL214,Kemešys,POINT (6139653 616527),2020-09-30,15.1,7.4,2.9,8.9,8.4,1.0,285.0,3.7,0.02,"<0,001",0.08,0.101,1.1,0.003,0.051,,24.8,,,,,,,,,,,,,,,,,,,,,,,,,,,,,,,,,,,,,,,,,,,,,,,,,,,,,,,,,,,,,,,,,,,,,,,,,,,,,,,,,,,,,,,,,
datasets/gov/aaa/ezeru_monitoringas/EzeruValstybinioMonitoringoDuomenys,870566da-4b37-4a1e-9209-d4caeb35c9b6,90a53118-2297-443b-8a36-838494ff854f,,Vilniaus,Ilgės,LTL135,Ilgės,POINT (6071412 538048),2017-08-31,16.6,2.4,3.6,7.5,8.16,1.3,390.0,4.7,0.13,0.008,0.042,0.18000000000000002,1.5,0.0048,0.0389,,21.5,,,,,,,,,,,,,,,,,,,,,,,,,,,,,,,,,,,,,,,,,,,,,,,,,,,,,,,,,,,,,,,,,,,,,,,,,,,,,,,,,,,,,,,,,
datasets/gov/aaa/ezeru_monitoringas/EzeruValstybinioMonitoringoDuomenys,8718ece5-72d5-456a-8e71-ae325c95e54e,45ae08f7-93d6-4c5c-8d5d-75be0282f6a0,,Vilniaus RAAD,Monis,LTL370,Monis,,2022-07-19,20.7,2.1,1.3,9.9,8.42,6.0,118.0,1.4,0.022,"<0,005",0.026,0.053,0.223,"<0,015",0.026,,1.5,,,,,,,,,,,,,,,,,,,,,,,,,,,,,,,,,,,,,,,,,,,,,,,,,,,,,,,,,,,,,,,,,,,,,,,,,,,,,,,,,,,,,,,,,
datasets/gov/aaa/ezeru_monitoringas/EzeruValstybinioMonitoringoDuomenys,873f63a6-379a-4d01-a7eb-eb7fb803f382,af821e87-0663-40d6-9f7d-e9f535fe3ed0,,Utenos,Asavas,LTL310,Asavas,POINT (6167521 638935),2019-09-12,19.6,2.3,2.9,8.5,8.5,2.6,276.0,1.9,"<0,014","<0,001",0.02,0.035,0.59,"<0,002",0.02,,6.9,,,,,,,,,,,,,,,,,,,,,,,,,,,,,,,,,,,,,,,,,,,,,,,,,,,,,,,,,,,,,,,,,,,,,,,,,,,,,,,,,,,,,,,,,
datasets/gov/aaa/ezeru_monitoringas/EzeruValstybinioMonitoringoDuomenys,874236ba-0362-4989-bd9b-52e38c83833c,e61512e1-7766-4f2e-a6d0-d90c287540e9,,Utenos,Almajas,LTL322,Almajas,POINT (6141249 625462),2020-07-27,22.4,<2,2.7,8.9,8.5,2.5,254.0,1.2,"<0,014",0.003,0.04,0.057,0.31,"<0,002","<0,0081",,2.8,,,,,,,,,,,,,,,,,,,,,,,,,,,,,,,,,,,,,,,,,,,,,,,,,,,,,,,,,,,,,,,,,,,,,,,,,,,,,,,,,,,,,,,,,
datasets/gov/aaa/ezeru_monitoringas/EzeruValstybinioMonitoringoDuomenys,877550cc-808e-4e8c-8f64-6847a791cfe3,433a943b-ea6a-4892-8fde-93ec607029f1,,Vilniaus RAAD,Didžiulis,LTL134,Didžiulis,,2022-05-04,11.2,6.9,3.5,12.98,8.97,1.6,388.0,3.7,0.047,0.028,1.5,1.575,1.81,"<0,015",0.044,,36.5,,,,,,,,,,,,,,,,,,,,,,,,,,,,,,,,,,,,,,,,,,,,,,,,,,,,,,,,,,,,,,,,,,,,,,,,,,,,,,,,,,,,,,,,,
datasets/gov/aaa/ezeru_monitoringas/EzeruValstybinioMonitoringoDuomenys,877b2300-eeec-436f-af81-33f226ae2fd4,690fc669-2267-4743-9d13-e2cf798dcd01,,Utenos,Galuonis,LTL341,Galuonis,POINT (6133821 609874),2021-07-19,26.5,3.2,3.6,8.9,8.51,2.0,408.0,1.9,"<0,02","<0,005",0.112,0.152,0.5,"<0,015","<0,015",,10.0,,,,,,,,,,,,,,,,,,,,,,,,,,,,,,,,,,,,,,,,,,,,,,,,,,,,,,,,,,,,,,,,,,,,,,,,,,,,,,,,,,,,,,,,,
datasets/gov/aaa/ezeru_monitoringas/EzeruValstybinioMonitoringoDuomenys,8783ece5-f09b-4e2d-8fac-56c20d70edd5,9038cd78-aac3-46ee-8600-98debca91b9c,,Vilniaus,Nikajis,LTL355,Nikajis,POINT (6103950 603917),2021-05-17,15.9,2.7,2.9,10.9,8.5,2.3,323.0,0.6,0.02,0.005,0.263,0.288,0.817,"<0,015",0.019,,6.3,,,,,,,,,,,,,,,,,,,,,,,,,,,,,,,,,,,,,,,,,,,,,,,,,,,,,,,,,,,,,,,,,,,,,,,,,,,,,,,,,,,,,,,,,
datasets/gov/aaa/ezeru_monitoringas/EzeruValstybinioMonitoringoDuomenys,8785ef60-cf29-4822-8f85-0b54e12e9987,0ce6142f-2789-47f7-beac-ff8b91303478,,Utenos,Asavas,LTL310,Asavas,POINT (6167521 638935),2021-01-25,0.4,<2,2.9,16.4,8.4,5.2,316.0,2.2,0.09,0.004,0.1,0.194,0.28,0.012,0.014,,,,,,,,,,,,,,,,,,,,,,,,,,,,,,,,,,,,,,,,,,,,,,,,,,,,,,,,,,,,,,,,,,,,,,,,,,,,,,,,,,,,,,,,,,,
datasets/gov/aaa/ezeru_monitoringas/EzeruValstybinioMonitoringoDuomenys,8790d28b-1adb-4eea-b9ba-71eb1d52fead,a590f319-0d84-488a-a29e-069cf5037010,,Vilniaus,Kančioginas,LTL386,Kančioginas,POINT (6122858 648752),2018-08-20,22.3,2.2,3.3,113.689,8.57,2.5,346.0,1.8,0.011,"<0,004",0.039,0.054,0.097,"<0,014",0.015,,9.2,,,,,,,,,,,,,,,,,,,,,,,,,,,,,,,,,,,,,,,,,,,,,,,,,,,,,,,,,,,,,,,,,,,,,,,,,,,,,,,,,,,,,,,,,
datasets/gov/aaa/ezeru_monitoringas/EzeruValstybinioMonitoringoDuomenys,879668a5-f304-498d-9e54-d026d6b83c56,261d03a0-d1f6-4bdd-b6a1-cce11ba9b97a,,Vilniaus,Labanoras,LTL337,Labanoras,POINT (6126686 614411),2021-05-04,8.9,2.2,2.5,10.11,8.15,3.1,272.0,2.5,"<0,02","<0,005",0.057,0.082,0.162,"<0,015",0.031,,10.4,,,,,,,,,,,,,,,,,,,,,,,,,,,,,,,,,,,,,,,,,,,,,,,,,,,,,,,,,,,,,,,,,,,,,,,,,,,,,,,,,,,,,,,,,
datasets/gov/aaa/ezeru_monitoringas/EzeruValstybinioMonitoringoDuomenys,879cbf59-4e24-41eb-8ce7-2e79bef0b2d8,8e530763-71fd-46d3-a1e1-a9fc3d15a6dc,,Utenos,Sągardas,LTL317,Sągardas,POINT (6152936 633556),2021-10-11,10.5,<2,1.9,9.7,8.1,6.1,171.0,2.7,0.02,0.028,0.15,0.198,0.52,"<0,002",0.012,,3.26,,,,,,,,,,,,,,,,,,,,,,,,,,,,,,,,,,,,,,,,,,,,,,,,,,,,,,,,,,,,,,,,,,,,,,,,,,,,,,,,,,,,,,,,,
datasets/gov/aaa/ezeru_monitoringas/EzeruValstybinioMonitoringoDuomenys,87ad817d-9a88-4842-9f81-cf4cad64ad05,67f4e319-e549-4a5c-8ff6-d6d003316fd9,,Klaipėdos,Balskų tvenkinys,LTL419,Balskų tvenkinys,POINT (6138066 382532),2019-08-19,22.0,18,3.7,9.2,8.0,1.0,330.0,7.3,0.048,0.001,0.018,0.067,1.3,"<0,005",0.096,,117.51,,,,,,,,,,,,,,,,,,,,,,,,,,,,,,,,,,,,,,,,,,,,,,,,,,,,,,,,,,,,,,,,,,,,,,,,,,,,,,,,,,,,,,,,,
datasets/gov/aaa/ezeru_monitoringas/EzeruValstybinioMonitoringoDuomenys,87e052c7-fd01-421f-b057-f90459c548e8,6ad1af2b-87ca-4490-af48-59936139df1f,,Utenos RAAD,Žiezdrelis,LTL529,Ziezdrelis,,2022-05-23,14.1,3.4,3.5,12.29,8.54,1.7,371.0,4.7,0.02,0.009,0.83,0.859,0.943,"<0,015","<0,015",,32.7,,,,,,,,,,,,,,,,,,,,,,,,,,,,,,,,,,,,,,,,,,,,,,,,,,,,,,,,,,,,,,,,,,,,,,,,,,,,,,,,,,,,,,,,,
datasets/gov/aaa/ezeru_monitoringas/EzeruValstybinioMonitoringoDuomenys,87ee3ca1-d51c-48b1-8bcf-1837f03c3b34,8f721a7a-b021-4cec-9742-560877b25c10,,Utenos RAAD,Luokesai,LTL158,Luokesai,,2022-09-19,15.4,<2,1.7,9.0,8.61,8.0,248.0,1.8,0.02,"<0,005",0.016,0.041,0.32,"<0,015","<0,015",,1.6,,,,,,,,,,,,,,,,,,,,,,,,,,,,,,,,,,,,,,,,,,,,,,,,,,,,,,,,,,,,,,,,,,,,,,,,,,,,,,,,,,,,,,,,,
datasets/gov/aaa/ezeru_monitoringas/EzeruValstybinioMonitoringoDuomenys,87f62932-bca9-46e8-946d-b6ca0fab9fd4,8b3d90f8-18c9-48ef-bf95-3c34dd6a301d,,Utenos,Šiurpys,LTL311,Šiurpys,POINT (6169946 635569),2019-10-09,10.7,2.3,1.0,7.9,8.1,7.4,99.0,1.2,0.07,"<0,001",0.01,0.081,0.63,"<0,002",0.012,,1.0,,,,,,,,,,,,,,,,,,,,,,,,,,,,,,,,,,,,,,,,,,,,,,,,,,,,,,,,,,,,,,,,,,,,,,,,,,,,,,,,,,,,,,,,,
datasets/gov/aaa/ezeru_monitoringas/EzeruValstybinioMonitoringoDuomenys,8800abb4-f587-457b-980a-948aee1d6392,bea1dee6-c022-44e2-ae43-47c69b96645c,,Alytaus,Latežeris,LTL513,Latežeris,POINT (5982569 506877),2017-09-25,15.4,18,3.4,10.8,8.5,1.0,261.0,4.1,0.05,0.004,0.05,0.104,0.9,0.016,0.12,,6.2,,,,,,,,,,,,,,,,,,,,,,,,,,,,,,,,,,,,,,,,,,,,,,,,,,,,,,,,,,,,,,,,,,,,,,,,,,,,,,,,,,,,,,,,,
datasets/gov/aaa/ezeru_monitoringas/EzeruValstybinioMonitoringoDuomenys,881deeaa-ee54-41c5-9e55-7aaa34f0c9da,10abbff9-62c0-4ce8-808d-893bba4b1ab1,,Utenos,Čičirys,LTL222,Čičirys,POINT (6187704 628556),2021-06-09,20.5,<2,3.2,10.3,8.5,4.8,287.0,1.4,"<0,014",0.001,0.07,0.085,0.44,0.005,0.015,,3.6,,,,,,,,,,,,,,,,,,,,,,,,,,,,,,,,,,,,,,,,,,,,,,,,,,,,,,,,,,,,,,,,,,,,,,,,,,,,,,,,,,,,,,,,,
datasets/gov/aaa/ezeru_monitoringas/EzeruValstybinioMonitoringoDuomenys,882b913e-c8ef-405a-ab02-139bcba5ff39,4d31400e-b3d4-4e35-a341-2c4c6f91ed07,,Utenos,Utenykštis,LTL320,Utenykštis,POINT (6147667 627613),2019-09-23,13.7,2.2,3.5,8.3,8.2,2.4,337.0,1.5,0.06,0.001,0.03,0.091,0.52,0.002,0.021,,11.3,,,,,,,,,,,,,,,,,,,,,,,,,,,,,,,,,,,,,,,,,,,,,,,,,,,,,,,,,,,,,,,,,,,,,,,,,,,,,,,,,,,,,,,,,
datasets/gov/aaa/ezeru_monitoringas/EzeruValstybinioMonitoringoDuomenys,886cd2e5-b6f4-4b6c-b728-e242d5a3790b,f3c72e25-178f-4ea5-8e3d-a91746d9b907,,Vilniaus RAAD,Lakajas,LTL353,Lakajas,,2022-05-19,14.7,2.4,2.7,10.3,8.43,3.0,265.0,2.5,0.03,"<0,005",0.089,0.124,0.63,"<0,015","<0,015",,4.0,,,,,,,,,,,,,,,,,,,,,,,,,,,,,,,,,,,,,,,,,,,,,,,,,,,,,,,,,,,,,,,,,,,,,,,,,,,,,,,,,,,,,,,,,
datasets/gov/aaa/ezeru_monitoringas/EzeruValstybinioMonitoringoDuomenys,88716fb7-5b1a-4f77-8795-61da7ac936f3,f68282c9-8df1-49dc-97af-a1f3a067ab3b,,Utenos,Išnarai,LTL344,Išnarai,POINT (6114181 602959),2020-10-01,14.5,3.2,2.7,9.8,7.85,1.5,311.0,1.7,0.02,"<0,005",0.048,0.073,0.14,"<0,015","<0,015",,5.9,,,,,,,,,,,,,,,,,,,,,,,,,,,,,,,,,,,,,,,,,,,,,,,,,,,,,,,,,,,,,,,,,,,,,,,,,,,,,,,,,,,,,,,,,
datasets/gov/aaa/ezeru_monitoringas/EzeruValstybinioMonitoringoDuomenys,887e0849-118d-4b57-99dc-5232ebfadb8d,006e0491-c689-44f4-adfc-6a99ce98eacb,,Panevėžio,Juodis,LTL541,Juodis,POINT (6148577 529911),2017-10-02,12.3,1.9,3.6,5.05,7.9,0.8,355.0,3.0,0.07,0.017,1.7,1.787,3.8,0.005,0.037,,4.74,,,,,,,,,,,,,,,,,,,,,,,,,,,,,,,,,,,,,,,,,,,,,,,,,,,,,,,,,,,,,,,,,,,,,,,,,,,,,,,,,,,,,,,,,
datasets/gov/aaa/ezeru_monitoringas/EzeruValstybinioMonitoringoDuomenys,88807c30-f667-4867-ae7f-5f7e273442ba,93996133-1473-497b-ae54-d76cb10d4103,,Utenos,Uolys,LTL533,Uolys,POINT (6166648 624213),2020-05-18,11.0,2.8,3.8,11.5,8.6,3.2,376.0,2.5,"<0,014",0.003,0.1,0.117,0.46,"<0,002",0.011,,6.1,,,,,,,,,,,,,,,,,,,,,,,,,,,,,,,,,,,,,,,,,,,,,,,,,,,,,,,,,,,,,,,,,,,,,,,,,,,,,,,,,,,,,,,,,
datasets/gov/aaa/ezeru_monitoringas/EzeruValstybinioMonitoringoDuomenys,889fb6f8-914f-49f8-a998-ccff8b4cb028,6b42dfc1-898b-4e0f-8073-276f326b0890,,Utenos,Alnis,LTL65,Alnis,POINT (6127535 606156),2021-06-10,23.1,<2,1.7,8.9,8.5,9.0,147.0,0.68,0.05,"<0,001",0.05,0.101,0.51,"<0,002","<0,0081",,2.4,,,,,,,,,,,,,,,,,,,,,,,,,,,,,,,,,,,,,,,,,,,,,,,,,,,,,,,,,,,,,,,,,,,,,,,,,,,,,,,,,,,,,,,,,
datasets/gov/aaa/ezeru_monitoringas/EzeruValstybinioMonitoringoDuomenys,88ae76bb-5d68-48a4-b456-3c553db42b7e,e9c32780-52ab-4199-873e-78c53d32b3fe,,Vilniaus,Šventas,LTL522,Šventas,POINT (6123837 641284),2019-09-18,15.7,2.4,4.9,7.54,7.6,1.2,398.0,3.4,0.062,"<0,005",0.03,0.097,0.414,0.015,0.041,,23.2,,,,,,,,,,,,,,,,,,,,,,,,,,,,,,,,,,,,,,,,,,,,,,,,,,,,,,,,,,,,,,,,,,,,,,,,,,,,,,,,,,,,,,,,,
datasets/gov/aaa/ezeru_monitoringas/EzeruValstybinioMonitoringoDuomenys,88c00bbd-5207-44b5-8914-0cda6910c4ed,16a237e7-9417-4891-baf2-958f8d40541c,,Šiaulių,Viekšnalių ežeras,LTL505,Viekšnalių ež.,POINT (6191599 405717),2018-05-02,13.0,4,3.7,,8.6,   Nematuota,357.0,1.4,0.011,0.002,0.014,0.027,0.72,"<0,005",0.04,,4.79,,,,,,,,,,,,,,,,,,,,,,,,,,,,,,,,,,,,,,,,,,,,,,,,,,,,,,,,,,,,,,,,,,,,,,,,,,,,,,,,,,,,,,,,,
datasets/gov/aaa/ezeru_monitoringas/EzeruValstybinioMonitoringoDuomenys,891effd1-7822-4b54-8416-5885bd209d65,924ccb9d-bfc0-4576-9c77-ace67ffb34d0,,Utenos,Laukesas,LTL527,Laukesas,POINT (6181714 644152),2017-07-20,20.4,5.3,3.6,12.2,8.8,1.8,332.0,3.6,"<0,014",0.009,0.07,0.093,0.66,"<0,002",0.019,,8.2,,,,,,,,,,,,,,,,,,,,,,,,,,,,,,,,,,,,,,,,,,,,,,,,,,,,,,,,,,,,,,,,,,,,,,,,,,,,,,,,,,,,,,,,,
datasets/gov/aaa/ezeru_monitoringas/EzeruValstybinioMonitoringoDuomenys,892f95bc-8064-4c24-9c73-80b7a93664d7,ea344450-0871-4bf1-aeb0-0e4d3a357cc5,,Aplinkos apsaugos departamento Šiaulių valdyba,Plinkšių ežeras,LTL434,Plinkšių ež.,,2022-08-17,25.0,1.5,3.9,6.1,8.1,2.9,349.0,1.3,0.029,"<0,001",0.003,0.033,0.74,"<0,006",0.025,,4.14,,,,,,,,,,,,,,,,,,,,,,,,,,,,,,,,,,,,,,,,,,,,,,,,,,,,,,,,,,,,,,,,,,,,,,,,,,,,,,,,,,,,,,,,,
datasets/gov/aaa/ezeru_monitoringas/EzeruValstybinioMonitoringoDuomenys,89361074-75dd-495b-818c-861a2b1290a5,ce5df5c9-d205-490f-a0d1-6b754ee504c5,,Marijampolės,Marijampolės II tvenkinys,LTL198,Marijampolės II tvenkinys,POINT (6043689 457690),2019-07-26,21.8,3.5,2.7,9.4,8.4,2.0,529.0,4.5,0.05,0.003,0.44,0.493,1.4,0.024,0.079,,13.5,,,,,,,,,,,,,,,,,,,,,,,,,,,,,,,,,,,,,,,,,,,,,,,,,,,,,,,,,,,,,,,,,,,,,,,,,,,,,,,,,,,,,,,,,
datasets/gov/aaa/ezeru_monitoringas/EzeruValstybinioMonitoringoDuomenys,896fe59a-531e-4918-b764-8ea832eb4b7c,0de79378-35dc-4a36-8930-e595efa41dfd,,Alytaus,Niedus,LTL240,Niedus,POINT (5986223 475252),2020-09-21,17.2,4,3.4,9.0,8.4,2.3,319.0,2.8,0.01,0.003,0.05,0.6,0.063,0.007,0.063,,13.6,,,,,,,,,,,,,,,,,,,,,,,,,,,,,,,,,,,,,,,,,,,,,,,,,,,,,,,,,,,,,,,,,,,,,,,,,,,,,,,,,,,,,,,,,
datasets/gov/aaa/ezeru_monitoringas/EzeruValstybinioMonitoringoDuomenys,89a166c1-89c1-455d-96c3-3b9332c9887d,90f2f16b-7655-4512-a0c1-90dd23d9ce68,,Vilniaus,Didžiulis,LTL274,Didžiulis,POINT (6032301 531320),2017-05-24,19.8,6,3,8.89,8.29,1.0,362.0,4.1,0.074,0.029,0.687,0.79,1.63,"<0,014",0.072,,45.2,,,,,,,,,,,,,,,,,,,,,,,,,,,,,,,,,,,,,,,,,,,,,,,,,,,,,,,,,,,,,,,,,,,,,,,,,,,,,,,,,,,,,,,,,
datasets/gov/aaa/ezeru_monitoringas/EzeruValstybinioMonitoringoDuomenys,89a5a18e-e946-4ac8-986b-a4923ef24dcc,5ef286ce-7f68-44fe-8b20-d6120779c245,,Alytaus,Krokialaukio tvenkinys,LTL188,Krokialaukio tvenkinys,POINT (6033768 482752),2017-07-17,19.9,6,4,10.1,8.5,1.8,434.0,2.6,0.04,0.013,0.27,0.323,1.0,0.02,0.089,,22.6,,,,,,,,,,,,,,,,,,,,,,,,,,,,,,,,,,,,,,,,,,,,,,,,,,,,,,,,,,,,,,,,,,,,,,,,,,,,,,,,,,,,,,,,,
datasets/gov/aaa/ezeru_monitoringas/EzeruValstybinioMonitoringoDuomenys,89a5de6b-eb15-4c42-94a4-962521d25dc5,59d21dc6-a48f-4387-af69-e3c2e163107c,,Utenos RAAD,Veprys,LTL298,Veprys,,2022-08-18,25.1,2.1,2.1,8.7,8.3,4.4,233.0,1.2,"<0,014",0.001,0.04,0.055,0.38,0.002,0.012,,21.5,,,,,,,,,,,,,,,,,,,,,,,,,,,,,,,,,,,,,,,,,,,,,,,,,,,,,,,,,,,,,,,,,,,,,,,,,,,,,,,,,,,,,,,,,
datasets/gov/aaa/ezeru_monitoringas/EzeruValstybinioMonitoringoDuomenys,89c938ca-60d7-4862-83a4-c841e9e3d48a,f8506d92-54bd-470f-b49e-0c01d99c1a8c,,Šiaulių,Talkša,LTL267,Talkša,POINT (6200045 458364),2017-09-27,15.0,<2,4,6.7,8.6,1.2,680.0,2.3,0.071,0.03,0.12,0.221,1.2,0.011,0.056,,8.29,,,,,,,,,,,,,,,,,,,,,,,,,,,,,,,,,,,,,,,,,,,,,,,,,,,,,,,,,,,,,,,,,,,,,,,,,,,,,,,,,,,,,,,,,
datasets/gov/aaa/ezeru_monitoringas/EzeruValstybinioMonitoringoDuomenys,89cb9b9d-e06e-40a7-b493-38921d8e9684,b97bb6a9-bbae-40eb-b82a-e4b1b0b55e6b,,Utenos,Gavys,LTL443,Gavys,POINT (6134669 635421),2018-05-08,16.5,<2,2.3,106.076,9.0,4.2,367.0,1.8,"<0,014","<0,001",0.02,0.035,0.7,0.002,0.014,,10.19,,,,,,,,,,,,,,,,,,,,,,,,,,,,,,,,,,,,,,,,,,,,,,,,,,,,,,,,,,,,,,,,,,,,,,,,,,,,,,,,,,,,,,,,,
datasets/gov/aaa/ezeru_monitoringas/EzeruValstybinioMonitoringoDuomenys,89df8176-4547-4a9e-8759-fa5f505c7618,e0341a19-728f-4a61-a30f-f4139b47c0cb,,Alytaus,Akmenių ežeras,LTL516,Akmenių ežeras,POINT (6003300 466571),2017-08-30,19.0,8,4.3,6.4,8.1,1.4,467.0,4.3,0.04,0.003,0.1,0.143,1.2,0.014,0.12,,26.8,,,,,,,,,,,,,,,,,,,,,,,,,,,,,,,,,,,,,,,,,,,,,,,,,,,,,,,,,,,,,,,,,,,,,,,,,,,,,,,,,,,,,,,,,
datasets/gov/aaa/ezeru_monitoringas/EzeruValstybinioMonitoringoDuomenys,8a18275a-1ece-4bad-be28-1a90fe27cfde,f9e7fc0c-9e9f-444e-8f29-3ea588ccc217,,Kauno RAAD,KAUNO MARIOS,LTL71,Kauno HE tvenkinys,,2022-08-16,24.0,24,3.3,13.87,8.0,1.1,427.0,6.9,0.035,0.007,0.11,0.152,5.22,0.093,0.211,,228.5,,,,,,,,,,,,,,,,,,,,,,,,,,,,,,,,,,,,,,,,,,,,,,,,,,,,,,,,,,,,,,,,,,,,,,,,,,,,,,,,,,,,,,,,,
datasets/gov/aaa/ezeru_monitoringas/EzeruValstybinioMonitoringoDuomenys,8a502759-b921-4cc0-a3af-9430719dd326,1b43d53f-c7bb-4451-81cc-c24d7b450b5d,,Alytaus,Nedzingis,LTL238,Nedzingis,POINT (6016143 521786),2018-07-25,25.0,7,2.7,110.024,8.5,1.6,363.0,3.5,0.04,0.003,0.1,0.143,0.8,0.027,0.074,,7.6,,,,,,,,,,,,,,,,,,,,,,,,,,,,,,,,,,,,,,,,,,,,,,,,,,,,,,,,,,,,,,,,,,,,,,,,,,,,,,,,,,,,,,,,,
datasets/gov/aaa/ezeru_monitoringas/EzeruValstybinioMonitoringoDuomenys,8a6bd61f-ec0f-41a9-bcf3-0494c05d730f,33ac37d5-eaf0-49a1-ad08-82991dde9175,,Utenos RAAD,Rubikių ežeras,LTL10,Rubikių ežeras,,2022-04-27,8.5,3.8,3.4,12.5,8.4,3.0,378.0,4.7,0.03,0.005,0.82,0.855,2.0,0.009,0.033,,5.9,,,,,,,,,,,,,,,,,,,,,,,,,,,,,,,,,,,,,,,,,,,,,,,,,,,,,,,,,,,,,,,,,,,,,,,,,,,,,,,,,,,,,,,,,
datasets/gov/aaa/ezeru_monitoringas/EzeruValstybinioMonitoringoDuomenys,8a6cfb5d-708f-4790-82ed-fa8f0edbefc2,039ac6c4-9ea9-4dbb-bf10-627d9f4f6145,,Šiaulių,Ilgis,LTL204,Ilgis,POINT (6210196 364291),2018-01-22,1.0,<2,1.7,,8.9,,161.0,2,0.037,0.003,0.12,0.16,0.67,"<0,005",0.011,,,,,,,,,,,,,,,,,,,,,,,,,,,,,,,,,,,,,,,,,,,,,,,,,,,,,,,,,,,,,,,,,,,,,,,,,,,,,,,,,,,,,,,,,,,
datasets/gov/aaa/ezeru_monitoringas/EzeruValstybinioMonitoringoDuomenys,8a76427d-2ef5-4081-ae7f-1daeec70c021,04b532ca-795f-4b9d-81f9-c7af36fbf580,,Vilniaus,Kadrėnų tvenkinys,LTL162,Kadrėnų tvenkinys,POINT (6130624 552576),2017-05-09,13.1,<2,4.6,10.92,8.26,1.6,587.0,2.6,0.015,0.026,5.43,5.471,8.23,"<0,014",0.016,,8.5,,,,,,,,,,,,,,,,,,,,,,,,,,,,,,,,,,,,,,,,,,,,,,,,,,,,,,,,,,,,,,,,,,,,,,,,,,,,,,,,,,,,,,,,,
datasets/gov/aaa/ezeru_monitoringas/EzeruValstybinioMonitoringoDuomenys,8a95f184-c5b1-4ba4-9b85-99eb75a17b4b,a184f8b3-3f7f-4d55-ace2-f52bd31ca897,,Utenos RAAD,Rūžas,LTL399,Rūžas,,2022-08-31,22.5,3.9,2.9,8.0,8.2,2.3,277.0,1.1,"<0,014","<0,001",0.04,0.055,0.08,0.002,0.012,,6.9,,,,,,,,,,,,,,,,,,,,,,,,,,,,,,,,,,,,,,,,,,,,,,,,,,,,,,,,,,,,,,,,,,,,,,,,,,,,,,,,,,,,,,,,,
datasets/gov/aaa/ezeru_monitoringas/EzeruValstybinioMonitoringoDuomenys,8ae9dd2b-8d50-4d63-96a6-c5bcefa180e8,ce8c028f-fe8d-406c-8a39-1b1f93acf83a,,Utenos,Stirniai,LTL343,Stirniai,POINT (6124518 605749),2020-04-23,8.8,<2,2.3,12.6,8.5,5.7,262.0,2.7,0.03,0.002,0.11,0.142,0.64,0.003,0.012,,3.4,,,,,,,,,,,,,,,,,,,,,,,,,,,,,,,,,,,,,,,,,,,,,,,,,,,,,,,,,,,,,,,,,,,,,,,,,,,,,,,,,,,,,,,,,
datasets/gov/aaa/ezeru_monitoringas/EzeruValstybinioMonitoringoDuomenys,8b1e45b5-26c4-499a-9158-3f10a975411d,9a3775db-c84f-45a5-90b0-8a8b3b9f106a,,Alytaus RAAD,Šlavantėlis,LTL515,Šlavantėlis,,2022-09-20,15.8,3,2.8,9.3,8.4,6.7,323.0,2.5,0.07,0.006,0.07,0.146,0.48,0.011,0.022,,1.7,,,,,,,,,,,,,,,,,,,,,,,,,,,,,,,,,,,,,,,,,,,,,,,,,,,,,,,,,,,,,,,,,,,,,,,,,,,,,,,,,,,,,,,,,
datasets/gov/aaa/ezeru_monitoringas/EzeruValstybinioMonitoringoDuomenys,8b4c0f74-6c94-49d9-aa59-7c4dc1b45b1c,ddca54e3-6b8e-4d10-94a1-44b4f7920f18,,Klaipėdos,Mosėdžio I tvenkinys,LTL262,Mosėdžio I tvenkinys,POINT (6227142 350031),2021-05-03,8.0,4.5,4.6,5.4,8.4,1.9,442.0,3.3,0.037,0.011,1.8,1.848,2.1,"<0,006",0.033,,11.55,,,,,,,,,,,,,,,,,,,,,,,,,,,,,,,,,,,,,,,,,,,,,,,,,,,,,,,,,,,,,,,,,,,,,,,,,,,,,,,,,,,,,,,,,
datasets/gov/aaa/ezeru_monitoringas/EzeruValstybinioMonitoringoDuomenys,8b52da2e-db4d-4870-a7f6-bc81418948fc,ed54a67b-6070-4426-bfaf-5c8322b92563,,Šiaulių,Dvariukų tvenkinys,LTL403,Dvariukų tvenkinys,POINT (6215124 503814),2019-09-18,15.0,3.2,4.8,9.1,8.8,2.1,878.0,2.3,0.12,0.008,0.062,0.19,1.1,0.14,0.2,,1.9,,,,,,,,,,,,,,,,,,,,,,,,,,,,,,,,,,,,,,,,,,,,,,,,,,,,,,,,,,,,,,,,,,,,,,,,,,,,,,,,,,,,,,,,,
datasets/gov/aaa/ezeru_monitoringas/EzeruValstybinioMonitoringoDuomenys,8b53351e-561d-439c-9ecc-c0da1284fbe4,a2848389-4ec9-48c5-9a4b-5865f80f889e,,Alytaus,Lavysas,LTL276,Lavysas,POINT (6003702 527390),2019-07-18,19.7,3,2.0,9.5,8.7,6.3,148.0,3.2,0.05,0.005,0.09,0.14,0.8,0.012,0.049,,3.3,,,,,,,,,,,,,,,,,,,,,,,,,,,,,,,,,,,,,,,,,,,,,,,,,,,,,,,,,,,,,,,,,,,,,,,,,,,,,,,,,,,,,,,,,
datasets/gov/aaa/ezeru_monitoringas/EzeruValstybinioMonitoringoDuomenys,8b5952c8-8224-488e-8e9e-ba3653348235,1ececa87-b31b-4d9f-8a98-a83e37458b0a,,Vilniaus,Verniejus,LTL117,Verniejus,POINT (6046107 538059),2018-10-11,12.3,2,1.8,94.377,7.96,3.4,193.0,1.8,0.01,"<0,004",0.03,0.044,0.209,0.032,0.033,,7.9,,,,,,,,,,,,,,,,,,,,,,,,,,,,,,,,,,,,,,,,,,,,,,,,,,,,,,,,,,,,,,,,,,,,,,,,,,,,,,,,,,,,,,,,,
datasets/gov/aaa/ezeru_monitoringas/EzeruValstybinioMonitoringoDuomenys,8b6f38d1-52b7-41a2-95f6-8975572e7050,c87c4f84-0110-44d9-b2b3-ef65fb46e62c,,Utenos,Šakių ežeras,LTL531,Šakių,POINT (6171379 658835),2018-10-08,11.1,<2,1.5,90.164,8.1,2.8,150.0,1.9,0.03,0.001,0.1,0.131,0.41,0.004,0.02,,6.8,,,,,,,,,,,,,,,,,,,,,,,,,,,,,,,,,,,,,,,,,,,,,,,,,,,,,,,,,,,,,,,,,,,,,,,,,,,,,,,,,,,,,,,,,
datasets/gov/aaa/ezeru_monitoringas/EzeruValstybinioMonitoringoDuomenys,8b800672-f43b-4a76-82c4-77ac9507955f,d8f4de5a-efcb-4e95-8f35-b52743cdf66a,,Vilniaus,Žirnajai,LTL154,Žirnajai,POINT (6109520 547965),2019-07-24,21.5,2.3,2.9,10.8,8.76,1.6,346.0,3.1,0.035,0.006,0.048,0.089,0.101,"<0,015","<0,015",,3.8,,,,,,,,,,,,,,,,,,,,,,,,,,,,,,,,,,,,,,,,,,,,,,,,,,,,,,,,,,,,,,,,,,,,,,,,,,,,,,,,,,,,,,,,,
datasets/gov/aaa/ezeru_monitoringas/EzeruValstybinioMonitoringoDuomenys,8ba16278-fe9c-4518-8dea-b826fcb1df7e,2f5067a0-420d-4472-8573-54f9d8240d44,,Utenos,Indrajai,LTL232,Indrajai,POINT (6165088 612828),2021-09-30,11.8,<2,4.2,8.2,8.4,4.9,410.0,0.67,0.02,0.004,0.15,0.174,0.81,"<0,002",0.018,,6.22,,,,,,,,,,,,,,,,,,,,,,,,,,,,,,,,,,,,,,,,,,,,,,,,,,,,,,,,,,,,,,,,,,,,,,,,,,,,,,,,,,,,,,,,,
datasets/gov/aaa/ezeru_monitoringas/EzeruValstybinioMonitoringoDuomenys,8bb39ce2-bd58-4dd7-b4d2-19cd8e63fbca,e30d42ad-115d-4102-b7b9-e47a0f4d62ae,,Šiaulių,Rėkyvos ežeras,LTL64,Rėkyvos,POINT (6192439 456065),2018-10-22,10.0,17,1.0,,8.8,0.9,238.0,7,0.018,0.002,"<0,003",0.023,1.9,"<0,005",0.037,,46.35,,,,,,,,,,,,,,,,,,,,,,,,,,,,,,,,,,,,,,,,,,,,,,,,,,,,,,,,,,,,,,,,,,,,,,,,,,,,,,,,,,,,,,,,,
datasets/gov/aaa/ezeru_monitoringas/EzeruValstybinioMonitoringoDuomenys,8bd5a303-a670-4e6b-8abc-27ef515b1ca5,984506ca-59b9-4cc3-a579-5ac38c70fef2,,Alytaus,Simno ežeras,LTL196,Simno ežeras,POINT (6029242 476810),2020-08-25,22.2,9,3.0,8.1,8.7,0.7,345.0,5.7,0.08,0.003,0.06,0.8,0.143,0.011,0.073,,68.8,,,,,,,,,,,,,,,,,,,,,,,,,,,,,,,,,,,,,,,,,,,,,,,,,,,,,,,,,,,,,,,,,,,,,,,,,,,,,,,,,,,,,,,,,
datasets/gov/aaa/ezeru_monitoringas/EzeruValstybinioMonitoringoDuomenys,8be9a5c7-3888-4198-bb97-2bd07a68dcc3,d4f0dec3-e765-49f4-a6bd-86a9bd4ba6f1,,Alytaus,Kavalys,LTL465,Kavalys,POINT (6032343 495560),2020-08-19,22.9,4,3.6,9.2,8.6,1.3,353.0,3.7,0.03,0.005,0.05,0.7,0.085,0.011,0.054,,33.6,,,,,,,,,,,,,,,,,,,,,,,,,,,,,,,,,,,,,,,,,,,,,,,,,,,,,,,,,,,,,,,,,,,,,,,,,,,,,,,,,,,,,,,,,
datasets/gov/aaa/ezeru_monitoringas/EzeruValstybinioMonitoringoDuomenys,8bef0aad-c964-496b-a2be-70a9f497f473,e2b3cf61-1bf0-4506-9378-85bf3349c04f,,Vilniaus,Gelvanės ežeras,LTL520,Gelvanės ežeras,POINT (6101212 550083),2020-07-15,20.5,4,3.4,10.7,8.65,0.7,337.0,4,0.016,"<0,005",0.049,0.07,0.461,"<0,015",0.033,,27.0,,,,,,,,,,,,,,,,,,,,,,,,,,,,,,,,,,,,,,,,,,,,,,,,,,,,,,,,,,,,,,,,,,,,,,,,,,,,,,,,,,,,,,,,,
datasets/gov/aaa/ezeru_monitoringas/EzeruValstybinioMonitoringoDuomenys,8c05f606-5dca-4828-9e35-3306053a396d,033f1b7d-febb-4928-b5df-6ba7d526357a,,Vilniaus,Ilgas,LTL359,Ilgas,POINT (6095729 600167),2020-07-29,22.8,"<1,9",2.7,10.2,8.82,1.7,283.0,2,"<0,015","<0,005",0.069,0.089,0.695,"<0,015",0.035,,10.4,,,,,,,,,,,,,,,,,,,,,,,,,,,,,,,,,,,,,,,,,,,,,,,,,,,,,,,,,,,,,,,,,,,,,,,,,,,,,,,,,,,,,,,,,
datasets/gov/aaa/ezeru_monitoringas/EzeruValstybinioMonitoringoDuomenys,8c2a2b3c-0a3c-49bd-b8b4-ab408b8205ce,5489cc6a-e029-4c98-bfcd-e5a2176dd2b5,,Utenos,Šventas,LTL39,Šventas,POINT (6166706 644760),2018-01-23,0.4,<2,1.0,97.308,8.5,8.1,100.0,2.7,0.13,0.002,0.07,0.202,0.45,"<0,002","<0,0083",,,,,,,,,,,,,,,,,,,,,,,,,,,,,,,,,,,,,,,,,,,,,,,,,,,,,,,,,,,,,,,,,,,,,,,,,,,,,,,,,,,,,,,,,,,
datasets/gov/aaa/ezeru_monitoringas/EzeruValstybinioMonitoringoDuomenys,8c495fd3-541f-446d-b0d5-3c89206a3c13,67134d39-db4b-49f3-9918-f8585bf92209,,Utenos,Utenos tvenkinys,LTL431,Utenos,POINT (6155211 603513),2019-09-27,12.9,<2,4.2,7.0,8.3,3.7,443.0,1.1,0.09,0.015,0.46,0.565,0.92,0.006,0.021,,12.2,,,,,,,,,,,,,,,,,,,,,,,,,,,,,,,,,,,,,,,,,,,,,,,,,,,,,,,,,,,,,,,,,,,,,,,,,,,,,,,,,,,,,,,,,
datasets/gov/aaa/ezeru_monitoringas/EzeruValstybinioMonitoringoDuomenys,8c6d3ea0-6624-4b85-bff3-5f1241c60e82,e079c558-988d-4967-8b65-c69e6d3cf322,,Utenos,Ūkojas,LTL221,Ūkojas,POINT (6139248 624905),2018-10-03,12.9,<2,3.7,88.403,8.3,6,355.0,1.1,0.02,0.002,0.11,0.132,0.73,"<0,002",0.01,,2.7,,,,,,,,,,,,,,,,,,,,,,,,,,,,,,,,,,,,,,,,,,,,,,,,,,,,,,,,,,,,,,,,,,,,,,,,,,,,,,,,,,,,,,,,,
datasets/gov/aaa/ezeru_monitoringas/EzeruValstybinioMonitoringoDuomenys,8c9f45dc-9b07-4c7f-918d-b630d3043565,cffed83a-2274-4cb6-8fbb-6c0d1cdd5ef1,,Vilniaus,Bartkuškio tvenkinys,LTL128,Bartkuškio tvenkinys,POINT (6088672 560436),2017-09-19,13.9,<2,4.4,7.5,7.66,1.4,448.0,1.1,0.074,0.013,0.669,0.756,0.799,0.024,0.047,,3.6,,,,,,,,,,,,,,,,,,,,,,,,,,,,,,,,,,,,,,,,,,,,,,,,,,,,,,,,,,,,,,,,,,,,,,,,,,,,,,,,,,,,,,,,,
datasets/gov/aaa/ezeru_monitoringas/EzeruValstybinioMonitoringoDuomenys,8cb5249a-7cb1-4bf4-b0fc-ddb179b301e3,f81ce868-51d6-4979-ae1c-0b0f721dab47,,Utenos RAAD,Siesartis,LTL348,Siesartis,,2022-04-26,6.7,<2,2.7,12.9,8.22,3.9,337.0,1.7,0.024,"<0,005",0.012,0.041,0.533,"<0,015",0.028,,7.8,,,,,,,,,,,,,,,,,,,,,,,,,,,,,,,,,,,,,,,,,,,,,,,,,,,,,,,,,,,,,,,,,,,,,,,,,,,,,,,,,,,,,,,,,
datasets/gov/aaa/ezeru_monitoringas/EzeruValstybinioMonitoringoDuomenys,8cdc6b3c-179a-44ac-afba-a898ff09b8b3,a62546cb-650e-4581-ae74-443f39fb3300,,Alytaus,Krokialaukio tvenkinys,LTL188,Krokialaukio tvenkinys,POINT (6033768 482752),2020-07-22,21.8,6,3.0,6.9,8.3,1.3,492.0,4,0.04,0.007,0.04,1.1,0.087,0.009,0.056,,26.3,,,,,,,,,,,,,,,,,,,,,,,,,,,,,,,,,,,,,,,,,,,,,,,,,,,,,,,,,,,,,,,,,,,,,,,,,,,,,,,,,,,,,,,,,
datasets/gov/aaa/ezeru_monitoringas/EzeruValstybinioMonitoringoDuomenys,8ce888ee-49fd-411d-a6fe-cef926f17907,41d00eaf-06aa-4fc6-9ba2-a5cbb780730d,,Alytaus,Savistas,LTL250,Savistas,POINT (6022658 526276),2021-09-21,13.2,6,3.1,8.5,8.2,2.0,352.0,3.1,0.05,0.002,0.03,0.082,0.6,0.007,0.062,,33.74,,,,,,,,,,,,,,,,,,,,,,,,,,,,,,,,,,,,,,,,,,,,,,,,,,,,,,,,,,,,,,,,,,,,,,,,,,,,,,,,,,,,,,,,,
datasets/gov/aaa/ezeru_monitoringas/EzeruValstybinioMonitoringoDuomenys,8ceb0490-1343-4861-9854-9a36d90447fe,cba59af6-f0b1-4f93-8cdc-0f7e157173f7,,Vilniaus,Sarių ežeras,LTL381,Sarių,POINT (6106781 630411),2018-08-20,22.0,<2,3.2,93.426,8.4,3.8,357.0,1,"<0,01","<0,004",0.048,0.062,0.094,"<0,014","<0,014",,4.3,,,,,,,,,,,,,,,,,,,,,,,,,,,,,,,,,,,,,,,,,,,,,,,,,,,,,,,,,,,,,,,,,,,,,,,,,,,,,,,,,,,,,,,,,
datasets/gov/aaa/ezeru_monitoringas/EzeruValstybinioMonitoringoDuomenys,8ceeed0d-5733-493a-bdf2-73e8b22d5b2a,1e49dd80-f645-4453-a7fe-366f71daa355,,Marijampolės RAAD,Voverių tvenkinys,LTL519,Voverių tvenkinys,,2022-05-19,14.2,6.5,3.6,10.7,8.6,1.5,642.0,5.7,0.03,0.079,2.5,2.609,3.3,0.029,0.068,,22.6,,,,,,,,,,,,,,,,,,,,,,,,,,,,,,,,,,,,,,,,,,,,,,,,,,,,,,,,,,,,,,,,,,,,,,,,,,,,,,,,,,,,,,,,,
datasets/gov/aaa/ezeru_monitoringas/EzeruValstybinioMonitoringoDuomenys,8d2d4f6c-342d-4d7d-857d-920bd21637a4,644eb65a-c8bb-42c3-b8bc-956d56ca7bf0,,Panevėžio,Vazajis,LTL292,Vazajis,POINT (6179504 601278),2021-10-07,10.3,4.5,2.7,10.9,8.4,2.0,249.0,2.7,0.02,"<0,001",0.05,0.071,0.83,"<0,002",0.049,,16.12,,,,,,,,,,,,,,,,,,,,,,,,,,,,,,,,,,,,,,,,,,,,,,,,,,,,,,,,,,,,,,,,,,,,,,,,,,,,,,,,,,,,,,,,,
datasets/gov/aaa/ezeru_monitoringas/EzeruValstybinioMonitoringoDuomenys,8d34da24-5322-4c6d-91c6-5994658419e5,db1c702f-e167-4ed3-bc7e-8bdfe83e5ec6,,Utenos,Gavys,LTL443,Gavys,POINT (6134669 635421),2018-07-18,23.1,<2,2.0,119.104,9.4,7.1,337.0,1.8,0.04,0.001,0.02,0.061,0.42,0.003,0.011,,6.4,,,,,,,,,,,,,,,,,,,,,,,,,,,,,,,,,,,,,,,,,,,,,,,,,,,,,,,,,,,,,,,,,,,,,,,,,,,,,,,,,,,,,,,,,
datasets/gov/aaa/ezeru_monitoringas/EzeruValstybinioMonitoringoDuomenys,8d543d0c-5393-4871-b888-10d0a038f0e3,525d965b-8f2b-44c0-a592-864d06bae1bb,,Vilniaus,Ilgas,LTL359,Ilgas,POINT (6095729 600167),2017-05-10,11.2,<2,2.4,10.85,8.35,2.3,264.0,4.4,0.033,0.005,0.432,0.47,0.702,"<0,014",0.033,,18.1,,,,,,,,,,,,,,,,,,,,,,,,,,,,,,,,,,,,,,,,,,,,,,,,,,,,,,,,,,,,,,,,,,,,,,,,,,,,,,,,,,,,,,,,,
datasets/gov/aaa/ezeru_monitoringas/EzeruValstybinioMonitoringoDuomenys,8d6b9be8-879f-463b-8d62-66f282db02ef,86fc388e-80e2-4337-a6d9-efa50323fd0e,,Vilniaus,Peršokšnai,LTL340,Peršokšnai,POINT (6121856 614302),2021-05-18,15.2,2,2.6,10.5,8.54,4.6,287.0,1.7,"<0,02","<0,005",0.034,0.059,0.248,"<0,015",0.015,,7.6,,,,,,,,,,,,,,,,,,,,,,,,,,,,,,,,,,,,,,,,,,,,,,,,,,,,,,,,,,,,,,,,,,,,,,,,,,,,,,,,,,,,,,,,,
datasets/gov/aaa/ezeru_monitoringas/EzeruValstybinioMonitoringoDuomenys,8d76b730-c177-48c2-ab58-6b278d08f31e,fd1d626a-176f-4e70-9383-e5b8b4f3643e,,Utenos,Utenas,LTL319,Utenas,POINT (6148545 626618),2019-09-23,13.9,<2,3.5,9.0,8.3,5.0,334.0,0.92,0.02,0.002,0.03,0.052,0.45,0.003,0.016,,2.8,,,,,,,,,,,,,,,,,,,,,,,,,,,,,,,,,,,,,,,,,,,,,,,,,,,,,,,,,,,,,,,,,,,,,,,,,,,,,,,,,,,,,,,,,
datasets/gov/aaa/ezeru_monitoringas/EzeruValstybinioMonitoringoDuomenys,8dc5ed53-8611-47f8-a79c-ddd6771664f3,8f9a9037-b582-4892-ac6a-426bcbdc3921,,Vilniaus,Nestrėvantys,LTL535,Nestrėvantys,POINT (6057805 543596),2020-10-14,13.1,2.4,3.6,8.5,8.15,1.9,412.0,2,0.082,0.016,0.051,0.149,0.252,"<0,015","<0,015",,13.5,,,,,,,,,,,,,,,,,,,,,,,,,,,,,,,,,,,,,,,,,,,,,,,,,,,,,,,,,,,,,,,,,,,,,,,,,,,,,,,,,,,,,,,,,
datasets/gov/aaa/ezeru_monitoringas/EzeruValstybinioMonitoringoDuomenys,8e3fbe15-000b-4364-ba43-4c4d16e6bd0a,3aeac0d0-1d26-44c4-955b-f78f0c717023,,Alytaus,Juodas Kauknoris,LTL174,Juodas Kauknoris,POINT (5987342 470399),2019-09-25,13.7,6,2.5,8.5,8.2,1.8,281.0,3.3,0.03,0.003,0.06,0.093,0.7,0.016,0.046,,17.7,,,,,,,,,,,,,,,,,,,,,,,,,,,,,,,,,,,,,,,,,,,,,,,,,,,,,,,,,,,,,,,,,,,,,,,,,,,,,,,,,,,,,,,,,
datasets/gov/aaa/ezeru_monitoringas/EzeruValstybinioMonitoringoDuomenys,8e481f1a-3cfc-4ef3-a3ae-dbf6b3178764,15dd4bc7-5f23-4337-a0f7-5806927ece80,,Utenos,Bebrusai,LTL345,Bebrusai,POINT (6118115 593491),2020-05-06,9.5,"<1,9",3.2,12.39,8.26,3.4,384.0,2.1,0.028,0.007,0.483,0.518,0.572,"<0,015","<0,015",,4.6,,,,,,,,,,,,,,,,,,,,,,,,,,,,,,,,,,,,,,,,,,,,,,,,,,,,,,,,,,,,,,,,,,,,,,,,,,,,,,,,,,,,,,,,,
datasets/gov/aaa/ezeru_monitoringas/EzeruValstybinioMonitoringoDuomenys,8e5215e5-f868-402b-822a-dc5a26abfbe4,d23346fb-5978-4af5-bd7d-cb477f9301f6,,Vilniaus,Ilgės,LTL135,Ilgės,POINT (6071412 538048),2017-10-11,9.2,0.4,1.6,7.3,7.81,1.4,400.0,1.6,0.052,0.01,0.34,0.402,1.4,0.0165,0.0344,,5.0,,,,,,,,,,,,,,,,,,,,,,,,,,,,,,,,,,,,,,,,,,,,,,,,,,,,,,,,,,,,,,,,,,,,,,,,,,,,,,,,,,,,,,,,,
datasets/gov/aaa/ezeru_monitoringas/EzeruValstybinioMonitoringoDuomenys,8e6f755e-deef-48cd-83bb-cc0c8eefc740,652ccc81-b369-47c4-b864-f747d240fa68,,Utenos,Paštys,LTL293,Paštys,POINT (6176255 606702),2017-08-25,17.5,1.9,4,3.7,8.0,2.1,367.0,1.4,0.03,0.02,0.23,0.28,0.74,0.033,0.057,,6.9,,,,,,,,,,,,,,,,,,,,,,,,,,,,,,,,,,,,,,,,,,,,,,,,,,,,,,,,,,,,,,,,,,,,,,,,,,,,,,,,,,,,,,,,,
datasets/gov/aaa/ezeru_monitoringas/EzeruValstybinioMonitoringoDuomenys,8e7825c3-4ff9-400a-9f10-1f5bd30c26fc,c30c0315-7402-4bac-8dc3-f17bbd54fff0,,Alytaus RAAD,Dusia,LTL43,Dusia,,2022-09-28,14.7,4,2.7,8.6,8.5,6.3,340.0,1.6,0.04,0.003,0.06,0.103,0.45,"<0,007",0.024,,3.0,,,,,,,,,,,,,,,,,,,,,,,,,,,,,,,,,,,,,,,,,,,,,,,,,,,,,,,,,,,,,,,,,,,,,,,,,,,,,,,,,,,,,,,,,
datasets/gov/aaa/ezeru_monitoringas/EzeruValstybinioMonitoringoDuomenys,8e7da974-e953-4a82-853d-d6b6ebe3f85d,9ad52ca0-a992-4f50-a74f-c9d168ccabf9,,Utenos,Prūtas,LTL506,Prūtas,POINT (6151826 660962),2017-05-22,17.0,"<1,7",3,11.0,8.4,4.2,285.0,0.9,"<0,014",0.002,0.05,0.066,0.27,"<0,002",0.01,,55.9,,,,,,,,,,,,,,,,,,,,,,,,,,,,,,,,,,,,,,,,,,,,,,,,,,,,,,,,,,,,,,,,,,,,,,,,,,,,,,,,,,,,,,,,,
datasets/gov/aaa/ezeru_monitoringas/EzeruValstybinioMonitoringoDuomenys,8e8cd00a-ddfe-45fc-b078-50e425c74941,573dcc41-5c89-48a4-97e4-b7f1e8751902,,Utenos,Gėlių ežeras,LTL283,Gėlių ežeras,POINT (6129389 574264),2020-04-29,11.3,5.7,2.9,11.23,8.1,1.2,308.0,4,"<0,015",0.012,0.093,0.12,0.817,"<0,015",0.027,,21.3,,,,,,,,,,,,,,,,,,,,,,,,,,,,,,,,,,,,,,,,,,,,,,,,,,,,,,,,,,,,,,,,,,,,,,,,,,,,,,,,,,,,,,,,,
datasets/gov/aaa/ezeru_monitoringas/EzeruValstybinioMonitoringoDuomenys,8ea06474-6dd6-4cad-b752-6d041a3d605e,161d8536-1dc1-4f9f-9a23-c5e403a3b84b,,Panevėžio RAAD,Juodis,LTL541,Juodis,,2022-09-14,14.8,4.6,2.9,6.9,7.77,0.8,336.0,3.9,0.2,0.019,0.66,0.879,2.05,0.023,0.041,,8.1,,,,,,,,,,,,,,,,,,,,,,,,,,,,,,,,,,,,,,,,,,,,,,,,,,,,,,,,,,,,,,,,,,,,,,,,,,,,,,,,,,,,,,,,,
datasets/gov/aaa/ezeru_monitoringas/EzeruValstybinioMonitoringoDuomenys,8ea11886-66a3-4bcc-abb6-3e31e33ab2be,4deac4c7-459e-43c2-a7b6-203f8c13d7d8,,Kauno,KAUNO MARIOS,LTL71,Kauno HE,POINT (6084954 505731),2017-07-12,19.9,6,3.6,10.22,8.52,1.2,420.0,4.9,0.15,0.017,0.16,0.327,1.1,0.063,0.14,8.05,,218,"<0,01","<0,1",2.1,<1,2.1,"<0,5",0.85,<30,<5,<2,<15,"<0,002","<0,002","<0,002","<0,004","<0,001","<0,001","<0,004","<0,003","<0,05","<0,05","<0,05","<0,05","<0,05","<0,05","<0,1","<0,2","<0,2","<0,2","<0,1","<0,1","<0,2","<0,2","<0,1","<0,2","<0,005","<0,005","<0,005","<0,005","<0,005","<0,005","<0,005","<0,005","<0,005","<0,004","<0,004","<0,005","<0,005","<0,005","<0,005","<0,025","<0,04","<0,04","<0,04","<0,05","<0,04","<0,004","<0,003",,,,"<0,005","<0,005","<0,006",0.9,"<0,005","<0,005","<0,005","<0,005","<0,005","<0,005","<0,005","<0,01","<0,01","<0,01","<0,01","<0,01","<0,01","<0,01","<0,001",,,,,,,,
datasets/gov/aaa/ezeru_monitoringas/EzeruValstybinioMonitoringoDuomenys,8ecf1793-d337-42da-894c-59b24a636fc3,a721a7bd-0ce2-4f8e-958e-a9502c48835a,,Alytaus,Kavalys,LTL465,Kavalys,POINT (6032343 495560),2017-07-17,19.9,7,3.6,9.3,8.5,1.8,359.0,3.4,0.03,0.004,0.06,0.094,0.7,0.027,0.079,,110.6,,,,,,,,,,,,,,,,,,,,,,,,,,,,,,,,,,,,,,,,,,,,,,,,,,,,,,,,,,,,,,,,,,,,,,,,,,,,,,,,,,,,,,,,,
datasets/gov/aaa/ezeru_monitoringas/EzeruValstybinioMonitoringoDuomenys,8ed89a76-4a09-4aa1-83a4-8a7620cda6df,2b1fa36f-27e8-46eb-872b-1d240a7088dc,,Utenos RAAD,Pakalas,LTL333,Pakalas,,2022-05-23,14.8,2.4,3.5,12.38,8.57,2.8,345.0,3.5,0.02,"<0,005",0.1,0.125,0.349,"<0,015",0.016,,9.7,,,,,,,,,,,,,,,,,,,,,,,,,,,,,,,,,,,,,,,,,,,,,,,,,,,,,,,,,,,,,,,,,,,,,,,,,,,,,,,,,,,,,,,,,
datasets/gov/aaa/ezeru_monitoringas/EzeruValstybinioMonitoringoDuomenys,8ffa71b3-ddb5-49f8-a1cf-1ec2d6fe6d03,82ac5c6b-a0c2-4b42-8dc5-6f1242a5f150,,Utenos RAAD,Ilgys,LTL305,Ilgys,,2022-05-02,11.8,<2,3.9,12.1,8.2,2.7,391.0,3.3,0.02,0.004,0.39,0.414,1.1,"<0,002",0.024,,6.6,,,,,,,,,,,,,,,,,,,,,,,,,,,,,,,,,,,,,,,,,,,,,,,,,,,,,,,,,,,,,,,,,,,,,,,,,,,,,,,,,,,,,,,,,
datasets/gov/aaa/ezeru_monitoringas/EzeruValstybinioMonitoringoDuomenys,9056fba9-eb69-4826-87d1-58af5a91dd2b,945392b8-f0bb-4e16-a7d6-82fea9faa2ce,,Vilniaus,Aukštadvario HE tvenkinys(ež.Baluosis ež.Sienis),LTL110,Aukštadvario HE tvenkinys,POINT (6048892 535009),2018-10-11,12.7,<2,2.9,85.809,7.62,4.4,334.0,0.6,0.015,0.004,0.021,0.04,0.198,0.031,0.032,,5.2,,,,,,,,,,,,,,,,,,,,,,,,,,,,,,,,,,,,,,,,,,,,,,,,,,,,,,,,,,,,,,,,,,,,,,,,,,,,,,,,,,,,,,,,,
datasets/gov/aaa/ezeru_monitoringas/EzeruValstybinioMonitoringoDuomenys,906cda05-6f47-4b5a-9c0a-d824bb8f320f,a0ce235e-fb54-4888-b814-2cd9679e9fba,,Utenos,Dysnai,LTL223,Dysnai,POINT (6153653 647416),2019-08-20,22.8,16,3.4,9.9,8.6,0.8,308.0,2.5,0.03,"<0,001",0.06,0.091,0.1,0.003,0.029,,11.3,,,,,,,,,,,,,,,,,,,,,,,,,,,,,,,,,,,,,,,,,,,,,,,,,,,,,,,,,,,,,,,,,,,,,,,,,,,,,,,,,,,,,,,,,
datasets/gov/aaa/ezeru_monitoringas/EzeruValstybinioMonitoringoDuomenys,906d3fca-f493-412c-a00d-f0c7a058aa4e,a609e11f-15da-42d0-934e-71d3760af02f,,Panevėžio,Vazajis,LTL292,Vazajis,POINT (6179504 601278),2021-08-31,17.7,9.5,2.7,9.1,8.4,1.6,231.0,2.8,0.02,"<0,001",0.03,0.051,0.63,0.002,0.038,,22.94,,,,,,,,,,,,,,,,,,,,,,,,,,,,,,,,,,,,,,,,,,,,,,,,,,,,,,,,,,,,,,,,,,,,,,,,,,,,,,,,,,,,,,,,,
datasets/gov/aaa/ezeru_monitoringas/EzeruValstybinioMonitoringoDuomenys,90869847-711a-40a3-9bd0-ad86986abb31,574e76fa-0c94-4237-84a7-91062d6c51e6,,Šiaulių,Rėkyvos ežeras,LTL64,Rėkyvos ežeras,POINT (6192439 456065),2018-05-03,16.0,5.2,2.3,,8.9,0.9,228.0,1.1,0.21,0.004,0.054,0.268,1.4,"<0,005",0.037,,25.15,,,,,,,,,,,,,,,,,,,,,,,,,,,,,,,,,,,,,,,,,,,,,,,,,,,,,,,,,,,,,,,,,,,,,,,,,,,,,,,,,,,,,,,,,
datasets/gov/aaa/ezeru_monitoringas/EzeruValstybinioMonitoringoDuomenys,9088b1af-55ed-47fa-af36-1497b593e141,9cbb67ff-e3ce-4461-938c-d45c56473446,,Klaipėdos,Tūbausių I tvenkinys,LTL207,Tūbausių I tvenkinys,POINT (6207850 330616),2018-08-22,21.0,5.8,4.8,,7.7,1.1,390.0,4.2,0.021,0.003,"<0,003",0.027,0.88,"<0,005",0.056,,0.85,,,,,,,,,,,,,,,,,,,,,,,,,,,,,,,,,,,,,,,,,,,,,,,,,,,,,,,,,,,,,,,,,,,,,,,,,,,,,,,,,,,,,,,,,
datasets/gov/aaa/ezeru_monitoringas/EzeruValstybinioMonitoringoDuomenys,90937d3b-f8f3-491f-b28f-b81e535d8979,fb13d9b1-499a-4053-9eb7-bdf0acb47507,,Utenos RAAD,Ilgys,LTL305,Ilgys,,2022-07-13,21.7,2.2,3.9,8.1,8.3,4.3,375.0,2.2,0.06,0.004,0.19,0.254,0.54,0.002,"<0,0081",,4.9,,,,,,,,,,,,,,,,,,,,,,,,,,,,,,,,,,,,,,,,,,,,,,,,,,,,,,,,,,,,,,,,,,,,,,,,,,,,,,,,,,,,,,,,,
datasets/gov/aaa/ezeru_monitoringas/EzeruValstybinioMonitoringoDuomenys,9095beb6-e6ae-452c-8dc6-81dab4f6a8ac,b4c5df6d-0369-49cf-81aa-13ed6b2627ee,,Alytaus RAAD,Atesys,LTL248,Atesys,,2022-07-26,22.5,3.5,3.9,9.8,8.5,3.9,609.0,2.6,0.06,0.069,0.12,0.249,1.8,"<0,007",0.02,,8.1,,,,,,,,,,,,,,,,,,,,,,,,,,,,,,,,,,,,,,,,,,,,,,,,,,,,,,,,,,,,,,,,,,,,,,,,,,,,,,,,,,,,,,,,,
datasets/gov/aaa/ezeru_monitoringas/EzeruValstybinioMonitoringoDuomenys,9097245c-e216-4a72-b500-a538e876c955,ae5b3d87-cacc-4def-a73d-e124ce0b0ac1,,Šiaulių,Ilgis,LTL204,Ilgis,POINT (6210196 364291),2019-09-19,13.0,3.6,1.4,9.3,8.7,2.6,150.0,1.2,0.03,0.004,0.02,0.054,1.0,"<0,005",0.022,,8.46,,,,,,,,,,,,,,,,,,,,,,,,,,,,,,,,,,,,,,,,,,,,,,,,,,,,,,,,,,,,,,,,,,,,,,,,,,,,,,,,,,,,,,,,,
datasets/gov/aaa/ezeru_monitoringas/EzeruValstybinioMonitoringoDuomenys,90ad075e-5e5c-42d5-9443-34c9c1ecba9e,2354fca4-c23d-4075-aec3-8abd308d3d17,,Utenos,Asavas,LTL310,Asavas,POINT (6167521 638935),2019-08-07,20.6,2.2,3.0,8.3,8.5,3.1,277.0,1.4,"<0,014","<0,001",0.03,0.045,0.65,0.004,0.016,,4.4,,,,,,,,,,,,,,,,,,,,,,,,,,,,,,,,,,,,,,,,,,,,,,,,,,,,,,,,,,,,,,,,,,,,,,,,,,,,,,,,,,,,,,,,,
datasets/gov/aaa/ezeru_monitoringas/EzeruValstybinioMonitoringoDuomenys,90b8aeac-328a-40e1-aa8c-e34ded56dae6,19467b8f-f7ac-4ef7-bfbe-4be28b794544,,Vilniaus,Akmena,LTL460,Akmena,POINT (6058884 557077),2021-08-25,19.3,<2,1.8,9.1,8.68,5.8,223.0,2,0.044,"<0,005",0.03,0.079,0.644,"<0,015",0.023,,4.14,,,,,,,,,,,,,,,,,,,,,,,,,,,,,,,,,,,,,,,,,,,,,,,,,,,,,,,,,,,,,,,,,,,,,,,,,,,,,,,,,,,,,,,,,
datasets/gov/aaa/ezeru_monitoringas/EzeruValstybinioMonitoringoDuomenys,90bf3374-99da-4e9c-8789-365a100984a8,819e4e4f-2ad8-40c9-8763-04f9784856fa,,Kauno,Bublių tvenkinys,LTL414,Bublių tvenkinys,POINT (6127918 505237),2018-09-25,16.3,5.2,4.4,62.769,8.11,1.3,518.0,4.5,0.14,0.003,0.091,0.234,0.97,0.007,0.055,,23.9,,,,,,,,,,,,,,,,,,,,,,,,,,,,,,,,,,,,,,,,,,,,,,,,,,,,,,,,,,,,,,,,,,,,,,,,,,,,,,,,,,,,,,,,,
datasets/gov/aaa/ezeru_monitoringas/EzeruValstybinioMonitoringoDuomenys,91101c87-6aa0-4370-a694-e071693ea2c2,7228f01d-d7b1-4f25-af1a-76a5e6762656,,Utenos,Čičirys,LTL222,Čičirys,POINT (6187704 628556),2020-09-16,17.0,<2,3.0,9.1,8.4,6.0,289.0,1.6,"<0,014","<0,001",0.07,0.085,0.27,"<0,002",0.011,,2.7,,,,,,,,,,,,,,,,,,,,,,,,,,,,,,,,,,,,,,,,,,,,,,,,,,,,,,,,,,,,,,,,,,,,,,,,,,,,,,,,,,,,,,,,,
datasets/gov/aaa/ezeru_monitoringas/EzeruValstybinioMonitoringoDuomenys,911a0680-3ccc-46aa-b59e-a86914d4fd29,1cb00489-683f-4664-a433-85ce5b4de8b3,,Utenos,Gėlių ežeras,LTL283,Gėlių ežeras,POINT (6129389 574264),2020-07-28,22.3,5.8,2.2,10.6,8.5,0.8,306.0,4.1,"<0,015","<0,005",0.027,0.047,0.49,"<0,015",0.035,,20.4,,,,,,,,,,,,,,,,,,,,,,,,,,,,,,,,,,,,,,,,,,,,,,,,,,,,,,,,,,,,,,,,,,,,,,,,,,,,,,,,,,,,,,,,,
datasets/gov/aaa/ezeru_monitoringas/EzeruValstybinioMonitoringoDuomenys,912c86af-35ef-436a-b34d-2e472556843b,081559f7-e322-4b78-9f12-744be514888f,,Vilniaus,Skaistis,LTL136,Skaistis,POINT (6059182 562859),2018-10-03,13.4,<2,2.2,85.192,8.16,3.9,317.0,1,"<0,01","<0,004",0.048,0.062,0.184,"<0,014",0.019,,4.5,,,,,,,,,,,,,,,,,,,,,,,,,,,,,,,,,,,,,,,,,,,,,,,,,,,,,,,,,,,,,,,,,,,,,,,,,,,,,,,,,,,,,,,,,
datasets/gov/aaa/ezeru_monitoringas/EzeruValstybinioMonitoringoDuomenys,91493115-073b-45c7-a9e9-c9b1a4cb26d0,38d19a00-8d77-44dc-83c6-1d0bf3252cbb,,Utenos,Šiurpys,LTL311,Šiurpys,POINT (6169946 635569),2018-09-19,18.2,<2,1.0,100.427,8.3,7,94.0,0.65,0.07,"<0,001",0.02,0.091,0.38,"<0,002","<0,0083",,3.1,,,,,,,,,,,,,,,,,,,,,,,,,,,,,,,,,,,,,,,,,,,,,,,,,,,,,,,,,,,,,,,,,,,,,,,,,,,,,,,,,,,,,,,,,
datasets/gov/aaa/ezeru_monitoringas/EzeruValstybinioMonitoringoDuomenys,91da6efc-a833-4f72-b3c9-2cd23a80c32c,c8e09291-71a3-495c-94dc-05af3a957324,,Alytaus,Niedus,LTL240,Niedus,POINT (5986223 475252),2017-05-15,14.8,5.5,3.5,13.3,8.6,2.2,372.0,3.0,0.03,0.003,0.11,0.143,0.8,"<0,006",0.026,,12.5,,,,,,,,,,,,,,,,,,,,,,,,,,,,,,,,,,,,,,,,,,,,,,,,,,,,,,,,,,,,,,,,,,,,,,,,,,,,,,,,,,,,,,,,,
datasets/gov/aaa/ezeru_monitoringas/EzeruValstybinioMonitoringoDuomenys,91dbbfcf-1c8d-411b-a9aa-dcd50c27ea85,ec7de2c7-2870-4d83-902d-1b6bc20ffd61,,Alytaus,Zapsys,LTL241,Zapsys,POINT (5998028 471189),2017-07-26,21.7,6,2.7,13.8,8.7,1.3,370.0,2.8,0.03,0.002,0.07,0.102,0.5,0.014,0.035,,12.78,,,,,,,,,,,,,,,,,,,,,,,,,,,,,,,,,,,,,,,,,,,,,,,,,,,,,,,,,,,,,,,,,,,,,,,,,,,,,,,,,,,,,,,,,
datasets/gov/aaa/ezeru_monitoringas/EzeruValstybinioMonitoringoDuomenys,91df1205-7854-4169-94f3-d1f4f0b6f601,ab2a1a20-0e67-4697-b6b0-45a54fa350ff,,Vilniaus,Karvys,LTL363,Karvys,POINT (6083349 573096),2020-04-21,6.1,2.2,2.3,13.0,8.56,2.1,296.0,1.5,0.03,0.005,3.14,3.175,3.78,"<0,015",0.039,,5.7,,,,,,,,,,,,,,,,,,,,,,,,,,,,,,,,,,,,,,,,,,,,,,,,,,,,,,,,,,,,,,,,,,,,,,,,,,,,,,,,,,,,,,,,,
datasets/gov/aaa/ezeru_monitoringas/EzeruValstybinioMonitoringoDuomenys,91e02ffb-e85f-44d8-92ed-76d322c1b4f0,bde471f7-aab8-4087-8db6-39a0d98c4183,,Utenos,Sągardas,LTL317,Sągardas,POINT (6152936 633556),2021-07-20,26.5,<2,1.8,8.5,8.5,5.5,159.0,1.1,0.02,0.001,0.03,0.051,0.52,0.003,"<0,0081",,4.3,,,,,,,,,,,,,,,,,,,,,,,,,,,,,,,,,,,,,,,,,,,,,,,,,,,,,,,,,,,,,,,,,,,,,,,,,,,,,,,,,,,,,,,,,
datasets/gov/aaa/ezeru_monitoringas/EzeruValstybinioMonitoringoDuomenys,925b4be8-b8c6-4350-b732-775ee3a730be,9995ab72-149e-4135-8590-3450ea1fd759,,Utenos,Stirniai,LTL343,Stirniai,POINT (6124518 605749),2018-09-17,18.4,2.3,2.5,94.421,8.4,5.4,238.0,1,"<0,014","<0,001",0.03,0.045,0.38,0.002,"<0,0083",,2.5,,,,,,,,,,,,,,,,,,,,,,,,,,,,,,,,,,,,,,,,,,,,,,,,,,,,,,,,,,,,,,,,,,,,,,,,,,,,,,,,,,,,,,,,,
datasets/gov/aaa/ezeru_monitoringas/EzeruValstybinioMonitoringoDuomenys,9260eadd-ac17-4972-8a38-a2e4fcfb96b7,787d2572-7c3d-4171-af1e-8c32fe2639d9,,Utenos,Tauragnas,LTL442,Tauragnas,POINT (6147505 619651),2020-10-07,14.5,2,2.5,9.8,8.5,8.0,263.0,0.89,0.02,0.003,0.05,0.073,0.44,"<0,002",0.011,,1.3,,,,,,,,,,,,,,,,,,,,,,,,,,,,,,,,,,,,,,,,,,,,,,,,,,,,,,,,,,,,,,,,,,,,,,,,,,,,,,,,,,,,,,,,,
datasets/gov/aaa/ezeru_monitoringas/EzeruValstybinioMonitoringoDuomenys,9288abca-0824-4c4b-81e0-2830f1db7f32,4a4854e0-f203-43cc-a576-e188bca19375,,Utenos RAAD,Svėdasas,LTL170,Svėdasas,,2022-10-06,11.2,<2,3.8,8.3,8.1,3.3,443.0,1.6,0.07,0.009,0.06,0.139,0.61,"<0,002",0.048,,11.2,,,,,,,,,,,,,,,,,,,,,,,,,,,,,,,,,,,,,,,,,,,,,,,,,,,,,,,,,,,,,,,,,,,,,,,,,,,,,,,,,,,,,,,,,
datasets/gov/aaa/ezeru_monitoringas/EzeruValstybinioMonitoringoDuomenys,929444fc-2009-4087-89fb-0af1d565f817,73a4374a-044e-4ff9-97ea-04ddb504272e,,Panevėžio RAAD,Gačionių ežeras,LTL294,Gačionių ežeras,,2022-08-24,25.2,2.2,3.7,8.4,8.3,2.2,362.0,1.4,0.04,"<0,001",0.07,0.111,0.68,0.005,0.014,,3.3,,,,,,,,,,,,,,,,,,,,,,,,,,,,,,,,,,,,,,,,,,,,,,,,,,,,,,,,,,,,,,,,,,,,,,,,,,,,,,,,,,,,,,,,,
datasets/gov/aaa/ezeru_monitoringas/EzeruValstybinioMonitoringoDuomenys,92faca0f-96f4-4c0e-87b5-3cf12258c03b,66efebe4-1ba9-4168-b947-8128d12261f3,,Alytaus,Ančia,LTL195,Ančia,POINT (5994964 479239),2020-09-21,17.1,3,2.3,8.6,8.3,5.9,356.0,2.4,0.01,0.001,0.06,0.4,0.071,0.007,0.046,,13.1,,,,,,,,,,,,,,,,,,,,,,,,,,,,,,,,,,,,,,,,,,,,,,,,,,,,,,,,,,,,,,,,,,,,,,,,,,,,,,,,,,,,,,,,,
datasets/gov/aaa/ezeru_monitoringas/EzeruValstybinioMonitoringoDuomenys,93057300-632f-4278-a6ff-136811a83a06,cbd517cc-a3d0-43db-8c2b-6ebb57ae405a,,Alytaus,Zapsys,LTL241,Zapsys,POINT (5998028 471189),2017-05-30,19.5,6,3,11.1,8.4,2.8,439.0,3.6,0.04,0.002,0.15,0.192,0.9,0.014,0.037,,6.41,,,,,,,,,,,,,,,,,,,,,,,,,,,,,,,,,,,,,,,,,,,,,,,,,,,,,,,,,,,,,,,,,,,,,,,,,,,,,,,,,,,,,,,,,
datasets/gov/aaa/ezeru_monitoringas/EzeruValstybinioMonitoringoDuomenys,93278320-6803-42a4-9597-60d06a57baa4,b6870a6e-edc1-499e-84e7-84a15ceb5d45,,Klaipėdos,Skuodo tvenkinys,LTL260,Skuodo tvenkinys,POINT (6239381 345922),2018-07-16,24.0,<2,1.9,,8.4,1.7,432.0,3.5,0.019,"<0,001","<0,003",0.023,0.58,"<0,005",0.039,,3.83,,,,,,,,,,,,,,,,,,,,,,,,,,,,,,,,,,,,,,,,,,,,,,,,,,,,,,,,,,,,,,,,,,,,,,,,,,,,,,,,,,,,,,,,,
datasets/gov/aaa/ezeru_monitoringas/EzeruValstybinioMonitoringoDuomenys,934c49c9-1a89-4fdf-96a0-3dd723bd2b49,8e601200-5c60-4a64-9be8-7afca9802aa4,,Vilniaus,Elektrėnų marios,LTL125,Elektrėnų,POINT (6070639 543013),2021-09-21,14.3,<2,3.1,8.2,8.21,3.2,362.0,1.3,0.054,"<0,005",0.034,0.093,0.331,"<0,015",0.024,,1.78,,,,,,,,,,,,,,,,,,,,,,,,,,,,,,,,,,,,,,,,,,,,,,,,,,,,,,,,,,,,,,,,,,,,,,,,,,,,,,,,,,,,,,,,,
datasets/gov/aaa/ezeru_monitoringas/EzeruValstybinioMonitoringoDuomenys,936cc31c-6a72-4037-816e-bf3689c1e652,b5bd9c20-2e37-4bb9-8a76-307ed1447706,,Utenos,Nevėža,LTL285,Nevėža,POINT (6146804 575316),2020-10-12,14.1,5,3.9,9.2,8.3,2.5,460.0,1.2,0.06,0.013,0.37,0.443,0.98,0.002,0.019,,19.9,,,,,,,,,,,,,,,,,,,,,,,,,,,,,,,,,,,,,,,,,,,,,,,,,,,,,,,,,,,,,,,,,,,,,,,,,,,,,,,,,,,,,,,,,
datasets/gov/aaa/ezeru_monitoringas/EzeruValstybinioMonitoringoDuomenys,93b866df-85b8-44db-9b72-90202de32d20,fd7ea557-f434-4882-b949-381b548f9a7a,,Utenos,Čičirys,LTL222,Čičirys,POINT (6187704 628556),2020-08-12,21.5,<2,3.1,9.3,8.6,5.1,278.0,1.6,0.02,0.001,0.04,0.061,0.3,0.002,0.011,,2.3,,,,,,,,,,,,,,,,,,,,,,,,,,,,,,,,,,,,,,,,,,,,,,,,,,,,,,,,,,,,,,,,,,,,,,,,,,,,,,,,,,,,,,,,,
datasets/gov/aaa/ezeru_monitoringas/EzeruValstybinioMonitoringoDuomenys,93beab57-1d65-4400-b338-94f51f135424,43f142d0-2254-48cd-a681-c492173171b2,,Kauno,KAUNO MARIOS,LTL71,Kauno marios,POINT (6084954 505731),2020-09-22,17.2,2.4,3.0,6.9,8.07,2.1,427.0,3.3,0.531,0.065,0.186,0.782,0.828,0.149,0.162,,3.6,,,,,,,,,,,,,,,,,,,,,,,,,,,,,,,,,,,,,,,,,,,,,,,,,,,,,,,,,,,,,,,,,,,,,,,,,,,,,,,,,,,,,,,,,
datasets/gov/aaa/ezeru_monitoringas/EzeruValstybinioMonitoringoDuomenys,94432969-14b6-4097-abbd-525df3161460,fffda837-9a2b-4c6b-9066-f1c11e97dbae,,Utenos,Nemeikščių tvenkinys,LTL432,Nemeikščių tvenkinys,POINT (6149167 604368),2018-08-28,20.5,<2,4.6,82.867,8.7,3,409.0,1.4,0.02,0.001,0.08,0.101,0.93,0.002,0.018,,5.5,,,,,,,,,,,,,,,,,,,,,,,,,,,,,,,,,,,,,,,,,,,,,,,,,,,,,,,,,,,,,,,,,,,,,,,,,,,,,,,,,,,,,,,,,
datasets/gov/aaa/ezeru_monitoringas/EzeruValstybinioMonitoringoDuomenys,9443bda7-0537-474d-b87b-d829f36b5dfb,323cb65d-19a6-4538-bf93-f9b92f1b667f,,Utenos,Ūsiai,LTL326,Ūsiai,POINT (6131150 625535),2017-10-10,11.4,"<1,7",2.8,7.1,8.5,6.0,285.0,0.8,0.04,0.002,0.05,0.092,0.65,0.003,0.012,,3.8,,,,,,,,,,,,,,,,,,,,,,,,,,,,,,,,,,,,,,,,,,,,,,,,,,,,,,,,,,,,,,,,,,,,,,,,,,,,,,,,,,,,,,,,,
datasets/gov/aaa/ezeru_monitoringas/EzeruValstybinioMonitoringoDuomenys,9466e61f-aa70-4279-aa9f-f568f569900c,1fa7207e-cbfc-4dce-a54f-39d712bd9c58,,Utenos,Vidinkstas,LTL287,Vidinkstas,POINT (6146932 592911),2021-09-28,11.7,4.2,2.1,10.1,8.4,1.9,191.0,2.7,0.02,"<0,001",0.12,0.141,0.57,"<0,002",0.027,,29.6,,,,,,,,,,,,,,,,,,,,,,,,,,,,,,,,,,,,,,,,,,,,,,,,,,,,,,,,,,,,,,,,,,,,,,,,,,,,,,,,,,,,,,,,,
datasets/gov/aaa/ezeru_monitoringas/EzeruValstybinioMonitoringoDuomenys,946bcbcc-9623-47fe-9c95-c1861bb884bf,d5c4a8b4-c045-4764-87ea-ce1f6af09c1e,,Šiaulių,Ilgis,LTL204,Ilgis,POINT (6210196 364291),2020-06-16,19.0,3.4,1.8,9.3,7.7,2.0,157.0,3.8,0.033,0.001,0.018,0.052,0.62,"<0,005",0.028,,15.54,,,,,,,,,,,,,,,,,,,,,,,,,,,,,,,,,,,,,,,,,,,,,,,,,,,,,,,,,,,,,,,,,,,,,,,,,,,,,,,,,,,,,,,,,
datasets/gov/aaa/ezeru_monitoringas/EzeruValstybinioMonitoringoDuomenys,94920836-0a8f-4af9-b614-3b4310f9f85e,ff2443be-78b2-45dd-8d6d-a8885c54fc13,,Aplinkos apsaugos departamento Šiaulių valdyba,Bijotė,LTL259,Bijotė,,2022-07-21,23.0,2.5,2.8,6.3,7.8,2.5,309.0,2.6,0.024,0.001,0.016,0.041,1.9,"<0,006",0.028,,2.78,,,,,,,,,,,,,,,,,,,,,,,,,,,,,,,,,,,,,,,,,,,,,,,,,,,,,,,,,,,,,,,,,,,,,,,,,,,,,,,,,,,,,,,,,
datasets/gov/aaa/ezeru_monitoringas/EzeruValstybinioMonitoringoDuomenys,94985978-2552-4e5d-a49c-2ca6d1f99c28,6b9a61cc-6ec1-452f-a9d6-7a19454130f9,,Utenos,Rūžas,LTL399,Rūžas,POINT (6152597 657313),2017-07-18,18.9,2.7,2.6,8.5,8.5,2.2,251.0,1.4,0.02,0.001,0.08,0.101,0.86,"<0,002",0.024,,10.0,,,,,,,,,,,,,,,,,,,,,,,,,,,,,,,,,,,,,,,,,,,,,,,,,,,,,,,,,,,,,,,,,,,,,,,,,,,,,,,,,,,,,,,,,
datasets/gov/aaa/ezeru_monitoringas/EzeruValstybinioMonitoringoDuomenys,94ad2c33-a71f-492c-bcec-9d3694bc84ac,5a7a0f7e-02f2-4f4d-9741-3a50333b1fe3,,Šiaulių,Ilgis,LTL204,Ilgis,POINT (6210196 364291),2021-05-12,12.0,4.2,1.7,8.4,8.4,2.2,158.0,1.8,0.02,"<0,001",0.04,0.061,0.75,"<0,006",0.019,,7.7,,,,,,,,,,,,,,,,,,,,,,,,,,,,,,,,,,,,,,,,,,,,,,,,,,,,,,,,,,,,,,,,,,,,,,,,,,,,,,,,,,,,,,,,,
datasets/gov/aaa/ezeru_monitoringas/EzeruValstybinioMonitoringoDuomenys,94ccb787-3bf3-482b-a5ca-eaf55a058a06,a37dc074-2a93-4dd0-888a-03e78bc34ccd,,Utenos,Rūžas,LTL399,Rūžas,POINT (6152597 657313),2017-09-04,17.8,2.4,2.7,6.9,8.1,3.1,256.0,0.9,0.03,0.001,0.1,0.131,0.53,0.002,0.024,,17.8,,,,,,,,,,,,,,,,,,,,,,,,,,,,,,,,,,,,,,,,,,,,,,,,,,,,,,,,,,,,,,,,,,,,,,,,,,,,,,,,,,,,,,,,,
datasets/gov/aaa/ezeru_monitoringas/EzeruValstybinioMonitoringoDuomenys,94d8d2e0-263d-4400-ac43-5e41b4837278,50816271-d9ce-4174-9daa-e8fa0047bdac,,Šiaulių,Talkša,LTL267,Talkša,POINT (6200045 458364),2020-09-30,16.0,6.7,4.2,8.6,8.5,1.35,659.0,3.3,0.023,"<0,001",0.007,0.031,1.2,0.02,0.078,,23.98,,,,,,,,,,,,,,,,,,,,,,,,,,,,,,,,,,,,,,,,,,,,,,,,,,,,,,,,,,,,,,,,,,,,,,,,,,,,,,,,,,,,,,,,,
datasets/gov/aaa/ezeru_monitoringas/EzeruValstybinioMonitoringoDuomenys,94e0440c-48e8-44aa-9de3-8848497b6f6d,9483ef16-0a11-4227-97e8-ae82240c711b,,Alytaus RAAD,Prapuntas,LTL391,Prapuntas,,2022-08-17,24.7,4.5,3.2,8.5,8.3,3.5,356.0,2.3,0.04,0.008,0.08,0.128,0.47,"<0,007",0.022,,5.2,,,,,,,,,,,,,,,,,,,,,,,,,,,,,,,,,,,,,,,,,,,,,,,,,,,,,,,,,,,,,,,,,,,,,,,,,,,,,,,,,,,,,,,,,
datasets/gov/aaa/ezeru_monitoringas/EzeruValstybinioMonitoringoDuomenys,94ed1dc6-dbd4-4f93-b76e-98ae3da35390,109c71df-05c8-46b9-b7b2-916e451cc1d7,,Alytaus,Simno ežeras,LTL196,Simno ežeras,POINT (6029242 476810),2020-07-22,21.1,15,3.2,9.3,8.6,0.6,391.0,3,0.03,0.003,0.06,1.0,0.093,0.011,0.076,,112.7,,,,,,,,,,,,,,,,,,,,,,,,,,,,,,,,,,,,,,,,,,,,,,,,,,,,,,,,,,,,,,,,,,,,,,,,,,,,,,,,,,,,,,,,,
datasets/gov/aaa/ezeru_monitoringas/EzeruValstybinioMonitoringoDuomenys,9505e6e4-b765-48b2-b926-854f944f8e02,8bbd3c62-b6e5-4f75-ad4a-49f5317ded5f,,Utenos,Čičirys,LTL222,Čičirys,POINT (6187704 628556),2017-07-19,18.9,1.8,3.2,9.4,8.8,6.3,291.0,1.5,"<0,014",0.001,0.04,0.055,0.34,"<0,002",0.009,,23.0,,,,,,,,,,,,,,,,,,,,,,,,,,,,,,,,,,,,,,,,,,,,,,,,,,,,,,,,,,,,,,,,,,,,,,,,,,,,,,,,,,,,,,,,,
datasets/gov/aaa/ezeru_monitoringas/EzeruValstybinioMonitoringoDuomenys,950cb748-5466-420b-b1a5-cba098dc4b67,eeff26d9-e5db-40b3-8b7c-e14d973094c8,,Vilniaus,Ilgajis,LTL279,Ilgajis,POINT (6130564 536518),2017-07-25,20.9,13,3.3,11.7,8.63,0.6,365.0,6.2,0.036,0.006,0.059,0.101,0.929,0.044,0.069,,2.2,,,,,,,,,,,,,,,,,,,,,,,,,,,,,,,,,,,,,,,,,,,,,,,,,,,,,,,,,,,,,,,,,,,,,,,,,,,,,,,,,,,,,,,,,
datasets/gov/aaa/ezeru_monitoringas/EzeruValstybinioMonitoringoDuomenys,9539246e-ace4-40f6-a498-191c6f50baf8,ac0630e0-d603-4689-b519-5e90137af49b,,Vilniaus RAAD,Monis,LTL370,Monis,,2022-05-05,10.8,<2,1,12.41,8.35,4.0,121.0,2.6,"<0,02","<0,005",0.059,0.084,0.392,"<0,015",0.018,,8.2,,,,,,,,,,,,,,,,,,,,,,,,,,,,,,,,,,,,,,,,,,,,,,,,,,,,,,,,,,,,,,,,,,,,,,,,,,,,,,,,,,,,,,,,,
datasets/gov/aaa/ezeru_monitoringas/EzeruValstybinioMonitoringoDuomenys,954395ed-a164-45c4-8081-a70e5d5765ce,16f2e78c-a3c8-49f6-9c5a-620219d27b9d,,Alytaus,Niedus,LTL240,Niedus,POINT (5986223 475252),2017-07-24,21.8,3.5,3,10.4,8.5,2.3,336.0,2.9,0.03,0.001,0.05,0.081,0.6,"<0,006",0.03,,11.0,,,,,,,,,,,,,,,,,,,,,,,,,,,,,,,,,,,,,,,,,,,,,,,,,,,,,,,,,,,,,,,,,,,,,,,,,,,,,,,,,,,,,,,,,
datasets/gov/aaa/ezeru_monitoringas/EzeruValstybinioMonitoringoDuomenys,957dce95-8a90-41c2-a523-8e8c1bee3f4f,33a0ee7a-4798-48fb-beb6-0eda156cbba1,,Utenos,Vencavas,LTL226,Vencavas,POINT (6177170 624162),2019-05-20,15.0,<2,2.2,11.6,8.8,6.2,221.0,1,"<0,014","<0,001",0.04,0.055,0.09,0.004,"<0,0081",,2.6,,,,,,,,,,,,,,,,,,,,,,,,,,,,,,,,,,,,,,,,,,,,,,,,,,,,,,,,,,,,,,,,,,,,,,,,,,,,,,,,,,,,,,,,,
datasets/gov/aaa/ezeru_monitoringas/EzeruValstybinioMonitoringoDuomenys,95b4cb06-bb7f-436e-9c00-76890fb95a64,c7bac4ac-5ef5-4036-a4af-ab4d6e60ca98,,Utenos RAAD,Suosa,LTL382,Suosa,,2022-05-11,14.4,5.5,4,11.8,8.5,1.8,457.0,3.5,"<0,014",0.031,0.1,0.145,0.17,0.005,0.017,,13.4,,,,,,,,,,,,,,,,,,,,,,,,,,,,,,,,,,,,,,,,,,,,,,,,,,,,,,,,,,,,,,,,,,,,,,,,,,,,,,,,,,,,,,,,,
datasets/gov/aaa/ezeru_monitoringas/EzeruValstybinioMonitoringoDuomenys,95b87fb5-4a5a-4abd-b0d1-f627b962eb46,3d977b01-adc4-476f-9535-39c58ef91427,,Šiaulių,Ilgis,LTL204,Ilgis,POINT (6210196 364291),2019-01-23,0.0,"<1,6",0.7,10.3,9.1,,142.0,"<2,9",0.089,0.004,0.24,0.333,0.77,"<0,005",0.015,,,,,,,,,,,,,,,,,,,,,,,,,,,,,,,,,,,,,,,,,,,,,,,,,,,,,,,,,,,,,,,,,,,,,,,,,,,,,,,,,,,,,,,,,,,
datasets/gov/aaa/ezeru_monitoringas/EzeruValstybinioMonitoringoDuomenys,95d5a6d8-21d9-43ca-a236-87a47d8687e3,dd15d283-00aa-4370-a647-42a84efa1bdf,,Alytaus RAAD,Atesys,LTL248,Atesys,,2022-08-18,25.5,3,3.9,8.0,8.2,4.0,604.0,2.8,0.06,0.048,0.1,0.208,1.8,"<0,007",0.022,,3.6,,,,,,,,,,,,,,,,,,,,,,,,,,,,,,,,,,,,,,,,,,,,,,,,,,,,,,,,,,,,,,,,,,,,,,,,,,,,,,,,,,,,,,,,,
datasets/gov/aaa/ezeru_monitoringas/EzeruValstybinioMonitoringoDuomenys,95d6471c-3c9b-41ea-a6a0-514ce6ee48a2,3e68d7a4-74f8-4697-af88-59735fa316e8,,Vilniaus,Bartkuškio tvenkinys,LTL128,Bartkuškio tvenkinys,POINT (6088672 560436),2019-08-29,21.9,2.5,4.8,9.4,8.47,1.6,502.0,2.4,"<0,015","<0,005",0.045,0.065,0.169,0.021,0.032,,25.6,,,,,,,,,,,,,,,,,,,,,,,,,,,,,,,,,,,,,,,,,,,,,,,,,,,,,,,,,,,,,,,,,,,,,,,,,,,,,,,,,,,,,,,,,
datasets/gov/aaa/ezeru_monitoringas/EzeruValstybinioMonitoringoDuomenys,95e2f488-bbc4-41ab-8d7a-909eb199bcff,61cb09af-e490-492a-ad4d-90cd74c80269,,Alytaus,Žuvintas,LTL29,Žuvintas,POINT (6037458 476746),2018-05-10,20.1,5,3.2,96.667,8.3,2.4,433.0,3.3,0.02,0.002,0.03,0.052,0.4,0.022,0.059,,5.1,,,,,,,,,,,,,,,,,,,,,,,,,,,,,,,,,,,,,,,,,,,,,,,,,,,,,,,,,,,,,,,,,,,,,,,,,,,,,,,,,,,,,,,,,
datasets/gov/aaa/ezeru_monitoringas/EzeruValstybinioMonitoringoDuomenys,95f8815d-2133-4b23-8f9e-fc20ee9034f4,c3f31584-8111-4a3e-8b65-47a4872deea3,,Utenos,Galuonai,LTL224,Galuonai,POINT (6114776 596830),2020-07-21,21.9,"<1,9",3.1,11.1,8.69,1.7,322.0,2,"<0,015","<0,005",0.054,0.074,0.526,"<0,015",0.035,,5.2,,,,,,,,,,,,,,,,,,,,,,,,,,,,,,,,,,,,,,,,,,,,,,,,,,,,,,,,,,,,,,,,,,,,,,,,,,,,,,,,,,,,,,,,,
datasets/gov/aaa/ezeru_monitoringas/EzeruValstybinioMonitoringoDuomenys,9603b1f8-81dd-42ed-8f26-013414b2512e,5f395fbc-8ea3-4f06-a508-5a862c096f20,,Alytaus,Simno ežeras,LTL196,Simno ežeras,POINT (6029242 476810),2020-05-27,15.5,7.5,3.1,11.7,8.6,1.1,469.0,2.9,0.08,0.002,0.07,0.8,0.152,0.007,0.054,,10.1,,,,,,,,,,,,,,,,,,,,,,,,,,,,,,,,,,,,,,,,,,,,,,,,,,,,,,,,,,,,,,,,,,,,,,,,,,,,,,,,,,,,,,,,,
datasets/gov/aaa/ezeru_monitoringas/EzeruValstybinioMonitoringoDuomenys,96156c14-c901-4623-8908-349e1e1e3030,7e0cbd03-f545-4236-af69-1ac76f45b94e,,Utenos,Suvieko ežeras,LTL304,Suvieko ežeras,POINT (6192624 632087),2020-10-15,12.6,<2,3.2,9.1,8.3,3.8,315.0,1.2,0.03,"<0,001",0.06,0.091,0.67,"<0,002",0.018,,5.5,,,,,,,,,,,,,,,,,,,,,,,,,,,,,,,,,,,,,,,,,,,,,,,,,,,,,,,,,,,,,,,,,,,,,,,,,,,,,,,,,,,,,,,,,
datasets/gov/aaa/ezeru_monitoringas/EzeruValstybinioMonitoringoDuomenys,9616d3cc-e56c-4160-b662-b970d5153818,34d267fb-7705-40b7-b80b-89c2f70e300c,,Vilniaus,Didžiulis,LTL134,Didžiulis,POINT (6061478 567200),2017-08-31,18.0,4.2,3.1,8.7,8.58,0.8,413.0,3.6,0.044,"<0,004","<0,016",0.064,0.454,"<0,014",0.087,,44.5,,,,,,,,,,,,,,,,,,,,,,,,,,,,,,,,,,,,,,,,,,,,,,,,,,,,,,,,,,,,,,,,,,,,,,,,,,,,,,,,,,,,,,,,,
datasets/gov/aaa/ezeru_monitoringas/EzeruValstybinioMonitoringoDuomenys,9636051e-59bc-44ea-ab7a-2c37d28bd997,7ad68fa6-4afc-43e6-bcdf-d95bef29b697,,Vilniaus,Gaveikių ežeras,LTL525,Gaveikių,POINT (6100859 589613),2018-07-16,22.6,2.1,3.9,110.981,8.54,2.1,356.0,2.2,0.023,"<0,004",0.048,0.075,0.14,"<0,014",0.016,,8.7,,,,,,,,,,,,,,,,,,,,,,,,,,,,,,,,,,,,,,,,,,,,,,,,,,,,,,,,,,,,,,,,,,,,,,,,,,,,,,,,,,,,,,,,,
datasets/gov/aaa/ezeru_monitoringas/EzeruValstybinioMonitoringoDuomenys,9666dd37-e025-4224-9fd0-94aa12677047,ee4ed042-a992-4ba1-ba57-7ad62e44997c,,Utenos,Asavas,LTL310,Asavas,POINT (6167521 638935),2017-05-04,8.9,"<1,7",2.8,12.3,8.4,4.1,275.0,2.9,"<0,014",0.002,0.07,0.086,0.51,"<0,002",0.01,,2.9,,,,,,,,,,,,,,,,,,,,,,,,,,,,,,,,,,,,,,,,,,,,,,,,,,,,,,,,,,,,,,,,,,,,,,,,,,,,,,,,,,,,,,,,,
datasets/gov/aaa/ezeru_monitoringas/EzeruValstybinioMonitoringoDuomenys,96769ad3-3d73-48ff-a097-8787f4369197,eecd0543-6eee-4391-8faa-52a9a7e6f793,,Utenos RAAD,Antalieptės HE tvenkinys,LTL433,Antalieptės HE tvenkinys,,2022-05-04,8.0,<2,3.3,13.2,8.3,6.0,333.0,2.4,"<0,014",0.002,0.08,0.096,0.56,0.007,0.013,,4.3,,,,,,,,,,,,,,,,,,,,,,,,,,,,,,,,,,,,,,,,,,,,,,,,,,,,,,,,,,,,,,,,,,,,,,,,,,,,,,,,,,,,,,,,,
datasets/gov/aaa/ezeru_monitoringas/EzeruValstybinioMonitoringoDuomenys,96780637-ce22-49a0-a720-5e7b12f2a84a,53995d84-496f-412e-b1a1-2ed00d18d497,,Utenos,Ūkojas,LTL221,Ūkojas,POINT (6139248 624905),2018-08-23,21.2,<2,3.6,95.346,8.7,4.1,342.0,0.94,"<0,014","<0,001",0.03,0.045,0.32,"<0,002",0.022,,4.5,,,,,,,,,,,,,,,,,,,,,,,,,,,,,,,,,,,,,,,,,,,,,,,,,,,,,,,,,,,,,,,,,,,,,,,,,,,,,,,,,,,,,,,,,
datasets/gov/aaa/ezeru_monitoringas/EzeruValstybinioMonitoringoDuomenys,9687a2e1-0fac-4a94-a0fb-7379e22d2d81,4b16212e-805b-48bc-9bfa-440451eb9b8c,,Alytaus,Šlavantas,LTL177,Šlavantas,POINT (6000220 476800),2018-07-17,22.6,4.5,2.7,106.308,8.6,2.8,357.0,2.2,0.04,0.003,0.04,0.083,0.5,0.034,0.082,,2.2,,,,,,,,,,,,,,,,,,,,,,,,,,,,,,,,,,,,,,,,,,,,,,,,,,,,,,,,,,,,,,,,,,,,,,,,,,,,,,,,,,,,,,,,,
datasets/gov/aaa/ezeru_monitoringas/EzeruValstybinioMonitoringoDuomenys,968e816d-bee1-448d-bc5e-0e17214ed93c,8d097c12-c26c-49be-815a-3d6dbd7ac02d,,Utenos,Drūkšiai,LTL52,Drūkšiai,POINT (6169167 664078),2021-07-15,27.75,2.9,2.7,9.5,8.7,4.0,257.0,2.4,"<0,014",0.002,0.03,0.046,0.49,0.002,0.01,,4.6,,,,,,,,,,,,,,,,,,,,,,,,,,,,,,,,,,,,,,,,,,,,,,,,,,,,,,,,,,,,,,,,,,,,,,,,,,,,,,,,,,,,,,,,,
datasets/gov/aaa/ezeru_monitoringas/EzeruValstybinioMonitoringoDuomenys,96d82904-3ac7-4907-a27c-523027b6aa2d,c6a313f1-ec89-4567-82c9-cacd938d568a,,Vilniaus,Lazdinių ežeras,LTL389,Lazdinių ežeras,POINT (6121375 667846),2019-05-07,11.5,"<1,9",4.3,10.6,8.81,1.9,471.0,3.3,0.032,0.008,0.302,0.342,1.36,"<0,015",0.024,,5.2,,,,,,,,,,,,,,,,,,,,,,,,,,,,,,,,,,,,,,,,,,,,,,,,,,,,,,,,,,,,,,,,,,,,,,,,,,,,,,,,,,,,,,,,,
datasets/gov/aaa/ezeru_monitoringas/EzeruValstybinioMonitoringoDuomenys,96eea9b2-ecc2-40c9-aa32-0095261734bd,2beaf416-4c13-43e8-80ca-2491574d45d8,,Alytaus,Juodas Kauknoris,LTL174,Juodas Kauknoris,POINT (5987342 470399),2017-08-22,21.7,4,3.2,8.2,8.3,1.6,272.0,3.1,0.04,0.003,0.04,0.083,0.5,"<0,006",0.048,,21.3,,,,,,,,,,,,,,,,,,,,,,,,,,,,,,,,,,,,,,,,,,,,,,,,,,,,,,,,,,,,,,,,,,,,,,,,,,,,,,,,,,,,,,,,,
datasets/gov/aaa/ezeru_monitoringas/EzeruValstybinioMonitoringoDuomenys,96fe296d-9be3-4952-9a05-a655e6944937,f5a4e3b6-7339-44e3-8c89-3529cbc51c05,,Vilniaus,Margis,LTL367,Margis,POINT (6052686 553571),2020-07-30,21.0,"<1,9",3.4,9.5,8.58,4.8,398.0,1.2,"<0,015","<0,005","<0,015",0.035,0.353,"<0,015",0.018,,7.6,,,,,,,,,,,,,,,,,,,,,,,,,,,,,,,,,,,,,,,,,,,,,,,,,,,,,,,,,,,,,,,,,,,,,,,,,,,,,,,,,,,,,,,,,
datasets/gov/aaa/ezeru_monitoringas/EzeruValstybinioMonitoringoDuomenys,972e4d8a-3666-48e4-8cd3-814e632d4ac9,b57b9cb6-1e7c-4ca1-a96d-54063836484f,,Utenos,Karališkių ežeras,LTL282,Karališkių ež.,POINT (6131847 569674),2020-07-28,21.5,4,3.2,9.5,8.71,1.4,306.0,2.6,"<0,015","<0,005",0.069,0.089,0.616,"<0,015",0.021,,14.9,,,,,,,,,,,,,,,,,,,,,,,,,,,,,,,,,,,,,,,,,,,,,,,,,,,,,,,,,,,,,,,,,,,,,,,,,,,,,,,,,,,,,,,,,
datasets/gov/aaa/ezeru_monitoringas/EzeruValstybinioMonitoringoDuomenys,9748e758-bf44-4f7f-a5a5-6aec59d28d10,57998733-167f-436d-bf06-38986c3e79e3,,Utenos,Šakarvai,LTL328,Šakarvai,POINT (6133236 630694),2021-08-24,19.4,<2,3.1,9.4,8.5,6.3,275.0,1.4,"<0,014",0.027,0.06,0.101,0.31,"<0,002",0.021,,2.52,,,,,,,,,,,,,,,,,,,,,,,,,,,,,,,,,,,,,,,,,,,,,,,,,,,,,,,,,,,,,,,,,,,,,,,,,,,,,,,,,,,,,,,,,
datasets/gov/aaa/ezeru_monitoringas/EzeruValstybinioMonitoringoDuomenys,97ae3b87-5060-4e66-ba76-a1d4a388ee1e,e54767b8-0f37-41ee-89b3-977cb5b9c449,,Utenos,Asveja(Dubingių ežeras),LTL449,Asveja,POINT (6101954 596299),2019-08-20,22.4,"<1,9",3.8,9.4,8.64,2.7,360.0,0.8,"<0,015","<0,005",0.024,0.044,0.09,"<0,015","<0,015",,1.8,,,,,,,,,,,,,,,,,,,,,,,,,,,,,,,,,,,,,,,,,,,,,,,,,,,,,,,,,,,,,,,,,,,,,,,,,,,,,,,,,,,,,,,,,
datasets/gov/aaa/ezeru_monitoringas/EzeruValstybinioMonitoringoDuomenys,97d56cb7-9775-4af1-b2e1-7bf37ee81a4d,f293bbea-cab0-441e-baac-18b13a53c01a,,Šiaulių,Ilgis,LTL204,Ilgis,POINT (6210196 364291),2018-09-06,19.0,<2,1.9,,8.1,2.3,162.0,1.8,0.021,0.002,"<0,003",0.026,0.39,"<0,005",0.023,,2.12,,,,,,,,,,,,,,,,,,,,,,,,,,,,,,,,,,,,,,,,,,,,,,,,,,,,,,,,,,,,,,,,,,,,,,,,,,,,,,,,,,,,,,,,,
datasets/gov/aaa/ezeru_monitoringas/EzeruValstybinioMonitoringoDuomenys,97d64b69-bdf5-44b9-9b0a-20946e847143,0b6afcf6-d58c-42dc-aed2-839e46df4fa4,,Šiaulių,Talkša,LTL267,Talkša,POINT (6200045 458364),2017-07-26,21.0,7.4,4.3,6.1,9.1,1.1,705.0,5.1,"<0,008",0.003,"<0,003",0.014,1.3,"<0,005",0.055,,5.21,,,,,,,,,,,,,,,,,,,,,,,,,,,,,,,,,,,,,,,,,,,,,,,,,,,,,,,,,,,,,,,,,,,,,,,,,,,,,,,,,,,,,,,,,
datasets/gov/aaa/ezeru_monitoringas/EzeruValstybinioMonitoringoDuomenys,97e61b9b-a76f-4ba2-a5d0-1676e6e09b4f,59e53fa9-1026-4035-968b-a68e478b685c,,Marijampolės,Marijampolės II tvenkinys,LTL198,Marijampolės II tvenkinys,POINT (6043689 457690),2019-05-23,22.2,5,2.7,12.8,8.6,1.6,585.0,2.7,0.06,0.003,0.58,0.643,1.3,0.029,0.084,,15.6,,,,,,,,,,,,,,,,,,,,,,,,,,,,,,,,,,,,,,,,,,,,,,,,,,,,,,,,,,,,,,,,,,,,,,,,,,,,,,,,,,,,,,,,,
datasets/gov/aaa/ezeru_monitoringas/EzeruValstybinioMonitoringoDuomenys,982a866a-0ef6-4d84-b6a1-407add67928c,fb810e0f-94b3-44ee-81c0-ea3be640c5b3,,Šiaulių,Mastis,LTL435,Mastis,POINT (6205996 390736),2020-07-20,26.0,32,2.5,9.1,8.7,1.0,266.0,7.1,0.064,0.004,0.1,0.168,2.6,"<0,005",0.12,,86.83,,,,,,,,,,,,,,,,,,,,,,,,,,,,,,,,,,,,,,,,,,,,,,,,,,,,,,,,,,,,,,,,,,,,,,,,,,,,,,,,,,,,,,,,,
datasets/gov/aaa/ezeru_monitoringas/EzeruValstybinioMonitoringoDuomenys,98991889-4fb5-4adf-9222-78bf03d88100,cd875ae2-42a3-4986-8412-e8a485ad7bbc,,Kauno RAAD,Švenčius,LTL144,Švenčius,,2022-07-26,22.7,8.5,2.6,7.0,8.12,1.2,269.0,4.8,"<0,02","<0,005",0.066,0.091,0.914,"<0,015",0.039,,28.8,,,,,,,,,,,,,,,,,,,,,,,,,,,,,,,,,,,,,,,,,,,,,,,,,,,,,,,,,,,,,,,,,,,,,,,,,,,,,,,,,,,,,,,,,
datasets/gov/aaa/ezeru_monitoringas/EzeruValstybinioMonitoringoDuomenys,98be6f90-3468-4400-83ea-aea71c63b7bf,1cd60e79-21e1-4bb5-b2d7-aeb7cccd3dd7,,Šiaulių,Platelių ežeras,LTL34,Plateliai,POINT (6214390 366955),2021-07-28,24.0,"<1,4",2.0,6.3,8.5,5.3,171.0,0.58,0.017,"<0,001","<0,002",0.02,0.77,"<0,006",0.01,,3.4,,,,,,,,,,,,,,,,,,,,,,,,,,,,,,,,,,,,,,,,,,,,,,,,,,,,,,,,,,,,,,,,,,,,,,,,,,,,,,,,,,,,,,,,,
datasets/gov/aaa/ezeru_monitoringas/EzeruValstybinioMonitoringoDuomenys,98cd0ed6-ffa3-4fc4-b6d5-439f0ad4f62c,21a5c963-7bc0-4b35-9f70-059860dc2486,,Šiaulių,Petraičių tvenkinys,LTL545,Petraičių tvenkinys,POINT (6198329 474729),2017-08-31,17.0,11,5.3,5.9,9.0,1.0,946.0,6.0,"<0,008",0.002,"<0,003",0.013,1.6,0.068,0.19,,25.1,,,,,,,,,,,,,,,,,,,,,,,,,,,,,,,,,,,,,,,,,,,,,,,,,,,,,,,,,,,,,,,,,,,,,,,,,,,,,,,,,,,,,,,,,
datasets/gov/aaa/ezeru_monitoringas/EzeruValstybinioMonitoringoDuomenys,98d93cdf-77fa-4a0a-870b-5285ee69bb49,e1c444a7-eeec-4f4a-8579-82f4f9fdb638,,Vilniaus,Didžiulis,LTL134,Didžiulis,POINT (6061478 567200),2017-10-11,11.0,6.6,3.2,7.1,7.88,1.2,431.0,2.7,0.427,0.009,0.117,0.553,1.18,"<0,014",0.059,,36.5,,,,,,,,,,,,,,,,,,,,,,,,,,,,,,,,,,,,,,,,,,,,,,,,,,,,,,,,,,,,,,,,,,,,,,,,,,,,,,,,,,,,,,,,,
datasets/gov/aaa/ezeru_monitoringas/EzeruValstybinioMonitoringoDuomenys,98f96da0-2bd1-4447-aadd-c250b116a68a,cf32a288-6661-4ffb-b358-438ed0417373,,Utenos RAAD,Ilgys,LTL305,Ilgys,,2022-10-10,10.6,<2,4,7.7,8.0,4.7,386.0,0.79,0.03,0.002,0.06,0.092,0.49,0.003,0.01,,2.4,,,,,,,,,,,,,,,,,,,,,,,,,,,,,,,,,,,,,,,,,,,,,,,,,,,,,,,,,,,,,,,,,,,,,,,,,,,,,,,,,,,,,,,,,
datasets/gov/aaa/ezeru_monitoringas/EzeruValstybinioMonitoringoDuomenys,99224637-f05a-4612-9c49-f147e21d2d70,1ed2417c-b5c4-4379-9e7c-c5f29c605e8c,,Alytaus RAAD,Latežeris,LTL513,Latežeris,,2022-07-18,19.8,3,2.4,12.6,9.0,0.6,245.0,5.8,0.09,0.009,0.08,0.179,0.51,0.007,0.059,,86.1,,,,,,,,,,,,,,,,,,,,,,,,,,,,,,,,,,,,,,,,,,,,,,,,,,,,,,,,,,,,,,,,,,,,,,,,,,,,,,,,,,,,,,,,,
datasets/gov/aaa/ezeru_monitoringas/EzeruValstybinioMonitoringoDuomenys,9971c62b-244f-4aaf-9b35-87a3a4b72c69,5c9a8267-857a-4aa6-a6b1-ddc1ef73c234,,Utenos,Dūburaitis,LTL528,Duburaitis,POINT (6187179 624173),2017-05-18,15.9,3.8,4.6,12.2,8.6,2.2,404.0,2.6,"<0,014",0.006,0.13,0.15,0.47,"<0,002",0.018,,9.7,,,,,,,,,,,,,,,,,,,,,,,,,,,,,,,,,,,,,,,,,,,,,,,,,,,,,,,,,,,,,,,,,,,,,,,,,,,,,,,,,,,,,,,,,
datasets/gov/aaa/ezeru_monitoringas/EzeruValstybinioMonitoringoDuomenys,99b9b034-fbfd-47f1-b9a2-d4ebbd205d79,78fcacfb-e00f-4dad-b4e1-9153debd5c8f,,Utenos,Samavas,LTL309,Samavas,POINT (6170134 639523),2018-08-27,20.3,<2,3.3,95.875,8.6,5,298.0,1.2,0.02,"<0,001",0.05,0.071,0.57,0.002,0.012,,4.4,,,,,,,,,,,,,,,,,,,,,,,,,,,,,,,,,,,,,,,,,,,,,,,,,,,,,,,,,,,,,,,,,,,,,,,,,,,,,,,,,,,,,,,,,
datasets/gov/aaa/ezeru_monitoringas/EzeruValstybinioMonitoringoDuomenys,99cac4c4-4437-4493-a2a5-f6f29115dcee,ebbda0ef-7ee0-47f0-869d-3ddb2987983a,,Utenos RAAD,Smalvas,LTL220,Smalvas,,2022-08-17,24.8,<2,2.1,8.9,8.3,7.2,228.0,0.81,"<0,014",0.001,0.02,0.035,0.41,"<0,002","<0,0081",,1.5,,,,,,,,,,,,,,,,,,,,,,,,,,,,,,,,,,,,,,,,,,,,,,,,,,,,,,,,,,,,,,,,,,,,,,,,,,,,,,,,,,,,,,,,,
datasets/gov/aaa/ezeru_monitoringas/EzeruValstybinioMonitoringoDuomenys,99fbf3ff-40b1-4ddc-86c6-c97f10a3f599,65393a71-085c-471a-ac7b-9248357f4f5c,,Utenos,Utenos tvenkinys,LTL431,Utenos,POINT (6155211 603513),2019-05-02,12.7,2.5,4.3,11.2,8.3,2.8,459.0,2.1,0.03,0.009,1,1.039,1.2,0.018,0.02,,2.6,,,,,,,,,,,,,,,,,,,,,,,,,,,,,,,,,,,,,,,,,,,,,,,,,,,,,,,,,,,,,,,,,,,,,,,,,,,,,,,,,,,,,,,,,
datasets/gov/aaa/ezeru_monitoringas/EzeruValstybinioMonitoringoDuomenys,9a2e30b6-b3cf-43fd-8cad-1e5dfd566a5b,3daefb38-d75a-4d4e-aa74-309d5a42184a,,Alytaus,Rimietis,LTL254,Rimietis,POINT (6018075 468017),2020-05-13,12.6,6.5,3.6,8.2,8.2,1.5,587.0,5.5,0.04,0.008,0.13,0.9,0.178,0.013,0.069,,11.6,,,,,,,,,,,,,,,,,,,,,,,,,,,,,,,,,,,,,,,,,,,,,,,,,,,,,,,,,,,,,,,,,,,,,,,,,,,,,,,,,,,,,,,,,
datasets/gov/aaa/ezeru_monitoringas/EzeruValstybinioMonitoringoDuomenys,9a5bb5eb-76b5-43f7-b06c-274944f840a0,891b2a2e-366a-401e-aec4-62f35acabc90,,Alytaus,Simno ežeras,LTL196,Simno ežeras,POINT (6029242 476810),2017-07-17,19.8,14,2.5,10.9,8.7,0.9,405.0,5.4,0.03,0.002,0.06,0.092,0.9,0.031,0.097,,63.3,,,,,,,,,,,,,,,,,,,,,,,,,,,,,,,,,,,,,,,,,,,,,,,,,,,,,,,,,,,,,,,,,,,,,,,,,,,,,,,,,,,,,,,,,
datasets/gov/aaa/ezeru_monitoringas/EzeruValstybinioMonitoringoDuomenys,9a61cc22-2ba6-4f8d-a27a-45a5f0aae2e9,6eb4a9a8-b474-48ed-b477-9328b18eb0a4,,Utenos,Baluošas,LTL211,Baluošas,POINT (6142721 628235),2019-07-30,22.3,<2,3.2,9.9,8.6,3.4,293.0,0.92,0.03,0.009,0.04,0.079,0.41,"<0,002",0.014,,1.4,,,,,,,,,,,,,,,,,,,,,,,,,,,,,,,,,,,,,,,,,,,,,,,,,,,,,,,,,,,,,,,,,,,,,,,,,,,,,,,,,,,,,,,,,
datasets/gov/aaa/ezeru_monitoringas/EzeruValstybinioMonitoringoDuomenys,9a6e5833-e264-4e3b-9054-5d9558a883a8,1f2edd58-d665-4e28-b156-aa60eb1432a3,,Utenos,Kumpuolis,LTL301,Kumpuolis,POINT (6174400 627317),2019-07-23,21.1,<2,3.7,9.4,8.5,5.0,346.0,1.2,0.03,"<0,001",0.05,0.081,0.29,0.003,0.015,,22.1,,,,,,,,,,,,,,,,,,,,,,,,,,,,,,,,,,,,,,,,,,,,,,,,,,,,,,,,,,,,,,,,,,,,,,,,,,,,,,,,,,,,,,,,,
datasets/gov/aaa/ezeru_monitoringas/EzeruValstybinioMonitoringoDuomenys,9aa7bba1-6860-4e83-bf42-e36e6a43197c,1a54340a-52ce-4e6a-a21a-2258d8f6cfbf,,Utenos,Alaušas,LTL231,Alaušas,POINT (6165828 607108),2021-09-30,12.1,<2,2.5,8.6,8.5,8.3,248.0,0.79,"<0,014","<0,001",0.02,0.035,0.54,0.003,0.013,,2.52,,,,,,,,,,,,,,,,,,,,,,,,,,,,,,,,,,,,,,,,,,,,,,,,,,,,,,,,,,,,,,,,,,,,,,,,,,,,,,,,,,,,,,,,,
datasets/gov/aaa/ezeru_monitoringas/EzeruValstybinioMonitoringoDuomenys,9b1816fc-ba1e-4f8a-9078-6f1980a074b7,abdbdbc2-c2bd-432a-9d53-9c3042361dc3,,Alytaus RAAD,Galstas,LTL390,Galstas,,2022-08-25,25.6,2,3.1,9.2,8.6,4.2,338.0,2.0,0.03,0.003,0.07,0.103,0.31,"<0,007",0.02,,4.2,,,,,,,,,,,,,,,,,,,,,,,,,,,,,,,,,,,,,,,,,,,,,,,,,,,,,,,,,,,,,,,,,,,,,,,,,,,,,,,,,,,,,,,,,
datasets/gov/aaa/ezeru_monitoringas/EzeruValstybinioMonitoringoDuomenys,9b3dd97d-7117-42c6-acf9-9c22a0b0be80,adab731c-b6ae-4481-98f8-d2b50d23a6ab,,Utenos,Asavas,LTL310,Asavas,POINT (6167521 638935),2021-06-14,21.1,<2,2.9,9.2,8.3,4.1,260.0,1.6,"<0,014",0.024,0.19,0.228,0.35,0.004,0.011,,3.7,,,,,,,,,,,,,,,,,,,,,,,,,,,,,,,,,,,,,,,,,,,,,,,,,,,,,,,,,,,,,,,,,,,,,,,,,,,,,,,,,,,,,,,,,
datasets/gov/aaa/ezeru_monitoringas/EzeruValstybinioMonitoringoDuomenys,9b68c56f-8a39-4759-8a31-110d1e4de098,d866ef9d-fbb5-449b-b824-7a565cf99ed8,,Utenos,Alnis,LTL65,Alnis,POINT (6127535 606156),2017-07-12,20.6,"<1,7",1.8,9.5,8.9,6.8,156.0,1.1,"<0,014",0.002,0.03,0.046,0.57,"<0,002","<0,0083",,,,,,,,,,,,,,,,,,,,,,,,,,,,,,,,,,,,,,,,,,,,,,,,,,,,,,,,,,,,,,,,,,,,,,,,,,,,,,,,,,,,,,,,,,,
datasets/gov/aaa/ezeru_monitoringas/EzeruValstybinioMonitoringoDuomenys,9b9cd756-8b4d-4b7a-99e8-9f6063207568,455db982-f514-4156-a90d-06245d5cefb0,,Alytaus RAAD,Alovės ežeras,LTL192,Alovės ež.,,2022-07-20,20.6,4,3.2,9.1,8.4,1.0,350.0,5.2,0.02,0.004,0.2,0.224,1.0,0.02,0.042,,41.8,,,,,,,,,,,,,,,,,,,,,,,,,,,,,,,,,,,,,,,,,,,,,,,,,,,,,,,,,,,,,,,,,,,,,,,,,,,,,,,,,,,,,,,,,
datasets/gov/aaa/ezeru_monitoringas/EzeruValstybinioMonitoringoDuomenys,9bb008ae-2245-4efd-a641-e9d8f5d083d5,04c66f1e-279a-47a6-aaa8-51c9505ed4c5,,Utenos,Šventas,LTL39,Šventas,POINT (6166706 644760),2021-08-16,20.5,<2,0.97,9.4,8.5,5.3,86.0,1.1,0.02,"<0,001",0.26,0.281,0.54,"<0,002","<0,0081",,6.22,,,,,,,,,,,,,,,,,,,,,,,,,,,,,,,,,,,,,,,,,,,,,,,,,,,,,,,,,,,,,,,,,,,,,,,,,,,,,,,,,,,,,,,,,
datasets/gov/aaa/ezeru_monitoringas/EzeruValstybinioMonitoringoDuomenys,9bbe0eb9-fe11-45e5-9fdc-b05d65ce1e32,09963252-4cce-4aba-bfea-ec5b3b855aa0,,Utenos,Klykių ežeras,LTL539,Klykių,POINT (6149905 611418),2018-07-31,25.2,<2,1.3,114.251,8.8,6.3,147.0,0.7,"<0,014","<0,001",0.02,0.035,0.14,"<0,002","<0,0083",,1.2,,,,,,,,,,,,,,,,,,,,,,,,,,,,,,,,,,,,,,,,,,,,,,,,,,,,,,,,,,,,,,,,,,,,,,,,,,,,,,,,,,,,,,,,,
datasets/gov/aaa/ezeru_monitoringas/EzeruValstybinioMonitoringoDuomenys,9bbe9a97-1390-444b-9f1b-bef301e9a9a4,3e2f0d3e-7d2c-4f49-b051-2177ab749f9c,,Alytaus,Ūdrijos ežeras,LTL511,Ūdrijos ežeras,POINT (6033214 490256),2020-09-15,17.2,21,3.8,12.8,8.9,0.4,462.0,8.4,0.07,0.005,0.2,3.5,0.275,0.009,0.14,,85.8,,,,,,,,,,,,,,,,,,,,,,,,,,,,,,,,,,,,,,,,,,,,,,,,,,,,,,,,,,,,,,,,,,,,,,,,,,,,,,,,,,,,,,,,,
datasets/gov/aaa/ezeru_monitoringas/EzeruValstybinioMonitoringoDuomenys,9bc0e2f9-b2ff-4270-8c58-30c5c155521c,b68d4f93-094c-4c09-b413-1cba1a17b88c,,Kauno,Kalvių ežeras,LTL141,Kalvių ežeras,POINT (6064207 517746),2017-08-16,21.2,5.1,3.6,6.4,8.07,1.2,361.0,3.0,0.042,0.002,0.062,0.106,0.78,"<0,006",0.092,,7.9,,,,,,,,,,,,,,,,,,,,,,,,,,,,,,,,,,,,,,,,,,,,,,,,,,,,,,,,,,,,,,,,,,,,,,,,,,,,,,,,,,,,,,,,,
datasets/gov/aaa/ezeru_monitoringas/EzeruValstybinioMonitoringoDuomenys,9bc3abe5-921e-4618-b6e5-a4fa0bd2ae40,ff58a4d1-a180-4194-8d62-9de970f7c82c,,Šiaulių,Vaitiekūnų tvenkinys,LTL408,Vaitiekūnų tvenkinys,POINT (6150901 477949),2020-08-24,22.0,4.1,5.1,8.2,8.2,2.1,598.0,2.1,0.068,0.038,0.71,0.816,1.6,"<0,005",0.048,,14.38,,,,,,,,,,,,,,,,,,,,,,,,,,,,,,,,,,,,,,,,,,,,,,,,,,,,,,,,,,,,,,,,,,,,,,,,,,,,,,,,,,,,,,,,,
datasets/gov/aaa/ezeru_monitoringas/EzeruValstybinioMonitoringoDuomenys,9bc5cc2d-1eef-4f1c-b3b2-8eff167c9b10,49ff9e09-041b-4644-b824-48aa0c866c67,,Kauno,KAUNO MARIOS,LTL71,Kauno HE,POINT (6084954 505731),2017-08-08,21.899999999999995,2.8,3.7,8.0,8.4,2.3,414.0,2.6,0.13,0.012,0.11,0.252,0.65,0.11,0.16,8.06,,208,"<0,01","<0,1",<1,<1,1.5,"<0,5",0.59,<30,<5,<2,<15,"<0,002","<0,002","<0,002","<0,004","<0,001","<0,001","<0,004","<0,003","<0,05","<0,05","<0,05","<0,05","<0,05","<0,05","<0,1","<0,2","<0,2","<0,2","<0,1","<0,1","<0,2","<0,2","<0,1","<0,2","<0,005","<0,005","<0,005","<0,005","<0,005","<0,005","<0,005","<0,005","<0,005","<0,004","<0,004","<0,005","<0,005","<0,005","<0,005","<0,025","<0,04","<0,04","<0,04","<0,05","<0,04","<0,004","<0,003",,,,"<0,005","<0,005","<0,006","<0,12","<0,005","<0,005","<0,005","<0,005","<0,005","<0,005","<0,005","<0,01","<0,01","<0,01","<0,01","<0,01","<0,01","<0,01","<0,001",,,,,,,,
datasets/gov/aaa/ezeru_monitoringas/EzeruValstybinioMonitoringoDuomenys,9bd8fb05-056c-4038-94e4-9a70c4ea1e34,84a86006-019f-4e0e-87f4-c5bc73c4efcb,,Utenos RAAD,Ilgis,LTL306,Ilgys,,2022-05-16,13.5,2.4,3.6,11.4,8.3,3.6,383.0,2.5,"<0,014",0.007,0.56,0.581,1.0,0.009,0.021,,6.7,,,,,,,,,,,,,,,,,,,,,,,,,,,,,,,,,,,,,,,,,,,,,,,,,,,,,,,,,,,,,,,,,,,,,,,,,,,,,,,,,,,,,,,,,
datasets/gov/aaa/ezeru_monitoringas/EzeruValstybinioMonitoringoDuomenys,9bdb2cb9-8f5d-47f7-8bf5-82f395909ed6,eaec1a86-dc50-42d6-bf7e-953d7fa7629c,,Šiaulių,Platelių ežeras,LTL34,Plateliai,POINT (6214390 366955),2021-06-09,20.0,"<1,4",2.0,10.4,8.4,5.4,182.0,0.85,0.019,0.002,0.004,0.025,0.45,"<0,006",0.012,,4.14,,,,,,,,,,,,,,,,,,,,,,,,,,,,,,,,,,,,,,,,,,,,,,,,,,,,,,,,,,,,,,,,,,,,,,,,,,,,,,,,,,,,,,,,,
datasets/gov/aaa/ezeru_monitoringas/EzeruValstybinioMonitoringoDuomenys,9beecb30-b3b9-46fd-89e2-494a75c5e8c3,896b9da1-8f68-4619-94f8-1c1c2e43b27a,,Vilniaus,Gilūšis,LTL534,Gilūšis,POINT (6067815 539828),2020-08-12,22.9,"<1,9",3.8,8.9,8.34,2.0,430.0,1.4,"<0,015","<0,005",0.044,0.064,0.122,"<0,015",0.018,,4.5,,,,,,,,,,,,,,,,,,,,,,,,,,,,,,,,,,,,,,,,,,,,,,,,,,,,,,,,,,,,,,,,,,,,,,,,,,,,,,,,,,,,,,,,,
datasets/gov/aaa/ezeru_monitoringas/EzeruValstybinioMonitoringoDuomenys,9bf8e783-89f6-4007-bb1b-9731528d2e03,3f69ea42-9e57-4605-bc40-f25adc9c3203,,Panevėžio RAAD,Kupiškio tvenkinys,LTL417,Kupiškio,,2022-05-03,10.3,2.1,4.5,11.8,8.4,2.0,511.0,1.6,"<0,014",0.02,3.5,3.534,4.2,0.004,0.021,,17.8,,,,,,,,,,,,,,,,,,,,,,,,,,,,,,,,,,,,,,,,,,,,,,,,,,,,,,,,,,,,,,,,,,,,,,,,,,,,,,,,,,,,,,,,,
datasets/gov/aaa/ezeru_monitoringas/EzeruValstybinioMonitoringoDuomenys,9c4a0551-d08a-41cd-b40f-40210e0c6088,0679f373-0e42-4b48-8222-95b631f9a2ac,,Alytaus,Jiezno ežeras,LTL463,Jiezno ež.,POINT (6050851 511323),2021-08-20,20.0,5.5,3.0,10.5,8.8,0.8,456.0,5.8,0.02,0.002,0.05,0.072,1.3,0.02,0.099,,75.64,,,,,,,,,,,,,,,,,,,,,,,,,,,,,,,,,,,,,,,,,,,,,,,,,,,,,,,,,,,,,,,,,,,,,,,,,,,,,,,,,,,,,,,,,
datasets/gov/aaa/ezeru_monitoringas/EzeruValstybinioMonitoringoDuomenys,9ca0e917-78c0-42ef-9fd1-8955e32670f0,b2a5826d-106a-4a87-aac7-ecbd0d068f64,,Utenos,Svirkų ežeras,LTL388,Svirkų ežeras,POINT (6130406 669588),2019-07-23,21.2,3.9,3.9,8.6,8.66,0.7,423.0,7.3,0.037,0.008,0.618,0.663,0.702,"<0,015",0.031,,79.6,,,,,,,,,,,,,,,,,,,,,,,,,,,,,,,,,,,,,,,,,,,,,,,,,,,,,,,,,,,,,,,,,,,,,,,,,,,,,,,,,,,,,,,,,
datasets/gov/aaa/ezeru_monitoringas/EzeruValstybinioMonitoringoDuomenys,9cf63496-c121-4d21-8bd4-7dd203db8352,0ba5bafb-0d73-4ad0-af55-589a1c671db7,,Utenos,Šakarvai,LTL328,Šakarvai,POINT (6133236 630694),2021-10-04,11.8,<2,3.1,10.3,8.4,8.2,304.0,0.94,"<0,014",0.024,0.09,0.128,0.43,0.005,"<0,0081",,2.37,,,,,,,,,,,,,,,,,,,,,,,,,,,,,,,,,,,,,,,,,,,,,,,,,,,,,,,,,,,,,,,,,,,,,,,,,,,,,,,,,,,,,,,,,
datasets/gov/aaa/ezeru_monitoringas/EzeruValstybinioMonitoringoDuomenys,9cf919f0-ecf2-488f-83ef-d5cea9c3a1dd,608d8cfc-c47b-409f-8e87-12c77d547716,,Utenos,Stirniai,LTL343,Stirniai,POINT (6124518 605749),2019-09-10,20.0,<2,2.5,8.2,8.4,4.6,242.0,1,"<0,014","<0,001",0.02,0.035,0.65,"<0,002",0.011,,3.8,,,,,,,,,,,,,,,,,,,,,,,,,,,,,,,,,,,,,,,,,,,,,,,,,,,,,,,,,,,,,,,,,,,,,,,,,,,,,,,,,,,,,,,,,
datasets/gov/aaa/ezeru_monitoringas/EzeruValstybinioMonitoringoDuomenys,9d172d04-1815-4e06-bfc4-4d9b278e42b0,2c416f01-b2dc-4877-8c71-0a0994511d5a,,Alytaus,Kavalys,LTL465,Kavalys,POINT (6032343 495560),2020-07-16,21.4,2,3.8,11.1,8.7,1.6,365.0,3.8,0.02,0.005,0.09,0.8,0.115,0.011,0.056,,18.9,,,,,,,,,,,,,,,,,,,,,,,,,,,,,,,,,,,,,,,,,,,,,,,,,,,,,,,,,,,,,,,,,,,,,,,,,,,,,,,,,,,,,,,,,
datasets/gov/aaa/ezeru_monitoringas/EzeruValstybinioMonitoringoDuomenys,9d1f4458-5657-4ee4-bb98-7f951831c8c7,cbe256ce-17c6-490d-8136-8fcbc1fbfa00,,Utenos,Šventas,LTL39,Šventas,POINT (6166706 644760),2017-05-03,7.6,"<1,7",1,12.03,8.1,7.8,97.0,1.6,0.07,0.002,0.06,0.132,0.59,"<0,002","<0,0083",,49.39,,,,,,,,,,,,,,,,,,,,,,,,,,,,,,,,,,,,,,,,,,,,,,,,,,,,,,,,,,,,,,,,,,,,,,,,,,,,,,,,,,,,,,,,,
datasets/gov/aaa/ezeru_monitoringas/EzeruValstybinioMonitoringoDuomenys,9d21dc67-efd4-4195-bf93-c269f6cc1776,87a2def4-0829-4a21-9762-0a9469443590,,Utenos,Indrajai,LTL232,Indrajai,POINT (6165088 612828),2021-07-21,25.2,2.3,4.0,8.9,8.6,2.8,392.0,1.8,0.02,0.007,0.09,0.117,0.84,"<0,002","<0,0081",,6.0,,,,,,,,,,,,,,,,,,,,,,,,,,,,,,,,,,,,,,,,,,,,,,,,,,,,,,,,,,,,,,,,,,,,,,,,,,,,,,,,,,,,,,,,,
datasets/gov/aaa/ezeru_monitoringas/EzeruValstybinioMonitoringoDuomenys,9d54a390-d0b7-4527-84fe-796a9951eef8,2ac2dceb-5f77-43ca-9ab0-2f1db05c24c5,,Utenos,Tauragnas,LTL442,Tauragnas,POINT (6147505 619651),2020-08-20,21.4,<2,2.6,9.8,8.6,4.2,245.0,0.54,"<0,014","<0,001",0.04,0.055,0.55,"<0,002",0.01,,2.6,,,,,,,,,,,,,,,,,,,,,,,,,,,,,,,,,,,,,,,,,,,,,,,,,,,,,,,,,,,,,,,,,,,,,,,,,,,,,,,,,,,,,,,,,
datasets/gov/aaa/ezeru_monitoringas/EzeruValstybinioMonitoringoDuomenys,9d8f6917-a8ba-4875-af7e-223ae5141220,a04a6db6-b7f7-4cb7-a5b7-7a3ac63a27a6,,Utenos,Alaušai,LTL452,Alaušai,POINT (6129479 569749),2018-07-17,22.2,2.3,3.2,123.986,9.2,2.3,297.0,2.1,0.05,"<0,001",0.02,0.071,0.65,0.006,0.023,,9.4,,,,,,,,,,,,,,,,,,,,,,,,,,,,,,,,,,,,,,,,,,,,,,,,,,,,,,,,,,,,,,,,,,,,,,,,,,,,,,,,,,,,,,,,,
datasets/gov/aaa/ezeru_monitoringas/EzeruValstybinioMonitoringoDuomenys,9dad8e64-1b42-4239-9def-15a5de9fc105,deb7c369-fb65-499d-97e4-973d8068cd03,,Alytaus,Didžiulis,LTL197,Didžiulis,POINT (6022712 523178),2021-09-30,12.3,2,2.9,8.8,8.4,4.4,327.0,1.9,0.02,0.002,0.06,0.082,0.21,"<0,007",0.055,,0.89,,,,,,,,,,,,,,,,,,,,,,,,,,,,,,,,,,,,,,,,,,,,,,,,,,,,,,,,,,,,,,,,,,,,,,,,,,,,,,,,,,,,,,,,,
datasets/gov/aaa/ezeru_monitoringas/EzeruValstybinioMonitoringoDuomenys,9dbc0420-b788-4bbb-8323-982eb28115cc,dd2de198-6109-431b-b304-85e7d78afa63,,Vilniaus,Kampuolis,LTL526,Kampuolis,POINT (6118311 623246),2019-09-18,15.1,4.5,2.4,8.0,7.89,1.3,238.0,2.3,0.076,"<0,005",0.016,0.097,0.198,0.015,0.017,,23.7,,,,,,,,,,,,,,,,,,,,,,,,,,,,,,,,,,,,,,,,,,,,,,,,,,,,,,,,,,,,,,,,,,,,,,,,,,,,,,,,,,,,,,,,,
datasets/gov/aaa/ezeru_monitoringas/EzeruValstybinioMonitoringoDuomenys,9de6ea77-ac17-486c-ad69-eec37427a8bb,69e4ce5c-3b3a-491b-bde5-84a6067d5b60,,Šiaulių,Ilgis,LTL204,Ilgis,POINT (6210196 364291),2019-05-08,13.0,<2,1.6,8.6,8.7,2.2,157.0,1.5,"<0,005",0.001,0.006,0.012,0.56,"<0,005",0.015,,3.59,,,,,,,,,,,,,,,,,,,,,,,,,,,,,,,,,,,,,,,,,,,,,,,,,,,,,,,,,,,,,,,,,,,,,,,,,,,,,,,,,,,,,,,,,
datasets/gov/aaa/ezeru_monitoringas/EzeruValstybinioMonitoringoDuomenys,9e2f1c1f-ef76-4025-9a3c-fa6fa714c7b6,53f486b9-b2db-412e-b350-fa058f0c6057,,Utenos,Stirniai,LTL343,Stirniai,POINT (6124518 605749),2019-06-17,23.7,<2,2.5,9.0,8.7,4.0,236.0,2.5,0.02,"<0,001",0.03,0.051,0.47,0.003,0.01,,5.2,,,,,,,,,,,,,,,,,,,,,,,,,,,,,,,,,,,,,,,,,,,,,,,,,,,,,,,,,,,,,,,,,,,,,,,,,,,,,,,,,,,,,,,,,
datasets/gov/aaa/ezeru_monitoringas/EzeruValstybinioMonitoringoDuomenys,9e2fd86b-4745-4f39-b5ff-d42a20385e07,31833df2-bc64-4ff4-b554-f97aa6c8b208,,Vilniaus,Kadrėnų tvenkinys,LTL162,Kadrėnų tvenkinys,POINT (6130624 552576),2017-10-03,11.2,<2,4,5.4,7.83,1.1,566.0,1.7,0.063,0.023,4.25,4.336,4.39,0.021,0.04,,3.3,,,,,,,,,,,,,,,,,,,,,,,,,,,,,,,,,,,,,,,,,,,,,,,,,,,,,,,,,,,,,,,,,,,,,,,,,,,,,,,,,,,,,,,,,
datasets/gov/aaa/ezeru_monitoringas/EzeruValstybinioMonitoringoDuomenys,9e3a11f2-4ec3-492b-8fd3-d0693d9e69ed,efa2e807-c943-409e-8c7b-a46c19627b42,,Alytaus,Grūda,LTL396,Grūda,POINT (5974641 520687),2018-09-13,20.4,5,1.9,115.084,8.9,0.7,218.0,4,0.07,0.004,0.12,0.194,0.8,0.022,0.061,,45.8,,,,,,,,,,,,,,,,,,,,,,,,,,,,,,,,,,,,,,,,,,,,,,,,,,,,,,,,,,,,,,,,,,,,,,,,,,,,,,,,,,,,,,,,,
datasets/gov/aaa/ezeru_monitoringas/EzeruValstybinioMonitoringoDuomenys,9e43348e-a1d8-4e79-9fcd-a86b919d4074,805da742-9cae-4cd8-9090-91d4cede7f6f,,Vilniaus,Vilkokšnis,LTL373,Vilkokšnis,POINT (6041527 543621),2021-08-25,19.1,<2,2.7,8.5,8.37,2.6,320.0,2,0.022,"<0,005",0.029,0.056,0.403,"<0,015",0.02,,17.99,,,,,,,,,,,,,,,,,,,,,,,,,,,,,,,,,,,,,,,,,,,,,,,,,,,,,,,,,,,,,,,,,,,,,,,,,,,,,,,,,,,,,,,,,
datasets/gov/aaa/ezeru_monitoringas/EzeruValstybinioMonitoringoDuomenys,9e591786-b69a-4455-8133-19e356abc505,e5b0846e-7b02-4a66-a059-ec899d0a7423,,Šiaulių,Lūkstas,LTL48,Lūkstas,POINT (6176834 395151),2019-07-29,24.0,13,4.8,6.2,8.6,1.7,249.0,3.4,0.021,0.001,"<0,003",0.025,0.65,"<0,005",0.039,,20.72,,,,,,,,,,,,,,,,,,,,,,,,,,,,,,,,,,,,,,,,,,,,,,,,,,,,,,,,,,,,,,,,,,,,,,,,,,,,,,,,,,,,,,,,,
datasets/gov/aaa/ezeru_monitoringas/EzeruValstybinioMonitoringoDuomenys,9ec385da-0d6a-457f-a515-a78313f2cd31,57e95424-6baa-4252-9ec1-f7d0a77227af,,Utenos,Žilmas,LTL398,Žilmas,POINT (6154895 657251),2021-05-12,12.3,<2,2.9,11.9,8.4,4.0,279.0,1.9,0.02,0.003,0.16,0.183,0.85,0.01,0.02,,5.5,,,,,,,,,,,,,,,,,,,,,,,,,,,,,,,,,,,,,,,,,,,,,,,,,,,,,,,,,,,,,,,,,,,,,,,,,,,,,,,,,,,,,,,,,
datasets/gov/aaa/ezeru_monitoringas/EzeruValstybinioMonitoringoDuomenys,9ed27731-0445-472f-9f7c-5f730aed6a59,7c04d150-f421-4dac-83d0-bea9b7d8ada2,,Alytaus,Savistas,LTL250,Savistas,POINT (6022658 526276),2018-07-18,23.4,5,3.3,94.899,8.5,3.1,346.0,2.8,0.04,0.002,0.03,0.072,0.6,0.014,0.035,,5.1,,,,,,,,,,,,,,,,,,,,,,,,,,,,,,,,,,,,,,,,,,,,,,,,,,,,,,,,,,,,,,,,,,,,,,,,,,,,,,,,,,,,,,,,,
datasets/gov/aaa/ezeru_monitoringas/EzeruValstybinioMonitoringoDuomenys,9ed65bf5-1798-413b-8b30-14c96ad0fe97,c876e51c-335a-412d-85da-032ae965716a,,Šiaulių,Kairių ežeras,LTL265,Kairių ežeras,POINT (6197781 464163),2019-08-26,22.0,2.4,1.6,8.5,7.0,1.7,421.0,3.8,0.037,0.002,0.011,0.05,1.4,"<0,005",0.023,,6.81,,,,,,,,,,,,,,,,,,,,,,,,,,,,,,,,,,,,,,,,,,,,,,,,,,,,,,,,,,,,,,,,,,,,,,,,,,,,,,,,,,,,,,,,,
datasets/gov/aaa/ezeru_monitoringas/EzeruValstybinioMonitoringoDuomenys,9ed6b5d1-d51f-4419-9165-9698806d370c,178b4941-96b1-49dd-aafc-6422b9ff0b31,,Alytaus,Latežeris,LTL513,Latežeris,POINT (5982569 506877),2017-07-20,22.5,38,3.4,19.3,9.4,0.6,204.0,4.5,0.04,0.003,0.07,0.113,0.8,"<0,006",0.073,,5.5,,,,,,,,,,,,,,,,,,,,,,,,,,,,,,,,,,,,,,,,,,,,,,,,,,,,,,,,,,,,,,,,,,,,,,,,,,,,,,,,,,,,,,,,,
datasets/gov/aaa/ezeru_monitoringas/EzeruValstybinioMonitoringoDuomenys,9eda07e5-3410-4ee7-b45f-564aeca143d0,f7485c98-bb9d-47bb-bf59-4b2bcc1c8e28,,Utenos RAAD,Suosa,LTL382,Suosa,,2022-07-22,22.7,7.2,4.4,9.8,8.4,1.8,462.0,2.5,0.03,0.028,0.35,0.408,1.5,0.005,0.016,,7.8,,,,,,,,,,,,,,,,,,,,,,,,,,,,,,,,,,,,,,,,,,,,,,,,,,,,,,,,,,,,,,,,,,,,,,,,,,,,,,,,,,,,,,,,,
datasets/gov/aaa/ezeru_monitoringas/EzeruValstybinioMonitoringoDuomenys,9ee2df75-e5e2-46ac-905f-edf33ddc528b,cdbe5894-885b-4549-b87b-23b11a97b465,,Vilniaus,Ilgės,LTL135,Ilgės,POINT (6071412 538048),2017-05-23,17.2,3.2,3.7,8.37,7.91,1.1,416.0,5.8,0.19,0.0056,0.051,0.24659999999999999,1.4,0.0022,0.0492,,31.0,,,,,,,,,,,,,,,,,,,,,,,,,,,,,,,,,,,,,,,,,,,,,,,,,,,,,,,,,,,,,,,,,,,,,,,,,,,,,,,,,,,,,,,,,
datasets/gov/aaa/ezeru_monitoringas/EzeruValstybinioMonitoringoDuomenys,9eff81a8-8642-42ec-9599-8050b0506b01,c46d6bb6-b106-41b1-ac71-3a4f2b35f8af,,Aplinkos apsaugos departamento Šiaulių valdyba,Gudelių ežeras,LTL264,Gudelių ež.,,2022-05-04,13.0,1.8,4.2,9.3,9.1,2.3,419.0,3.2,0.027,0.008,0.13,0.165,1.5,"<0,006",0.019,,3.95,,,,,,,,,,,,,,,,,,,,,,,,,,,,,,,,,,,,,,,,,,,,,,,,,,,,,,,,,,,,,,,,,,,,,,,,,,,,,,,,,,,,,,,,,
datasets/gov/aaa/ezeru_monitoringas/EzeruValstybinioMonitoringoDuomenys,9f078511-1cae-499f-a5a4-6622f71f1272,993fa313-4408-442d-afdb-66c55f73623d,,Panevėžio,Širvėnos ežeras,LTL437,Širvėnos ežeras,POINT (6231517 547007),2017-09-27,13.4,2.6,6,8.4,8.4,2.8,609.0,1.9,0.04,0.024,2.6,2.664,3.5,0.005,0.031,,19.5,,,,,,,,,,,,,,,,,,,,,,,,,,,,,,,,,,,,,,,,,,,,,,,,,,,,,,,,,,,,,,,,,,,,,,,,,,,,,,,,,,,,,,,,,
datasets/gov/aaa/ezeru_monitoringas/EzeruValstybinioMonitoringoDuomenys,9f0b6250-3d2c-42e6-8ea1-7fa46e0ccfdc,9ddd1766-4384-4c86-8bb9-d55a19715635,,Utenos,Šakarvai,LTL328,Šakarvai,POINT (6133236 630694),2021-07-22,24.8,<2,3.1,8.5,8.4,3.0,287.0,0.93,"<0,014","<0,001",0.02,0.035,0.45,0.005,0.01,,2.3,,,,,,,,,,,,,,,,,,,,,,,,,,,,,,,,,,,,,,,,,,,,,,,,,,,,,,,,,,,,,,,,,,,,,,,,,,,,,,,,,,,,,,,,,
datasets/gov/aaa/ezeru_monitoringas/EzeruValstybinioMonitoringoDuomenys,9f95cbde-fe66-4384-8394-40aef6adb32c,21dfbdbf-bc6c-42f1-90d4-ef201c843002,,Klaipėdos,Draudenių ežeras,LTL205,Draudenių ežeras,POINT (6132497 371778),2017-05-03,8.0,<2,3.2,7.8,9.0,1.8,387.0,4.9,0.008,0.003,0.38,0.391,0.91,0.005,0.017,,10.26,,,,,,,,,,,,,,,,,,,,,,,,,,,,,,,,,,,,,,,,,,,,,,,,,,,,,,,,,,,,,,,,,,,,,,,,,,,,,,,,,,,,,,,,,
datasets/gov/aaa/ezeru_monitoringas/EzeruValstybinioMonitoringoDuomenys,9f9b8dba-1c3f-4446-8fe1-c6255b8fa8d8,f3b2e942-97d8-4179-b42c-6880839cdc47,,Utenos,Vasaknas,LTL297,Vasaknas,POINT (6173874 612109),2017-10-03,12.9,2.1,4.3,7.1,8.2,5.3,282.0,0.9,0.05,0.004,0.05,0.104,0.86,0.014,0.029,,3.3,,,,,,,,,,,,,,,,,,,,,,,,,,,,,,,,,,,,,,,,,,,,,,,,,,,,,,,,,,,,,,,,,,,,,,,,,,,,,,,,,,,,,,,,,
datasets/gov/aaa/ezeru_monitoringas/EzeruValstybinioMonitoringoDuomenys,9fb6904b-a5e2-4090-aae6-cc4453f942cd,c31442be-feeb-4027-adf4-ba573c463e07,,Kauno,Janušonių tvenkinys,LTL412,Janušonių tvenkinys,POINT (6110588 490400),2017-08-23,20.3,7,5.1,5.3,8.48,0.9,483.0,4.4,0.1,0.008,0.09,0.198,1.1,"<0,006",0.062,,27.9,,,,,,,,,,,,,,,,,,,,,,,,,,,,,,,,,,,,,,,,,,,,,,,,,,,,,,,,,,,,,,,,,,,,,,,,,,,,,,,,,,,,,,,,,
datasets/gov/aaa/ezeru_monitoringas/EzeruValstybinioMonitoringoDuomenys,a0163db0-5c0a-485d-851e-2a4020b25160,d90343ae-7b0f-4efc-9424-8135d0ff78c8,,Vilniaus,Rašia,LTL218,Rašia,POINT (6120837 608102),2018-07-26,23.9,<2,2.2,104.192,8.65,4.9,243.0,2,"<0,01","<0,004",0.018,0.032,0.115,"<0,014","<0,014",,4,,,,,,,,,,,,,,,,,,,,,,,,,,,,,,,,,,,,,,,,,,,,,,,,,,,,,,,,,,,,,,,,,,,,,,,,,,,,,,,,,,,,,,,,,
datasets/gov/aaa/ezeru_monitoringas/EzeruValstybinioMonitoringoDuomenys,a03de0ed-0b52-4903-b190-c053ebb35ddd,60d24930-23e4-4f18-aa33-687dc2a6bdab,,Alytaus,Kavalys,LTL465,Kavalys,POINT (6032343 495560),2020-05-18,12.5,6,3.6,9.4,8.2,1.6,396.0,3.2,0.04,0.004,0.08,0.8,0.124,0.011,0.051,,5.4,,,,,,,,,,,,,,,,,,,,,,,,,,,,,,,,,,,,,,,,,,,,,,,,,,,,,,,,,,,,,,,,,,,,,,,,,,,,,,,,,,,,,,,,,
datasets/gov/aaa/ezeru_monitoringas/EzeruValstybinioMonitoringoDuomenys,a05abe4d-c60e-4197-ae87-05d54c67cddf,892bf0c4-2176-4fb4-a35f-bbf7af3afa50,,Vilniaus,Bartkuškio tvenkinys,LTL128,Bartkuškio tvenkinys,POINT (6088672 560436),2019-05-22,20.5,3.1,4.9,9.21,8.18,1.3,385.0,2.6,"<0,015","<0,005",0.051,0.071,0.472,"<0,015",0.017,,12.6,,,,,,,,,,,,,,,,,,,,,,,,,,,,,,,,,,,,,,,,,,,,,,,,,,,,,,,,,,,,,,,,,,,,,,,,,,,,,,,,,,,,,,,,,
datasets/gov/aaa/ezeru_monitoringas/EzeruValstybinioMonitoringoDuomenys,a0d8509d-fa67-45f5-8128-e9ffe5ec8a5c,254878c0-881a-4781-bc04-237f0c3c0987,,Alytaus,Niedus,LTL240,Niedus,POINT (5986223 475252),2020-07-15,21.4,2,3.6,8.9,8.6,1.3,328.0,3.1,0.03,0.004,0.04,0.6,0.074,0.007,0.038,,9.4,,,,,,,,,,,,,,,,,,,,,,,,,,,,,,,,,,,,,,,,,,,,,,,,,,,,,,,,,,,,,,,,,,,,,,,,,,,,,,,,,,,,,,,,,
datasets/gov/aaa/ezeru_monitoringas/EzeruValstybinioMonitoringoDuomenys,a0eafce8-457a-4d49-81c8-535dd6b5d8b2,d8594976-9ac3-4bda-8a03-36f30172d09b,,Utenos,Galuonai,LTL224,Galuonai,POINT (6114776 596830),2020-09-24,15.9,"<1,9",2.7,9.8,8.44,3.2,321.0,2.2,0.026,0.005,0.032,0.063,0.202,"<0,015",0.042,,8.5,,,,,,,,,,,,,,,,,,,,,,,,,,,,,,,,,,,,,,,,,,,,,,,,,,,,,,,,,,,,,,,,,,,,,,,,,,,,,,,,,,,,,,,,,
datasets/gov/aaa/ezeru_monitoringas/EzeruValstybinioMonitoringoDuomenys,a119a2b6-c4aa-4314-83a5-5b69338f7d32,ab060347-2176-450b-b25d-7f4d7ba3758e,,Vilniaus RAAD,Lėnas,LTL278,Lėnas,,2022-07-12,20.4,6.8,3,9.38,7.94,1.2,405.0,3.2,0.08,0.021,0.72,0.821,1.81,"<0,015",0.029,,16.1,,,,,,,,,,,,,,,,,,,,,,,,,,,,,,,,,,,,,,,,,,,,,,,,,,,,,,,,,,,,,,,,,,,,,,,,,,,,,,,,,,,,,,,,,
datasets/gov/aaa/ezeru_monitoringas/EzeruValstybinioMonitoringoDuomenys,a13801b2-b273-4794-a4b9-ee9688b28578,8ab3adcc-53f9-4d93-8a65-1f4e6afe9e6e,,Utenos,Stirniai,LTL343,Stirniai,POINT (6124518 605749),2021-06-10,21.6,<2,2.3,8.6,8.5,6.0,220.0,0.87,0.02,"<0,001",0.14,0.161,0.43,"<0,002","<0,0081",,1.2,,,,,,,,,,,,,,,,,,,,,,,,,,,,,,,,,,,,,,,,,,,,,,,,,,,,,,,,,,,,,,,,,,,,,,,,,,,,,,,,,,,,,,,,,
datasets/gov/aaa/ezeru_monitoringas/EzeruValstybinioMonitoringoDuomenys,a179f261-90e3-4b0e-aea9-3d07355fca80,7ba0ca9b-e7be-425a-acf4-0c3605ceb8ae,,Utenos,Išnarai,LTL344,Išnarai,POINT (6114181 602959),2020-08-25,20.2,2.1,2.7,7.7,7.62,1.4,321.0,3.6,0.025,"<0,005",0.081,0.111,0.601,"<0,015",0.02,,5.2,,,,,,,,,,,,,,,,,,,,,,,,,,,,,,,,,,,,,,,,,,,,,,,,,,,,,,,,,,,,,,,,,,,,,,,,,,,,,,,,,,,,,,,,,
datasets/gov/aaa/ezeru_monitoringas/EzeruValstybinioMonitoringoDuomenys,a1979dd5-412c-42bb-8043-061a0a475e99,25d664fe-112a-4f57-bc4b-f8a59b58395f,,Utenos,Lūšiai,LTL327,Lūšiai,POINT (6135175 630658),2020-08-17,23.0,<2,3.0,9.3,8.5,5.8,283.0,1.7,0.014,"<0,001",0.03,0.045,0.31,"<0,002","<0,0081",,1.9,,,,,,,,,,,,,,,,,,,,,,,,,,,,,,,,,,,,,,,,,,,,,,,,,,,,,,,,,,,,,,,,,,,,,,,,,,,,,,,,,,,,,,,,,
datasets/gov/aaa/ezeru_monitoringas/EzeruValstybinioMonitoringoDuomenys,a1aeef9b-8ac6-4b0f-ba5a-d62c7fafddbe,c0968cc0-07aa-4430-92df-8a7997fc45ef,,Kauno,KAUNO MARIOS,LTL71,Kauno HE,POINT (6084954 505731),2017-04-26,8.0,3.1,3.6,11.13,8.22,1.2,429.0,2.8,0.046,0.007,0.97,1.023,3.1,0.012,0.054,11.1,,316,"<0,01","<0,1",<1,<1,1.9,1.1,0.76,<30,<5,<2,<15,"<0,002",0.004,"<0,002","<0,004",0.005,0.004,"<0,004",0.004,"<0,05","<0,05","<0,05","<0,05","<0,05","<0,05","<0,1","<0,2","<0,2","<0,2","<0,1","<0,1","<0,2","<0,2","<0,1","<0,2","<0,005","<0,005","<0,005","<0,005","<0,005","<0,005","<0,005","<0,005","<0,005","<0,004","<0,004","<0,005","<0,005","<0,005","<0,005","<0,025","<0,04","<0,04","<0,04","<0,05","<0,04","<0,004","<0,003",,,,"<0,005","<0,005","<0,006",0.35,"<0,005","<0,005","<0,005","<0,005","<0,005","<0,005","<0,005","<0,01","<0,01","<0,01","<0,01","<0,01","<0,01","<0,01","<0,001",,,,,,,,
datasets/gov/aaa/ezeru_monitoringas/EzeruValstybinioMonitoringoDuomenys,a1dbd7eb-75cc-4477-bd17-f79ed88a0bee,3ec717ad-8392-4a9f-99be-3a43123085cc,,Utenos RAAD,Rubikių ežeras,LTL10,Rubikių ežeras,,2022-07-19,18.2,3.8,3.4,8.8,8.4,2.2,373.0,2.0,0.02,0.013,0.06,0.093,1.0,0.007,0.027,,15.2,,,,,,,,,,,,,,,,,,,,,,,,,,,,,,,,,,,,,,,,,,,,,,,,,,,,,,,,,,,,,,,,,,,,,,,,,,,,,,,,,,,,,,,,,
datasets/gov/aaa/ezeru_monitoringas/EzeruValstybinioMonitoringoDuomenys,a1f0107d-72e5-47f2-86a3-4bf56f5053ed,9b5a279f-9c44-4779-a807-be6204d07829,,Utenos,Asalnai,LTL324,Asalnai,POINT (6137224 629487),2019-08-28,22.7,<2,3.1,9.8,8.6,3.6,289.0,1.4,"<0,014","<0,001",0.03,0.045,0.25,0.002,0.012,,2.7,,,,,,,,,,,,,,,,,,,,,,,,,,,,,,,,,,,,,,,,,,,,,,,,,,,,,,,,,,,,,,,,,,,,,,,,,,,,,,,,,,,,,,,,,
datasets/gov/aaa/ezeru_monitoringas/EzeruValstybinioMonitoringoDuomenys,a2227d9e-a825-47a7-ae8d-9e27355c0fb3,023af5b2-d787-4122-8d4b-dab44b590396,,Vilniaus,Spėra,LTL114,Spėra,POINT (6087485 557081),2017-04-20,4.7,3.7,2,11.69,7.78,0.7,251.0,3.6,0.081,0.015,0.342,0.438,1.19,"<0,014",0.057,,24.2,,,,,,,,,,,,,,,,,,,,,,,,,,,,,,,,,,,,,,,,,,,,,,,,,,,,,,,,,,,,,,,,,,,,,,,,,,,,,,,,,,,,,,,,,
datasets/gov/aaa/ezeru_monitoringas/EzeruValstybinioMonitoringoDuomenys,a273e62d-8231-4e14-8ea6-b13c85c23919,22c10630-c51e-4a33-b427-ac0ce62b3502,,Alytaus,Stirtos,LTL517,Stirtos,POINT (5986337 485957),2018-08-01,27.2,5,2.6,108.418,8.2,2.4,386.0,2.6,0.04,0.001,0.11,0.151,1.1,0.014,0.04,,5.2,,,,,,,,,,,,,,,,,,,,,,,,,,,,,,,,,,,,,,,,,,,,,,,,,,,,,,,,,,,,,,,,,,,,,,,,,,,,,,,,,,,,,,,,,
datasets/gov/aaa/ezeru_monitoringas/EzeruValstybinioMonitoringoDuomenys,a277941d-7b49-4ff7-873e-56982248929e,353f97fb-ba8e-4efe-9bca-b354ccf976d1,,Alytaus RAAD,Varėnos m. I tvenkinys,LTL538,Varėnos m. I tvenkinys,,2022-08-29,24.1,1.5,2.8,8.8,8.1,3.2,299.0,3.6,0.05,0.007,0.11,0.167,0.78,0.02,0.053,,10.6,,,,,,,,,,,,,,,,,,,,,,,,,,,,,,,,,,,,,,,,,,,,,,,,,,,,,,,,,,,,,,,,,,,,,,,,,,,,,,,,,,,,,,,,,
datasets/gov/aaa/ezeru_monitoringas/EzeruValstybinioMonitoringoDuomenys,a27c18f7-c126-42ab-b775-d3a139fba0da,e134b418-13bf-443d-8079-dc35f6b657be,,Utenos,Asavas,LTL310,Asavas,POINT (6167521 638935),2019-10-09,9.9,<2,2.8,8.0,8.5,4.2,282.0,1.6,0.02,"<0,001",0.02,0.041,0.55,"<0,002",0.014,,5.6,,,,,,,,,,,,,,,,,,,,,,,,,,,,,,,,,,,,,,,,,,,,,,,,,,,,,,,,,,,,,,,,,,,,,,,,,,,,,,,,,,,,,,,,,
datasets/gov/aaa/ezeru_monitoringas/EzeruValstybinioMonitoringoDuomenys,a28793ff-9cc4-4897-8f86-29fa5ccea33f,68c432e4-3dd0-416c-a812-7613c677224c,,Alytaus,Sagavas,LTL249,Sagavas,POINT (6009029 490181),2019-08-22,21.8,6.5,3.2,8.9,8.5,3.2,404.0,2.5,0.06,0.003,0.12,0.183,1.2,0.011,0.046,,6.9,,,,,,,,,,,,,,,,,,,,,,,,,,,,,,,,,,,,,,,,,,,,,,,,,,,,,,,,,,,,,,,,,,,,,,,,,,,,,,,,,,,,,,,,,
datasets/gov/aaa/ezeru_monitoringas/EzeruValstybinioMonitoringoDuomenys,a2a91eaf-e092-4cf4-bd8e-5efe17113f0b,986c0fc9-fee1-4bee-a33e-eb6797db3024,,Šiaulių,Mastis,LTL435,Mastis,POINT (6205996 390736),2017-09-28,14.0,6.1,2.9,6.4,8.2,1.2,379.0,2.9,"<0,008",0.013,0.15,0.171,0.99,0.006,0.068,,58.7,,,,,,,,,,,,,,,,,,,,,,,,,,,,,,,,,,,,,,,,,,,,,,,,,,,,,,,,,,,,,,,,,,,,,,,,,,,,,,,,,,,,,,,,,
datasets/gov/aaa/ezeru_monitoringas/EzeruValstybinioMonitoringoDuomenys,a2f2ca72-48ba-4d2b-aeef-a9f7afdaa61b,deede429-d319-498e-97de-4b02ea28fd7b,,Alytaus,Zapsys,LTL241,Zapsys,POINT (5998028 471189),2020-07-23,21.0,3,2.3,8.4,8.4,1.8,390.0,3,0.02,0.004,0.12,0.4,0.144,0.007,0.028,,8.6,,,,,,,,,,,,,,,,,,,,,,,,,,,,,,,,,,,,,,,,,,,,,,,,,,,,,,,,,,,,,,,,,,,,,,,,,,,,,,,,,,,,,,,,,
datasets/gov/aaa/ezeru_monitoringas/EzeruValstybinioMonitoringoDuomenys,a2f9228f-e0fd-4def-90a2-5e43c976bce7,b1f60002-92e5-4ee5-a2a5-a93599cbf058,,Šiaulių,Kivylių tvenkinys,LTL270,Kivylių,POINT (6246663 419282),2017-07-24,22.0,8,3.9,6.5,9.2,1.2,873.0,8.0,"<0,008",0.002,"<0,003",0.013,1.4,"<0,005",0.084,,12.55,,,,,,,,,,,,,,,,,,,,,,,,,,,,,,,,,,,,,,,,,,,,,,,,,,,,,,,,,,,,,,,,,,,,,,,,,,,,,,,,,,,,,,,,,
datasets/gov/aaa/ezeru_monitoringas/EzeruValstybinioMonitoringoDuomenys,a31e88b2-8566-4028-b497-dd594f5e50ef,82728860-14fb-4e27-8dbf-4b0ef4d74f1b,,Alytaus,Suvingis,LTL376,Suvingis,POINT (6022150 520764),2021-08-30,18.1,2.5,2.4,7.9,8.4,3.9,269.0,2.1,0.1,0.003,0.2,0.303,0.82,0.009,0.057,,14.8,,,,,,,,,,,,,,,,,,,,,,,,,,,,,,,,,,,,,,,,,,,,,,,,,,,,,,,,,,,,,,,,,,,,,,,,,,,,,,,,,,,,,,,,,
datasets/gov/aaa/ezeru_monitoringas/EzeruValstybinioMonitoringoDuomenys,a35ea1ea-9894-43ac-9f4c-da1b15d7e3e1,156b41fc-7063-4209-aa7f-587c8583037b,,Panevėžio,Sartai,LTL169,Sartai,POINT (6188825 615033),2018-10-04,11.5,3,4.2,89.236,8.3,3.2,396.0,1.2,0.04,"<0,001",0.05,0.091,0.46,0.005,0.021,,5.5,,,,,,,,,,,,,,,,,,,,,,,,,,,,,,,,,,,,,,,,,,,,,,,,,,,,,,,,,,,,,,,,,,,,,,,,,,,,,,,,,,,,,,,,,
datasets/gov/aaa/ezeru_monitoringas/EzeruValstybinioMonitoringoDuomenys,a3a29e88-63a3-4da7-9f53-99f9df43ebd8,94963a40-6d66-413a-8d0e-2c36775e516e,,Aplinkos apsaugos departamento Šiaulių valdyba,Plinkšių ežeras,LTL434,Plinkšių ež.,,2022-09-21,15.0,1.7,3.6,7.4,7.9,2.2,348.0,1.4,0.04,"<0,001","<0,002",0.043,0.86,0.009,0.031,,4.63,,,,,,,,,,,,,,,,,,,,,,,,,,,,,,,,,,,,,,,,,,,,,,,,,,,,,,,,,,,,,,,,,,,,,,,,,,,,,,,,,,,,,,,,,
datasets/gov/aaa/ezeru_monitoringas/EzeruValstybinioMonitoringoDuomenys,a3af8391-4a09-4386-b409-773d9b41bfbc,214a646f-789f-4335-963d-9dec9db13549,,Utenos RAAD,Ūsiai,LTL326,Ūsiai,,2022-10-06,11.4,<2,2.4,10.4,8.25,4.0,274.0,1.9,0.053,0.007,0.06,0.12,1.16,"<0,015",0.017,,4.4,,,,,,,,,,,,,,,,,,,,,,,,,,,,,,,,,,,,,,,,,,,,,,,,,,,,,,,,,,,,,,,,,,,,,,,,,,,,,,,,,,,,,,,,,
datasets/gov/aaa/ezeru_monitoringas/EzeruValstybinioMonitoringoDuomenys,a3cb0dd2-7d11-498b-babe-151a42cf166a,fb47bc49-9299-48cc-a60f-ee94c104d3c9,,Klaipėdos,Balskų tvenkinys,LTL419,Balskų tvenkinys,POINT (6138066 382532),2019-09-17,16.0,3.8,3.9,9.0,8.6,2.1,369.0,4.4,0.28,0.005,0.032,0.317,1.7,0.056,0.092,,5.62,,,,,,,,,,,,,,,,,,,,,,,,,,,,,,,,,,,,,,,,,,,,,,,,,,,,,,,,,,,,,,,,,,,,,,,,,,,,,,,,,,,,,,,,,
datasets/gov/aaa/ezeru_monitoringas/EzeruValstybinioMonitoringoDuomenys,a3cce646-e18f-41c3-a001-138bcad69bbe,e7a5e9e9-d62f-4eef-afce-7080ae385a43,,Alytaus,Vilkinys,LTL239,Vilkinys,POINT (5989902 486068),2019-09-25,14.5,5.5,3.0,8.1,8.1,3.1,335.0,2.2,0.04,0.007,0.14,0.187,0.6,0.022,0.053,,9.6,,,,,,,,,,,,,,,,,,,,,,,,,,,,,,,,,,,,,,,,,,,,,,,,,,,,,,,,,,,,,,,,,,,,,,,,,,,,,,,,,,,,,,,,,
datasets/gov/aaa/ezeru_monitoringas/EzeruValstybinioMonitoringoDuomenys,a42207fa-e1a3-4b57-9df4-3fcbdd7ad66f,fef298f0-5644-4d4a-8de5-952e23008e16,,Alytaus,Giedavardys,LTL392,Giedavardys,POINT (6001432 492931),2021-05-10,11.3,7,2.5,12.5,8.7,3.4,255.0,3.5,0.02,0.003,0.04,0.063,0.37,0.007,0.024,,4.6,,,,,,,,,,,,,,,,,,,,,,,,,,,,,,,,,,,,,,,,,,,,,,,,,,,,,,,,,,,,,,,,,,,,,,,,,,,,,,,,,,,,,,,,,
datasets/gov/aaa/ezeru_monitoringas/EzeruValstybinioMonitoringoDuomenys,a451dccd-29bf-4eef-853a-0b824d687477,82dc5915-e570-4f01-ab95-143bb24e1014,,Vilniaus,Sarių ežeras,LTL381,Sarių,POINT (6106781 630411),2018-09-20,17.8,<2,3.3,88.559,8.19,4.4,350.0,1.6,0.02,"<0,004",0.048,0.072,0.252,"<0,014","<0,014",,6.6,,,,,,,,,,,,,,,,,,,,,,,,,,,,,,,,,,,,,,,,,,,,,,,,,,,,,,,,,,,,,,,,,,,,,,,,,,,,,,,,,,,,,,,,,
datasets/gov/aaa/ezeru_monitoringas/EzeruValstybinioMonitoringoDuomenys,a482abaa-5bfe-4c1a-b98f-4b8f117f8c57,696b3e19-fdf4-4c85-80c5-81ba218fe0a3,,Aplinkos apsaugos departamento Šiaulių valdyba,Platelių ežeras,LTL34,Plateliai,,2022-01-19,6.0,"<1,3",1.8,9.8,8.6,,157.0,0.65,0.006,0.002,0.14,0.148,0.62,"<0,006",0.02,,,,,,,,,,,,,,,,,,,,,,,,,,,,,,,,,,,,,,,,,,,,,,,,,,,,,,,,,,,,,,,,,,,,,,,,,,,,,,,,,,,,,,,,,,,
datasets/gov/aaa/ezeru_monitoringas/EzeruValstybinioMonitoringoDuomenys,a486421a-b679-44c1-81a4-b75ae65bdea3,b9eaa3c6-ec37-4a72-9e99-ee7e4bc1db15,,Šiaulių,Germantas,LTL256,Germantas,POINT (6206649 384054),2021-08-19,18.0,"<1,4",2.1,9.3,7.4,2.6,200.0,0.77,0.013,"<0,001","<0,002",0.016,0.58,"<0,006",0.017,,3.26,,,,,,,,,,,,,,,,,,,,,,,,,,,,,,,,,,,,,,,,,,,,,,,,,,,,,,,,,,,,,,,,,,,,,,,,,,,,,,,,,,,,,,,,,
datasets/gov/aaa/ezeru_monitoringas/EzeruValstybinioMonitoringoDuomenys,a496b905-2c26-4fb3-9cbb-33c20e982027,4e577846-8a97-411e-817c-6063261a88a6,,Utenos,Kavarsko tvenkinys,LTL416,Kavarsko,POINT (6145097 560110),2019-10-04,10.7,<2,4.5,8.4,8.4,3.0,480.0,1.5,0.02,0.006,0.3,0.326,0.7,0.014,0.046,,1.3,,,,,,,,,,,,,,,,,,,,,,,,,,,,,,,,,,,,,,,,,,,,,,,,,,,,,,,,,,,,,,,,,,,,,,,,,,,,,,,,,,,,,,,,,
datasets/gov/aaa/ezeru_monitoringas/EzeruValstybinioMonitoringoDuomenys,a4bfee3f-6d32-4257-8c28-8b30d83e6507,e2fde8da-69d6-4095-9aff-28d0f08ccefe,,Klaipėdos,Padvarių tvenkinys,LTL257,Padvarių tvenkinys,POINT (6203287 328598),2018-08-22,21.0,4.8,4.1,,8.1,1.2,395.0,3,0.016,0.002,"<0,003",0.021,0.98,"<0,005",0.066,,11.93,,,,,,,,,,,,,,,,,,,,,,,,,,,,,,,,,,,,,,,,,,,,,,,,,,,,,,,,,,,,,,,,,,,,,,,,,,,,,,,,,,,,,,,,,
datasets/gov/aaa/ezeru_monitoringas/EzeruValstybinioMonitoringoDuomenys,a4f09f52-4d87-4f1e-a594-7cba96921b7a,ec75df68-6ca6-4d22-9960-78999b200f2b,,Šiaulių,Ilgis,LTL204,Ilgis,POINT (6210196 364291),2021-09-09,17.0,1.4,1.5,8.6,8.1,2.4,144.0,0.89,0.015,"<0,001","<0,002",0.018,0.48,"<0,006",0.015,,2.81,,,,,,,,,,,,,,,,,,,,,,,,,,,,,,,,,,,,,,,,,,,,,,,,,,,,,,,,,,,,,,,,,,,,,,,,,,,,,,,,,,,,,,,,,
datasets/gov/aaa/ezeru_monitoringas/EzeruValstybinioMonitoringoDuomenys,a4fb6a6a-0e5c-4c39-a1d4-3f07c117f6f4,c2879397-75d2-4cf3-b4e6-7d191168d352,,Alytaus,Savistas,LTL250,Savistas,POINT (6022658 526276),2018-08-27,21.1,5.5,3.2,96.372,8.5,2,344.0,2.6,0.05,0.002,0.05,0.102,0.7,0.016,0.04,,14.5,,,,,,,,,,,,,,,,,,,,,,,,,,,,,,,,,,,,,,,,,,,,,,,,,,,,,,,,,,,,,,,,,,,,,,,,,,,,,,,,,,,,,,,,,
datasets/gov/aaa/ezeru_monitoringas/EzeruValstybinioMonitoringoDuomenys,a52418ab-a853-4b71-b46d-23bb363c49cc,a77dc8e4-9217-422d-82f5-74174add7c15,,Šiaulių,Ubiškės tvenkinys,LTL400,Ubiškės tvenkinys,POINT (6207317 405961),2019-07-24,22.0,4.7,5.0,8.5,7.4,2.0,554.0,3.5,0.027,0.003,"<0,003",0.033,0.42,0.057,0.14,,16.49,,,,,,,,,,,,,,,,,,,,,,,,,,,,,,,,,,,,,,,,,,,,,,,,,,,,,,,,,,,,,,,,,,,,,,,,,,,,,,,,,,,,,,,,,
datasets/gov/aaa/ezeru_monitoringas/EzeruValstybinioMonitoringoDuomenys,a56bb152-dce8-4cb3-ab02-5bcc400615d7,add0c74a-fd79-419b-ba66-82cf53e4cfb5,,Šiaulių,Ilgis,LTL204,Ilgis,POINT (6210196 364291),2020-07-20,24.0,2.1,2.7,9.4,8.1,2.5,162.0,3,0.032,0.002,0.03,0.064,0.57,"<0,005",0.022,,5.62,,,,,,,,,,,,,,,,,,,,,,,,,,,,,,,,,,,,,,,,,,,,,,,,,,,,,,,,,,,,,,,,,,,,,,,,,,,,,,,,,,,,,,,,,
datasets/gov/aaa/ezeru_monitoringas/EzeruValstybinioMonitoringoDuomenys,a5b5bdff-5e04-40b3-b770-766906401f2d,03223efc-3bd3-42f0-9b7b-88c29bf293bd,,Vilniaus,Pikeliškių ežeras(ež.Žalesas),LTL364,Pikeliškių ežeras (ež.Žalesas),POINT (6082605 581424),2020-04-21,6.9,2.7,3.3,11.47,8.31,1.6,391.0,1.8,0.016,0.009,4.49,4.515,4.82,"<0,015",0.077,,10.4,,,,,,,,,,,,,,,,,,,,,,,,,,,,,,,,,,,,,,,,,,,,,,,,,,,,,,,,,,,,,,,,,,,,,,,,,,,,,,,,,,,,,,,,,
datasets/gov/aaa/ezeru_monitoringas/EzeruValstybinioMonitoringoDuomenys,a5d107a0-7dad-4c4a-8f46-020aad4581a2,4658d991-d404-4296-96b4-99603f57ddda,,Alytaus,Glėbas,LTL377,Glėbas,POINT (6012629 533160),2019-05-20,17.0,6,2.4,9.2,8.2,4.4,241.0,3.3,0.02,0.008,0.14,0.168,0.5,0.013,0.03,,1.7,,,,,,,,,,,,,,,,,,,,,,,,,,,,,,,,,,,,,,,,,,,,,,,,,,,,,,,,,,,,,,,,,,,,,,,,,,,,,,,,,,,,,,,,,
datasets/gov/aaa/ezeru_monitoringas/EzeruValstybinioMonitoringoDuomenys,a625e2a3-7a9c-46cb-bcec-45298e3483a7,1aac7540-8d03-4d70-bae1-58dbd66c943c,,Alytaus RAAD,Kaviškis,LTL395,Kaviškis,,2022-07-19,20.6,8,2.3,8.0,8.3,1.1,255.0,5.3,0.03,0.004,0.07,0.104,0.99,0.016,0.059,,3.7,,,,,,,,,,,,,,,,,,,,,,,,,,,,,,,,,,,,,,,,,,,,,,,,,,,,,,,,,,,,,,,,,,,,,,,,,,,,,,,,,,,,,,,,,
datasets/gov/aaa/ezeru_monitoringas/EzeruValstybinioMonitoringoDuomenys,a62c68ca-77db-43da-9b12-5b9fc25c4b1f,82d00f16-d79b-474e-aff5-a3345acb29a3,,Utenos RAAD,Šiurpys,LTL311,Šiurpys,,2022-08-08,22.8,<2,0.95,9.2,8.6,6.5,108.0,0.95,0.02,"<0,001",0.03,0.051,0.35,0.002,"<0,0081",,4.9,,,,,,,,,,,,,,,,,,,,,,,,,,,,,,,,,,,,,,,,,,,,,,,,,,,,,,,,,,,,,,,,,,,,,,,,,,,,,,,,,,,,,,,,,
datasets/gov/aaa/ezeru_monitoringas/EzeruValstybinioMonitoringoDuomenys,a667d370-92cf-4df8-af22-4b74f26b46bb,615fa92c-2736-44dc-a7e1-81d537d426a3,,Utenos,Asavas,LTL310,Asavas,POINT (6167521 638935),2021-09-18,16.8,<2,2.8,9.0,8.5,3.7,246.0,2.5,"<0,014",0.016,0.13,0.16,0.68,"<0,002",0.019,,8.14,,,,,,,,,,,,,,,,,,,,,,,,,,,,,,,,,,,,,,,,,,,,,,,,,,,,,,,,,,,,,,,,,,,,,,,,,,,,,,,,,,,,,,,,,
datasets/gov/aaa/ezeru_monitoringas/EzeruValstybinioMonitoringoDuomenys,a68eccd3-aeca-4e00-b420-952c0bda3ec4,973cfb2c-ffbf-4882-9f14-863cada06dec,,Alytaus,Savistas,LTL250,Savistas,POINT (6022658 526276),2021-07-22,25.3,19,3.2,9.0,8.3,2.5,306.0,2.3,0.03,0.004,0.02,0.054,0.64,0.011,0.024,,16.03,,,,,,,,,,,,,,,,,,,,,,,,,,,,,,,,,,,,,,,,,,,,,,,,,,,,,,,,,,,,,,,,,,,,,,,,,,,,,,,,,,,,,,,,,
datasets/gov/aaa/ezeru_monitoringas/EzeruValstybinioMonitoringoDuomenys,a68f5895-1178-4100-896a-219e4c500c75,36f64463-8070-4244-9da6-8f015df381b9,,Utenos,Ligajai,LTL315,Ligajai,POINT (6162583 626864),2021-07-28,24.3,3,4.0,8.3,8.5,2.8,361.0,1.7,0.04,"<0,001",0.06,0.101,0.69,0.003,0.01,,4.44,,,,,,,,,,,,,,,,,,,,,,,,,,,,,,,,,,,,,,,,,,,,,,,,,,,,,,,,,,,,,,,,,,,,,,,,,,,,,,,,,,,,,,,,,
datasets/gov/aaa/ezeru_monitoringas/EzeruValstybinioMonitoringoDuomenys,a68f9ebd-e244-4e1d-825b-59e48abe0b9e,03970983-280e-4177-b82a-8f4a0db8a9be,,Utenos,Virintai,LTL447,Virintai,POINT (6129684 593186),2018-07-30,25.3,3.5,3.7,130.381,9.0,1.7,372.0,2.4,0.03,0.007,0.1,0.137,0.28,0.003,0.011,,9,,,,,,,,,,,,,,,,,,,,,,,,,,,,,,,,,,,,,,,,,,,,,,,,,,,,,,,,,,,,,,,,,,,,,,,,,,,,,,,,,,,,,,,,,
datasets/gov/aaa/ezeru_monitoringas/EzeruValstybinioMonitoringoDuomenys,a6c4f32f-448c-4ee8-86fd-62223c701eac,ec46a58e-e7be-4e0e-b14d-3e2ddc6bf41f,,Utenos,Ūkojas,LTL221,Ūkojas,POINT (6139248 624905),2018-05-08,16.0,<2,3.9,114.053,8.8,4.5,361.0,1.7,0.02,0.004,0.33,0.354,0.51,"<0,002","<0,0083",,10.42,,,,,,,,,,,,,,,,,,,,,,,,,,,,,,,,,,,,,,,,,,,,,,,,,,,,,,,,,,,,,,,,,,,,,,,,,,,,,,,,,,,,,,,,,
datasets/gov/aaa/ezeru_monitoringas/EzeruValstybinioMonitoringoDuomenys,a6df4ab6-5445-463a-b098-c71cbe65fabc,593ac997-9792-4dbd-8816-8aa3a4aed757,,Vilniaus,Vievis,LTL137,Vievis,POINT (6069040 552921),2018-05-02,11.8,<2,3.4,,8.77,2.8,340.0,1.3,0.059,"<0,004",0.138,0.201,0.59,"<0,014","<0,014",,6.82,,,,,,,,,,,,,,,,,,,,,,,,,,,,,,,,,,,,,,,,,,,,,,,,,,,,,,,,,,,,,,,,,,,,,,,,,,,,,,,,,,,,,,,,,
datasets/gov/aaa/ezeru_monitoringas/EzeruValstybinioMonitoringoDuomenys,a734170d-2d69-4492-ad9a-b7de2ba76623,372d08de-28c6-47ec-a5eb-394208c502a8,,Utenos,Šventas,LTL39,Šventas,POINT (6166706 644760),2019-09-11,19.7,<2,0.97,8.6,7.9,6.7,91.0,0.89,0.03,"<0,001",0.02,0.051,0.14,"<0,002",0.012,,2.3,,,,,,,,,,,,,,,,,,,,,,,,,,,,,,,,,,,,,,,,,,,,,,,,,,,,,,,,,,,,,,,,,,,,,,,,,,,,,,,,,,,,,,,,,
datasets/gov/aaa/ezeru_monitoringas/EzeruValstybinioMonitoringoDuomenys,a7384a16-b250-4b32-8a0c-4fb999a99bf5,771b34a9-f8e3-4653-b4a7-5f4076124f27,,Utenos,Želvos,LTL448,Želvos,POINT (6132284 597989),2021-07-15,27.8,9.8,3.3,10.5,8.57,1.4,418.0,2.3,"<0,02",0.187,0.993,1.2,1.64,"<0,015","<0,015",,39.3,,,,,,,,,,,,,,,,,,,,,,,,,,,,,,,,,,,,,,,,,,,,,,,,,,,,,,,,,,,,,,,,,,,,,,,,,,,,,,,,,,,,,,,,,
datasets/gov/aaa/ezeru_monitoringas/EzeruValstybinioMonitoringoDuomenys,a7ba3362-c1e7-442f-9137-499f3fd35a63,4072a9d4-4395-4a4c-a2bb-3777262331b1,,Alytaus RAAD,Galstas,LTL390,Galstas,,2022-09-20,15.6,2.5,3,8.8,8.5,5.1,346.0,1.6,0.04,0.004,0.09,0.134,0.4,"<0,007",0.018,,8.5,,,,,,,,,,,,,,,,,,,,,,,,,,,,,,,,,,,,,,,,,,,,,,,,,,,,,,,,,,,,,,,,,,,,,,,,,,,,,,,,,,,,,,,,,
datasets/gov/aaa/ezeru_monitoringas/EzeruValstybinioMonitoringoDuomenys,a7fbe8de-9a16-4c1d-a5a6-5e1b0fef05fa,45e30450-7057-4b81-a9d3-ce02e578e91d,,Utenos,Alnis,LTL65,Alnis,POINT (6127535 606156),2019-04-25,11.0,2.2,1.9,12.4,8.5,4.9,182.0,2,0.08,0.001,0.1,0.181,0.48,0.016,0.021,,3.9,,,,,,,,,,,,,,,,,,,,,,,,,,,,,,,,,,,,,,,,,,,,,,,,,,,,,,,,,,,,,,,,,,,,,,,,,,,,,,,,,,,,,,,,,
datasets/gov/aaa/ezeru_monitoringas/EzeruValstybinioMonitoringoDuomenys,a82a763f-e3d1-4bfb-a839-fee8809098f5,cfcdf036-8c1f-44f5-aa23-81a74296c925,,Šiaulių,Platelių ežeras,LTL34,Plateliai,POINT (6214390 366955),2018-09-06,20.0,<2,1.6,,8.4,5.8,265.0,4.4,0.018,0.002,"<0,003",0.023,0.49,"<0,005",0.01,,3.2,,,,,,,,,,,,,,,,,,,,,,,,,,,,,,,,,,,,,,,,,,,,,,,,,,,,,,,,,,,,,,,,,,,,,,,,,,,,,,,,,,,,,,,,,
datasets/gov/aaa/ezeru_monitoringas/EzeruValstybinioMonitoringoDuomenys,a8362282-2b28-4e31-93d1-ab80c891fcab,7356242a-d033-47b1-8e00-450532a898c6,,Utenos,Čičirys,LTL222,Čičirys,POINT (6187704 628556),2018-04-17,6.7,<2,3.3,89.869,8.6,4.8,318.0,2.6,"<0,014",0.001,0.14,0.155,0.6,0.005,0.0083,,6.62,,,,,,,,,,,,,,,,,,,,,,,,,,,,,,,,,,,,,,,,,,,,,,,,,,,,,,,,,,,,,,,,,,,,,,,,,,,,,,,,,,,,,,,,,
datasets/gov/aaa/ezeru_monitoringas/EzeruValstybinioMonitoringoDuomenys,a841c01a-f249-450a-9134-e2c6816846cb,7c7e2182-f938-45f7-b9de-ab88dd27375f,,Alytaus,Baltosios Ančios HE tvenkinys,LTL189,Baltosios Ančios HE tvenkinys,POINT (5981346 485415),2020-05-11,15.5,2,3.1,11.8,8.6,3.2,365.0,2.7,0.04,0.001,0.08,0.6,0.121,0.018,0.043,,4.9,,,,,,,,,,,,,,,,,,,,,,,,,,,,,,,,,,,,,,,,,,,,,,,,,,,,,,,,,,,,,,,,,,,,,,,,,,,,,,,,,,,,,,,,,
datasets/gov/aaa/ezeru_monitoringas/EzeruValstybinioMonitoringoDuomenys,a86ab2c8-ce19-437e-a611-eabd0530cf9f,f0e5ce36-dfff-4c9e-ba12-c3948a628663,,Alytaus,Šlavantas,LTL177,Šlavantas,POINT (6000220 476800),2018-08-20,23.8,4.5,3.2,113.501,8.5,2.9,347.0,2.3,0.05,0.002,0.03,0.082,0.6,0.033,0.091,,3.2,,,,,,,,,,,,,,,,,,,,,,,,,,,,,,,,,,,,,,,,,,,,,,,,,,,,,,,,,,,,,,,,,,,,,,,,,,,,,,,,,,,,,,,,,
datasets/gov/aaa/ezeru_monitoringas/EzeruValstybinioMonitoringoDuomenys,a8868ddf-0712-4615-a0f2-943d169e66b4,48a9d10a-f172-400c-9e1b-def35b7cfe7b,,Utenos,Čičirys,LTL222,Čičirys,POINT (6187704 628556),2021-04-21,7.6,<2,3.1,14.0,8.4,6.4,310.0,2.1,0.02,0.001,0.05,0.071,0.17,"<0,002","<0,0081",,0.2,,,,,,,,,,,,,,,,,,,,,,,,,,,,,,,,,,,,,,,,,,,,,,,,,,,,,,,,,,,,,,,,,,,,,,,,,,,,,,,,,,,,,,,,,
datasets/gov/aaa/ezeru_monitoringas/EzeruValstybinioMonitoringoDuomenys,a88f25c6-d382-4170-80a1-e980f66b6a89,52a41e8d-6676-4644-8bff-12e71e558aba,,Utenos,Luodis,LTL312,Luodis,POINT (6163284 639476),2020-05-19,10.9,2.9,2.9,10.7,8.5,4.1,305.0,1.8,"<0,014","<0,001",0.02,0.035,0.3,0.002,0.012,,4.2,,,,,,,,,,,,,,,,,,,,,,,,,,,,,,,,,,,,,,,,,,,,,,,,,,,,,,,,,,,,,,,,,,,,,,,,,,,,,,,,,,,,,,,,,
datasets/gov/aaa/ezeru_monitoringas/EzeruValstybinioMonitoringoDuomenys,a8b47ce0-35cd-408f-a594-63ae0649ce67,ccd6dbc6-08df-4f3d-909d-13e71b62648d,,Alytaus,Kaviškis,LTL395,Kaviškis,POINT (5985400 472067),2019-05-21,17.3,4,2.5,10.1,8.4,4.0,304.0,3.1,0.03,0.009,0.05,0.101,0.9,0.015,0.015,,7.5,,,,,,,,,,,,,,,,,,,,,,,,,,,,,,,,,,,,,,,,,,,,,,,,,,,,,,,,,,,,,,,,,,,,,,,,,,,,,,,,,,,,,,,,,
datasets/gov/aaa/ezeru_monitoringas/EzeruValstybinioMonitoringoDuomenys,a8c82234-e828-4fce-bad4-9d3e7e917385,99dda5a3-822b-4d6d-ad0b-56bcd4e3c56a,,Alytaus,Grūda,LTL396,Grūda,POINT (5974641 520687),2021-08-16,22.9,6,2.0,11.3,8.6,0.7,207.0,5.5,0.08,0.006,0.09,0.176,1.4,0.009,0.092,,65.97,,,,,,,,,,,,,,,,,,,,,,,,,,,,,,,,,,,,,,,,,,,,,,,,,,,,,,,,,,,,,,,,,,,,,,,,,,,,,,,,,,,,,,,,,
datasets/gov/aaa/ezeru_monitoringas/EzeruValstybinioMonitoringoDuomenys,a8e36bdd-0d43-4123-969d-f52705c7eb06,11f9c0d3-5738-4041-974d-6c0dd97f9739,,Vilniaus,Didžiulis,LTL274,Didžiulis,POINT (6032301 531320),2019-08-29,22.9,13,2.7,9.7,8.9,0.4,310.0,4.9,0.21,0.012,0.09,0.312,1.2,0.036,0.11,,9.5,,,,,,,,,,,,,,,,,,,,,,,,,,,,,,,,,,,,,,,,,,,,,,,,,,,,,,,,,,,,,,,,,,,,,,,,,,,,,,,,,,,,,,,,,
datasets/gov/aaa/ezeru_monitoringas/EzeruValstybinioMonitoringoDuomenys,a8f18d2e-50af-4111-b8fa-8b2c634dbbf1,027280a4-85db-46c3-ac92-3a890716e296,,Vilniaus,Bartkuškio tvenkinys,LTL128,Bartkuškio tvenkinys,POINT (6088672 560436),2017-04-20,6.7,2.3,4.2,10.31,8.44,1.2,417.0,2.4,0.066,0.011,1.11,1.187,1.43,"<0,014",0.039,,3.3,,,,,,,,,,,,,,,,,,,,,,,,,,,,,,,,,,,,,,,,,,,,,,,,,,,,,,,,,,,,,,,,,,,,,,,,,,,,,,,,,,,,,,,,,
datasets/gov/aaa/ezeru_monitoringas/EzeruValstybinioMonitoringoDuomenys,a90db815-31cd-48b7-8243-72b263057642,9e98da51-fd86-4ef7-9018-afc37ef0d4ea,,Utenos,Kertuojai,LTL227,Kertuojai,POINT (6117291 603553),2019-08-21,21.4,5.2,2.8,8.4,8.8,1.5,317.0,2.7,0.041,"<0,005",0.039,0.085,0.454,"<0,015","<0,015",,5.2,,,,,,,,,,,,,,,,,,,,,,,,,,,,,,,,,,,,,,,,,,,,,,,,,,,,,,,,,,,,,,,,,,,,,,,,,,,,,,,,,,,,,,,,,
datasets/gov/aaa/ezeru_monitoringas/EzeruValstybinioMonitoringoDuomenys,a92d70ca-cce0-419b-8df3-14271e5f5fbf,b8949b38-6243-4b28-a6b3-09aa1f0f535f,,Alytaus,Krūminių tvenkinys,LTL184,Krūminių tvenkinys,POINT (6016830 553517),2021-07-26,24.9,4,3.3,13.9,8.3,1.8,432.0,3.6,0.04,0.002,1,1.042,1.9,0.018,0.07,,39.22,,,,,,,,,,,,,,,,,,,,,,,,,,,,,,,,,,,,,,,,,,,,,,,,,,,,,,,,,,,,,,,,,,,,,,,,,,,,,,,,,,,,,,,,,
datasets/gov/aaa/ezeru_monitoringas/EzeruValstybinioMonitoringoDuomenys,a92ef380-0697-443f-87af-5c42ff2230b5,cefdaee6-0f84-401c-b0fe-89549dd8b88c,,Kauno,Sujainių tvenkinys,LTL420,Sujainių tvenkinys,POINT (6139208 434911),2018-07-12,22.0,14,3.3,,8.82,1.3,360.0,5.6,0.011,0.003,0.045,0.059,0.8,0.014,0.1,,18.4,,,,,,,,,,,,,,,,,,,,,,,,,,,,,,,,,,,,,,,,,,,,,,,,,,,,,,,,,,,,,,,,,,,,,,,,,,,,,,,,,,,,,,,,,
datasets/gov/aaa/ezeru_monitoringas/EzeruValstybinioMonitoringoDuomenys,a93b26dc-24ac-44c5-901c-b1d7a91fc6af,d884ae19-7753-4037-9060-33194c272233,,Alytaus,Balandis,LTL546,Balandis,POINT (5995701 468082),2018-05-08,18.5,4.5,3.0,123.656,8.6,4.1,313.0,2.6,0.04,0.001,0.06,0.101,0.8,0.015,0.056,,12.7,,,,,,,,,,,,,,,,,,,,,,,,,,,,,,,,,,,,,,,,,,,,,,,,,,,,,,,,,,,,,,,,,,,,,,,,,,,,,,,,,,,,,,,,,
datasets/gov/aaa/ezeru_monitoringas/EzeruValstybinioMonitoringoDuomenys,a955936e-eee7-48db-ae7a-ac174bdc63cb,d92bc565-4bd3-46a5-8e4e-c94abb379bc1,,Utenos RAAD,Svėdasas,LTL170,Svėdasas,,2022-07-21,20.9,3.5,3.6,8.8,8.3,3.7,441.0,2.8,"<0,014",0.072,0.73,0.816,1.7,0.003,0.026,,8.4,,,,,,,,,,,,,,,,,,,,,,,,,,,,,,,,,,,,,,,,,,,,,,,,,,,,,,,,,,,,,,,,,,,,,,,,,,,,,,,,,,,,,,,,,
datasets/gov/aaa/ezeru_monitoringas/EzeruValstybinioMonitoringoDuomenys,a9639549-dd7f-4b95-ae41-37aba2f119e6,9fc28b90-7df2-435c-84e4-b663331648e8,,Panevėžio,Dviragis,LTL148,Dviragis,POINT (6186832 586537),2017-08-31,19.3,11,4.3,9.1,8.9,1.2,396.0,5.5,0.09,0.008,0.18,0.278,0.96,0.003,0.057,,44.5,,,,,,,,,,,,,,,,,,,,,,,,,,,,,,,,,,,,,,,,,,,,,,,,,,,,,,,,,,,,,,,,,,,,,,,,,,,,,,,,,,,,,,,,,
datasets/gov/aaa/ezeru_monitoringas/EzeruValstybinioMonitoringoDuomenys,a96acbe6-6878-48bc-a356-9602657d1c24,cbf0a681-4c14-4a97-bfec-07063ff56c73,,Šiaulių,Ilgis,LTL204,Ilgis,POINT (6210196 364291),2019-10-24,11.0,"<1,6",1.4,8.1,7.8,2.9,164.0,0.64,0.044,0.003,0.042,0.089,0.68,"<0,005",0.018,,3.26,,,,,,,,,,,,,,,,,,,,,,,,,,,,,,,,,,,,,,,,,,,,,,,,,,,,,,,,,,,,,,,,,,,,,,,,,,,,,,,,,,,,,,,,,
datasets/gov/aaa/ezeru_monitoringas/EzeruValstybinioMonitoringoDuomenys,a99ce5ea-c424-4977-a93d-517da654774e,4bad2c62-efff-4216-96ae-2a04d96e3e38,,Utenos,Lūšiai,LTL327,Lūšiai,POINT (6135175 630658),2020-09-30,15.2,<2,3.0,9.5,8.4,8.7,304.0,0.94,"<0,014","<0,001",0.02,0.035,0.4,"<0,002",0.018,,2.1,,,,,,,,,,,,,,,,,,,,,,,,,,,,,,,,,,,,,,,,,,,,,,,,,,,,,,,,,,,,,,,,,,,,,,,,,,,,,,,,,,,,,,,,,
datasets/gov/aaa/ezeru_monitoringas/EzeruValstybinioMonitoringoDuomenys,a9a0ca22-a422-495e-81ad-1e3e7382c4a4,25715c17-728f-45ff-94d9-905d52f29040,,Utenos RAAD,Viešintas,LTL383,Viešintas,,2022-08-25,25.0,3.6,3.8,9.9,8.6,2.7,401.0,2.2,0.03,0.001,0.05,0.081,0.55,"<0,002",0.013,,5.9,,,,,,,,,,,,,,,,,,,,,,,,,,,,,,,,,,,,,,,,,,,,,,,,,,,,,,,,,,,,,,,,,,,,,,,,,,,,,,,,,,,,,,,,,
datasets/gov/aaa/ezeru_monitoringas/EzeruValstybinioMonitoringoDuomenys,a9a1b592-015b-44b1-b71d-96880e2a8707,8d6002a5-caec-4d5e-939d-60573622ec9c,,Vilniaus,Vievis,LTL137,Vievis,POINT (6069040 552921),2018-08-21,22.4,<2,2.6,112.791,8.9,3.4,298.0,2.1,0.011,"<0,004",0.03,0.045,0.058,"<0,014","<0,014",,4.4,,,,,,,,,,,,,,,,,,,,,,,,,,,,,,,,,,,,,,,,,,,,,,,,,,,,,,,,,,,,,,,,,,,,,,,,,,,,,,,,,,,,,,,,,
datasets/gov/aaa/ezeru_monitoringas/EzeruValstybinioMonitoringoDuomenys,a9a682fb-e492-4892-9e5b-5c07a3b95bdb,81241eb1-fdba-4c06-b2d9-da797a2f55ea,,Šiaulių,Tausalas,LTL206,Tausalas,POINT (6213325 393517),2017-04-26,8.0,8.4,2.7,6.9,8.8,2.0,312.0,2.8,0.021,0.007,0.16,0.188,0.72,0.005,0.034,,35.52,,,,,,,,,,,,,,,,,,,,,,,,,,,,,,,,,,,,,,,,,,,,,,,,,,,,,,,,,,,,,,,,,,,,,,,,,,,,,,,,,,,,,,,,,
datasets/gov/aaa/ezeru_monitoringas/EzeruValstybinioMonitoringoDuomenys,a9beb0c4-f887-4b5b-8fcd-ddf00db533e7,d55911f9-f819-4383-8976-6a3901806e32,,Utenos RAAD,Antalieptės HE tvenkinys,LTL433,Antalieptės HE tvenkinys,,2022-10-05,11.7,<2,3.1,9.0,8.2,7.0,330.0,0.63,0.02,0.001,0.04,0.061,0.34,"<0,002",0.018,,2.7,,,,,,,,,,,,,,,,,,,,,,,,,,,,,,,,,,,,,,,,,,,,,,,,,,,,,,,,,,,,,,,,,,,,,,,,,,,,,,,,,,,,,,,,,
datasets/gov/aaa/ezeru_monitoringas/EzeruValstybinioMonitoringoDuomenys,a9d2f359-3dc1-415d-8e79-5ac90649fa87,32b91e0c-548b-4210-aa02-66041b05d905,,Alytaus,Jiezno ežeras,LTL463,Jiezno ež.,POINT (6050851 511323),2021-07-15,29.3,7.5,3.3,11.4,8.7,1.4,452.0,5.3,0.02,0.001,0.04,0.061,0.82,0.033,0.092,,33.83,,,,,,,,,,,,,,,,,,,,,,,,,,,,,,,,,,,,,,,,,,,,,,,,,,,,,,,,,,,,,,,,,,,,,,,,,,,,,,,,,,,,,,,,,
datasets/gov/aaa/ezeru_monitoringas/EzeruValstybinioMonitoringoDuomenys,aa2e1e00-2971-41ba-af6f-d84e326da359,e8f4cf61-fab4-49a5-bb16-96ab53af308b,,Vilniaus,Didžiulis,LTL134,Didžiulis,POINT (6061478 567200),2017-08-01,22.3,3.8,3.3,7.1,8.42,1.2,415.0,4.0,0.057,"<0,004","<0,016",0.077,0.716,0.027,0.416,,19.4,,,,,,,,,,,,,,,,,,,,,,,,,,,,,,,,,,,,,,,,,,,,,,,,,,,,,,,,,,,,,,,,,,,,,,,,,,,,,,,,,,,,,,,,,
datasets/gov/aaa/ezeru_monitoringas/EzeruValstybinioMonitoringoDuomenys,aa46f33b-0e5c-4945-a9f3-8aa104e4a44c,a0d6a31e-5509-4dec-ab87-b6503db51a07,,Alytaus,Ilgis,LTL273,Ilgis,POINT (6014802 512585),2021-09-29,13.1,3,2.7,8.6,8.2,4.5,361.0,1.3,0.01,0.002,0.1,0.112,0.14,0.009,0.068,,7.7,,,,,,,,,,,,,,,,,,,,,,,,,,,,,,,,,,,,,,,,,,,,,,,,,,,,,,,,,,,,,,,,,,,,,,,,,,,,,,,,,,,,,,,,,
datasets/gov/aaa/ezeru_monitoringas/EzeruValstybinioMonitoringoDuomenys,aa60ba1e-d6d4-426b-9c8b-4db38c381a24,a4861c8d-b61b-4288-8e03-8477470fb001,,Utenos,Čičirys,LTL222,Čičirys,POINT (6187704 628556),2017-10-11,11.3,"<1,7",3.2,6.5,8.5,6.0,297.0,0.9,0.06,0.004,0.02,0.084,0.24,0.002,0.0084,,12.1,,,,,,,,,,,,,,,,,,,,,,,,,,,,,,,,,,,,,,,,,,,,,,,,,,,,,,,,,,,,,,,,,,,,,,,,,,,,,,,,,,,,,,,,,
datasets/gov/aaa/ezeru_monitoringas/EzeruValstybinioMonitoringoDuomenys,aa72c32d-432f-46a3-99e6-1e98a5309dc6,ecd0c5ef-bc1a-4227-9914-e3d87c9e2639,,Alytaus,Balandis,LTL546,Balandis,POINT (5995701 468082),2021-07-20,26.8,5.5,2.8,7.9,8.2,6.0,295.0,1.7,0.02,0.002,0.02,0.042,0.5,0.016,0.048,,4.0,,,,,,,,,,,,,,,,,,,,,,,,,,,,,,,,,,,,,,,,,,,,,,,,,,,,,,,,,,,,,,,,,,,,,,,,,,,,,,,,,,,,,,,,,
datasets/gov/aaa/ezeru_monitoringas/EzeruValstybinioMonitoringoDuomenys,aa8f24a2-346d-434c-a2a8-5c9433deb54a,555d4c5c-4795-4600-a7a2-047f2ed72b2c,,Klaipėdos,Paršežeris,LTL436,Paršežeris,POINT (6169161 392511),2019-07-22,21.0,16,2.8,5.7,6.9,0.8,264.0,3.8,0.036,0.001,0.003,0.04,0.55,"<0,005",0.051,,21.46,,,,,,,,,,,,,,,,,,,,,,,,,,,,,,,,,,,,,,,,,,,,,,,,,,,,,,,,,,,,,,,,,,,,,,,,,,,,,,,,,,,,,,,,,
datasets/gov/aaa/ezeru_monitoringas/EzeruValstybinioMonitoringoDuomenys,aa9fe4d1-1b60-4f03-bf0a-adb42cf4671d,ce4c6434-5025-4837-a6d1-860b79b0f1b2,,Alytaus,Kavalys,LTL465,Kavalys,POINT (6032343 495560),2017-09-18,15.8,9,3.3,7.5,8.2,1.2,361.0,3.9,0.04,0.004,0.04,0.084,0.9,0.024,0.11,,167.7,,,,,,,,,,,,,,,,,,,,,,,,,,,,,,,,,,,,,,,,,,,,,,,,,,,,,,,,,,,,,,,,,,,,,,,,,,,,,,,,,,,,,,,,,
datasets/gov/aaa/ezeru_monitoringas/EzeruValstybinioMonitoringoDuomenys,aabda582-42df-41ed-83c8-9f0c0c0c4892,bc68ee48-4362-4c74-8845-e1ff9df4c237,,Alytaus RAAD,Kaviškis,LTL395,Kaviškis,,2022-09-27,13.6,8,2.5,9.1,8.4,1.7,275.0,4.8,0.06,0.002,0.09,0.152,1.2,"<0,007",0.057,,31.0,,,,,,,,,,,,,,,,,,,,,,,,,,,,,,,,,,,,,,,,,,,,,,,,,,,,,,,,,,,,,,,,,,,,,,,,,,,,,,,,,,,,,,,,,
datasets/gov/aaa/ezeru_monitoringas/EzeruValstybinioMonitoringoDuomenys,aadeb982-1e01-4601-8c48-4158764e8bc9,bda582fc-bb1b-4273-be24-f3a2a6676224,,Alytaus,Babrų ežeras,LTL235,Babrai,POINT (6008912 480234),2021-07-21,25.5,2,2.7,8.4,8.6,2.4,304.0,2.3,0.02,0.002,0.03,0.052,0.93,0.013,0.033,,5.76,,,,,,,,,,,,,,,,,,,,,,,,,,,,,,,,,,,,,,,,,,,,,,,,,,,,,,,,,,,,,,,,,,,,,,,,,,,,,,,,,,,,,,,,,
datasets/gov/aaa/ezeru_monitoringas/EzeruValstybinioMonitoringoDuomenys,aafdfa65-ee96-490c-8597-77f77ccd83a7,e23bff32-06ca-489d-aea8-423d4f849f4c,,Kauno RAAD,KAUNO MARIOS,LTL71,Kauno HE tvenkinys,,2022-07-11,23.2,3.4,3.3,8.1,8.68,2.1,422.0,3.8,0.298,0.013,0.2,0.511,1.07,0.102,0.146,,14.4,,,,,,,,,,,,,,,,,,,,,,,,,,,,,,,,,,,,,,,,,,,,,,,,,,,,,,,,,,,,,,,,,,,,,,,,,,,,,,,,,,,,,,,,,
datasets/gov/aaa/ezeru_monitoringas/EzeruValstybinioMonitoringoDuomenys,ab2a7ac7-b2c2-4a11-9b34-6d67896b03a8,ad8e838b-f505-47ed-8423-95fa765ceab9,,Utenos,Smalvykštis,LTL308,Smalvykštis,POINT (6168063 648680),2018-08-27,20.2,<2,2.9,81.292,8.7,1.8,279.0,1.4,0.014,"<0,001",0.04,0.055,0.54,0.003,0.014,,6.4,,,,,,,,,,,,,,,,,,,,,,,,,,,,,,,,,,,,,,,,,,,,,,,,,,,,,,,,,,,,,,,,,,,,,,,,,,,,,,,,,,,,,,,,,
datasets/gov/aaa/ezeru_monitoringas/EzeruValstybinioMonitoringoDuomenys,ab3709b5-aad4-4eee-87c5-3805d3b0f5af,87f7b21e-e769-4786-8d48-5fd057b9fa80,,Vilniaus,Karvys,LTL363,Karvys,POINT (6083349 573096),2020-09-29,15.9,2.1,2.6,9.1,8.62,3.7,304.0,1,0.018,"<0,005",0.075,0.098,0.432,"<0,015","<0,015",,6.2,,,,,,,,,,,,,,,,,,,,,,,,,,,,,,,,,,,,,,,,,,,,,,,,,,,,,,,,,,,,,,,,,,,,,,,,,,,,,,,,,,,,,,,,,
datasets/gov/aaa/ezeru_monitoringas/EzeruValstybinioMonitoringoDuomenys,ab863f43-159f-45dc-a755-cec5041faab0,4adc019d-ab86-42b3-948b-324386f47868,,Kauno,Janušonių tvenkinys,LTL412,Janušonių tvenkinys,POINT (6110588 490400),2017-05-03,10.1,4,5,12.1,8.0,1.3,547.0,3.8,0.056,0.016,4.9,4.972,5.2,"<0,006",0.027,,30.9,,,,,,,,,,,,,,,,,,,,,,,,,,,,,,,,,,,,,,,,,,,,,,,,,,,,,,,,,,,,,,,,,,,,,,,,,,,,,,,,,,,,,,,,,
datasets/gov/aaa/ezeru_monitoringas/EzeruValstybinioMonitoringoDuomenys,abfb239e-8ac8-4b7b-972a-facd6fcdcebc,dd84b03a-f883-48f4-b27b-143c43b9eceb,,Aplinkos apsaugos departamento Šiaulių valdyba,Bijotė,LTL259,Bijotė,,2022-08-22,24.0,2.8,3.2,7.8,7.2,2.5,428.0,2.7,0.059,"<0,001",0.013,0.073,1.0,"<0,006",0.02,,3.55,,,,,,,,,,,,,,,,,,,,,,,,,,,,,,,,,,,,,,,,,,,,,,,,,,,,,,,,,,,,,,,,,,,,,,,,,,,,,,,,,,,,,,,,,
datasets/gov/aaa/ezeru_monitoringas/EzeruValstybinioMonitoringoDuomenys,ac1fd672-9df7-4192-b103-29ef96590cdd,70a7ce04-2be2-49f2-a164-b2b9ab1e65a7,,Utenos,Ažvintis,LTL318,Ažvintis,POINT (6152116 632033),2021-08-25,18.8,<2,1.4,8.7,8.3,3.6,121.0,1.4,"<0,014","<0,001",0.04,0.055,0.13,"<0,002",0.015,,5.43,,,,,,,,,,,,,,,,,,,,,,,,,,,,,,,,,,,,,,,,,,,,,,,,,,,,,,,,,,,,,,,,,,,,,,,,,,,,,,,,,,,,,,,,,
datasets/gov/aaa/ezeru_monitoringas/EzeruValstybinioMonitoringoDuomenys,acc4b19c-36fc-46c1-b28c-6166d581b7e4,2e173801-1cd4-4925-b1a7-b69a88642247,,Vilniaus,Akmena,LTL460,Akmena,POINT (6058884 557077),2021-09-22,13.8,<2,1.8,8.4,8.29,6.2,226.0,2.1,0.02,"<0,005",0.02,0.045,0.162,"<0,015","<0,015",,3.4,,,,,,,,,,,,,,,,,,,,,,,,,,,,,,,,,,,,,,,,,,,,,,,,,,,,,,,,,,,,,,,,,,,,,,,,,,,,,,,,,,,,,,,,,
datasets/gov/aaa/ezeru_monitoringas/EzeruValstybinioMonitoringoDuomenys,acd2337c-9ac9-4990-bde1-821377ff5606,b3197646-a6b2-440c-9f67-725e8250b9cc,,Šiaulių,Vaitiekūnų tvenkinys,LTL408,Vaitiekūnų tvenkinys,POINT (6150901 477949),2020-07-21,23.0,3.3,5.0,9.2,8.4,2.3,611.0,2,0.061,0.081,2.3,2.442,3.4,"<0,005",0.034,,9.77,,,,,,,,,,,,,,,,,,,,,,,,,,,,,,,,,,,,,,,,,,,,,,,,,,,,,,,,,,,,,,,,,,,,,,,,,,,,,,,,,,,,,,,,,
datasets/gov/aaa/ezeru_monitoringas/EzeruValstybinioMonitoringoDuomenys,ace8dfa9-f367-47ec-bf45-5bcd3efc91dc,ca812f50-cdd1-4889-921c-bcccc1b09428,,Alytaus,Ūdrijos ežeras,LTL511,Ūdrijos ežeras,POINT (6033214 490256),2017-05-16,15.2,21,4,17.1,9.0,0.6,475.0,5.4,0.08,0.005,0.24,0.325,3.2,0.007,0.076,,46.4,,,,,,,,,,,,,,,,,,,,,,,,,,,,,,,,,,,,,,,,,,,,,,,,,,,,,,,,,,,,,,,,,,,,,,,,,,,,,,,,,,,,,,,,,
datasets/gov/aaa/ezeru_monitoringas/EzeruValstybinioMonitoringoDuomenys,ad04d671-2fcb-4939-8c58-5508110f6ec0,6ad40005-a2a4-4708-b923-d0e470c8c355,,Utenos,Šventas,LTL39,Šventas,POINT (6166706 644760),2017-01-17,0.4,"<1,7",1.1,14.2,8.5,7.4,130.0,2.0,0.13,0.004,0.05,0.184,0.67,0.004,"<0,0083",,3.85,,,,,,,,,,,,,,,,,,,,,,,,,,,,,,,,,,,,,,,,,,,,,,,,,,,,,,,,,,,,,,,,,,,,,,,,,,,,,,,,,,,,,,,,,
datasets/gov/aaa/ezeru_monitoringas/EzeruValstybinioMonitoringoDuomenys,ad65dc62-8602-4ab9-b7de-f7849ff39f58,4286f39f-fad6-4721-a4ea-2c610f1e8666,,Utenos,Indrajai,LTL232,Indrajai,POINT (6165088 612828),2021-05-17,13.2,<2,4.1,11.2,8.4,4.7,417.0,1.7,0.03,0.004,0.45,0.484,0.85,0.005,0.009,,3.9,,,,,,,,,,,,,,,,,,,,,,,,,,,,,,,,,,,,,,,,,,,,,,,,,,,,,,,,,,,,,,,,,,,,,,,,,,,,,,,,,,,,,,,,,
datasets/gov/aaa/ezeru_monitoringas/EzeruValstybinioMonitoringoDuomenys,ad6dadd0-baba-4597-a6a5-2060d73814f3,8733cb5b-3faa-4fb4-8882-452017d79377,,Aplinkos apsaugos departamento Šiaulių valdyba,Bijotė,LTL259,Bijotė,,2022-04-25,10.0,5.1,2.5,10.0,9.3,1.8,307.0,2.0,"<0,005",0.002,0.063,0.07,0.96,"<0,006",0.022,,8.39,,,,,,,,,,,,,,,,,,,,,,,,,,,,,,,,,,,,,,,,,,,,,,,,,,,,,,,,,,,,,,,,,,,,,,,,,,,,,,,,,,,,,,,,,
datasets/gov/aaa/ezeru_monitoringas/EzeruValstybinioMonitoringoDuomenys,ad837f9b-72a8-4c69-b3f0-50c638618f43,b55f0e68-af98-4fdc-a71b-7dd2c4a975d3,,Alytaus,Žuvintas,LTL29,Žuvintas,POINT (6037458 476746),2018-08-16,20.4,5.5,2.9,91.62,8.3,1.5,421.0,3.2,0.02,0.001,0.06,0.081,0.5,0.011,0.046,,6.8,,,,,,,,,,,,,,,,,,,,,,,,,,,,,,,,,,,,,,,,,,,,,,,,,,,,,,,,,,,,,,,,,,,,,,,,,,,,,,,,,,,,,,,,,
datasets/gov/aaa/ezeru_monitoringas/EzeruValstybinioMonitoringoDuomenys,ad8843c6-ec29-4e81-9515-c47df60a9f3c,afc86410-9377-467e-890d-8a1082817352,,Klaipėdos,Tūbausių I tvenkinys,LTL207,Tūbausių I tvenkinys,POINT (6207850 330616),2021-07-21,24.0,7.5,4.2,4.6,8.1,1.25,410.0,4.4,0.009,"<0,001","<0,002",0.012,0.79,"<0,006",0.059,,0.74,,,,,,,,,,,,,,,,,,,,,,,,,,,,,,,,,,,,,,,,,,,,,,,,,,,,,,,,,,,,,,,,,,,,,,,,,,,,,,,,,,,,,,,,,
datasets/gov/aaa/ezeru_monitoringas/EzeruValstybinioMonitoringoDuomenys,ad89ccef-b0d8-4420-8b88-de9fdaea9244,8900f454-f362-4d2f-87be-be933aeaaa9f,,Alytaus RAAD,Varėnos m. I tvenkinys,LTL538,Varėnos m. I tvenkinys,,2022-09-22,14.0,4.5,2.1,10.1,8.3,3.1,324.0,3.1,0.02,0.004,0.13,0.154,0.33,"<0,007",0.042,,19.3,,,,,,,,,,,,,,,,,,,,,,,,,,,,,,,,,,,,,,,,,,,,,,,,,,,,,,,,,,,,,,,,,,,,,,,,,,,,,,,,,,,,,,,,,
datasets/gov/aaa/ezeru_monitoringas/EzeruValstybinioMonitoringoDuomenys,ad9bde21-6012-4cd6-a75b-1f9055029a5d,42cfc8e7-d053-445c-b1f5-a2a2ae49902f,,Alytaus,Vilkinys,LTL239,Vilkinys,POINT (5989902 486068),2019-08-19,22.5,4.5,2.8,13.6,8.5,2.8,329.0,2.1,0.06,0.003,0.15,0.213,0.5,0.022,0.045,,4.9,,,,,,,,,,,,,,,,,,,,,,,,,,,,,,,,,,,,,,,,,,,,,,,,,,,,,,,,,,,,,,,,,,,,,,,,,,,,,,,,,,,,,,,,,
datasets/gov/aaa/ezeru_monitoringas/EzeruValstybinioMonitoringoDuomenys,add5b531-1294-4e4b-85e6-b1465d3f181f,dc097285-4e6e-4df6-9778-d4fcdcf517b7,,Kauno,Juodkiškių tvenkinys,LTL161,Juodkiškių,POINT (6128351 501094),2018-09-25,15.8,"<2,5",5.1,68.763,8.12,2.4,564.0,1.6,0.16,0.021,1.8,1.981,2.1,0.013,0.036,,2.6,,,,,,,,,,,,,,,,,,,,,,,,,,,,,,,,,,,,,,,,,,,,,,,,,,,,,,,,,,,,,,,,,,,,,,,,,,,,,,,,,,,,,,,,,
datasets/gov/aaa/ezeru_monitoringas/EzeruValstybinioMonitoringoDuomenys,add5fbaa-d907-45b3-8ece-71e8c5136f8e,4c2216ef-1ee9-41f1-a16c-5de72d06b299,,Kauno,KAUNO MARIOS,LTL71,Kauno marios,POINT (6084954 505731),2021-07-14,27.6,14,3.2,12.4,8.82,1.2,412.0,7.1,"<0,02","<0,005",0.066,0.091,0.666,0.054,0.088,9.81,87.6,203,"<0,01","<0,1",<2,<1,4,<1,<2,"<0,1",<30,"<0,1",<15,"<0,002","<0,003","<0,002","<0,002","<0,002","<0,002","<0,003","<0,003","<0,01","<0,1","<0,1",,,"<0,05","<0,2","<0,2","<0,2","<0,2","<0,1","<0,1","<0,2","<0,2","<0,1","<0,2","<0,005","<0,005","<0,005","<0,005","<0,005","<0,005","<0,005","<0,005","<0,005","<0,004","<0,004","<0,005","<0,005","<0,005","<0,005","<0,05","<0,05","<0,05","<0,05","<0,05","<0,05","<0,05",,"<0,5","<0,5","<0,5","<0,005","<0,005",,0.91,"<0,005","<0,005","<0,005","<0,005","<0,005","<0,005","<0,005",,,,,,,,,"<0,001","<0,001","<0,001","<0,00005","<0,00005",-,-,"<0,01"
datasets/gov/aaa/ezeru_monitoringas/EzeruValstybinioMonitoringoDuomenys,ae18422f-6582-4137-8d6f-a637ab23431a,74df6189-7431-487f-8f6f-abe3e46d5d07,,Vilniaus,Ilgas,LTL359,Ilgas,POINT (6095729 600167),2017-08-28,18.1,2.2,2,7.9,8.1,2.2,243.0,1.8,0.021,0.005,"<0,016",0.042,0.835,"<0,014",0.023,,10.3,,,,,,,,,,,,,,,,,,,,,,,,,,,,,,,,,,,,,,,,,,,,,,,,,,,,,,,,,,,,,,,,,,,,,,,,,,,,,,,,,,,,,,,,,
datasets/gov/aaa/ezeru_monitoringas/EzeruValstybinioMonitoringoDuomenys,ae34c25d-8c52-460f-9c7d-ccfac674350d,548f31a0-0191-445b-b405-64057b62db34,,Utenos,Šventas,LTL39,Šventas,POINT (6166706 644760),2021-04-21,7.6,<2,0.98,13.2,7.9,9.8,92.0,1.3,0.07,0.002,0.09,0.162,0.17,0.002,"<0,0081",,4.0,,,,,,,,,,,,,,,,,,,,,,,,,,,,,,,,,,,,,,,,,,,,,,,,,,,,,,,,,,,,,,,,,,,,,,,,,,,,,,,,,,,,,,,,,
datasets/gov/aaa/ezeru_monitoringas/EzeruValstybinioMonitoringoDuomenys,ae834c6e-ed8b-4e98-8287-2af4f8a683ca,1f7cb4b4-8a1f-44f9-bfbd-61e7727d8a6d,,Šiaulių,Sablauskių tvenkinys,LTL271,Sablauskių tvenkinys,POINT (6236793 430028),2017-09-25,15.0,2.5,5.4,6.3,8.6,1.3,708.0,1.8,"<0,008",0.038,4.9,4.946,5.0,"<0,005",0.035,,37.9,,,,,,,,,,,,,,,,,,,,,,,,,,,,,,,,,,,,,,,,,,,,,,,,,,,,,,,,,,,,,,,,,,,,,,,,,,,,,,,,,,,,,,,,,
datasets/gov/aaa/ezeru_monitoringas/EzeruValstybinioMonitoringoDuomenys,af22b1f5-e4ee-48d6-bce9-1efc7a9af749,a4556425-6d17-42c5-b8d1-492d40fb9c28,,Šiaulių,Kivylių tvenkinys,LTL270,Kivylių,POINT (6246663 419282),2017-08-17,21.0,8.7,6.9,5.7,8.9,1.1,900.0,8.0,"<0,008",0.002,"<0,003",0.013,1.0,0.04,0.16,,33.6,,,,,,,,,,,,,,,,,,,,,,,,,,,,,,,,,,,,,,,,,,,,,,,,,,,,,,,,,,,,,,,,,,,,,,,,,,,,,,,,,,,,,,,,,
datasets/gov/aaa/ezeru_monitoringas/EzeruValstybinioMonitoringoDuomenys,af2f91d4-0c67-4285-9ce0-d6b6abea8c95,dae82e5f-8e44-4019-b52b-e01f2bced55d,,Utenos RAAD,Avilys,LTL299,Avilys,,2022-05-05,10.3,3,2.4,11.1,8.4,4.1,261.0,2.7,"<0,014",0.003,0.2,0.217,0.73,0.006,0.012,,7.2,,,,,,,,,,,,,,,,,,,,,,,,,,,,,,,,,,,,,,,,,,,,,,,,,,,,,,,,,,,,,,,,,,,,,,,,,,,,,,,,,,,,,,,,,
datasets/gov/aaa/ezeru_monitoringas/EzeruValstybinioMonitoringoDuomenys,af382421-520b-41f2-9cab-d1e89880d951,7e1d3c91-ad8b-4d15-9e57-a66938736a61,,Utenos,Ligajai,LTL315,Ligajai,POINT (6162583 626864),2021-05-11,11.8,<2,3.9,11.1,8.3,4.8,375.0,3.4,0.02,0.003,0.26,0.283,0.37,0.038,0.16,,3.1,,,,,,,,,,,,,,,,,,,,,,,,,,,,,,,,,,,,,,,,,,,,,,,,,,,,,,,,,,,,,,,,,,,,,,,,,,,,,,,,,,,,,,,,,
datasets/gov/aaa/ezeru_monitoringas/EzeruValstybinioMonitoringoDuomenys,af50c8d1-fd38-4f5a-b73e-05ae55139f5c,9c85e2d5-80c6-4855-9557-ef78ced52479,,Utenos,Stirniai,LTL343,Stirniai,POINT (6124518 605749),2020-01-21,1.7,<2,2.3,13.8,8.4,6.0,262.0,2.6,0.04,0.001,0.1,0.141,0.44,0.007,0.009,,,,,,,,,,,,,,,,,,,,,,,,,,,,,,,,,,,,,,,,,,,,,,,,,,,,,,,,,,,,,,,,,,,,,,,,,,,,,,,,,,,,,,,,,,,
datasets/gov/aaa/ezeru_monitoringas/EzeruValstybinioMonitoringoDuomenys,af53e295-91f2-43bb-a7fa-aa33b569372e,9eed8691-5239-4120-a352-010e30b89a0c,,Panevėžio,Rašai,LTL462,Rašai,POINT (6184121 608885),2018-05-03,13.7,<2,4.1,95.837,8.7,2.6,387.0,2.3,"<0,014",0.006,0.41,0.43,0.58,0.016,0.019,,5.33,,,,,,,,,,,,,,,,,,,,,,,,,,,,,,,,,,,,,,,,,,,,,,,,,,,,,,,,,,,,,,,,,,,,,,,,,,,,,,,,,,,,,,,,,
datasets/gov/aaa/ezeru_monitoringas/EzeruValstybinioMonitoringoDuomenys,af7e32f3-921a-48dd-b233-475d85ee1644,5dfa830a-62dc-493b-800e-005f58ec5a49,,Utenos RAAD,Malkėstas,LTL350,Malkėstas,,2022-08-22,23.8,<2,2.7,8.32,8.73,3.1,347.0,1.6,0.02,"<0,005",0.019,0.044,0.194,"<0,015",0.02,,11.1,,,,,,,,,,,,,,,,,,,,,,,,,,,,,,,,,,,,,,,,,,,,,,,,,,,,,,,,,,,,,,,,,,,,,,,,,,,,,,,,,,,,,,,,,
datasets/gov/aaa/ezeru_monitoringas/EzeruValstybinioMonitoringoDuomenys,afb513d6-52f3-4e3a-a73b-b26e7ca12984,d6ca77cf-17c2-4e8f-a75f-077d840a3b49,,Utenos,Želvos,LTL448,Želvos,POINT (6132284 597989),2021-04-21,9.8,2.2,3.7,10.85,8.22,2.7,419.0,2.8,"<0,02",0.009,1.94,1.969,2.17,"<0,015",0.016,,6.6,,,,,,,,,,,,,,,,,,,,,,,,,,,,,,,,,,,,,,,,,,,,,,,,,,,,,,,,,,,,,,,,,,,,,,,,,,,,,,,,,,,,,,,,,
datasets/gov/aaa/ezeru_monitoringas/EzeruValstybinioMonitoringoDuomenys,afe55950-91ea-4cfe-97ed-83b585c6243d,d66bfa56-94f6-4663-bd7e-3b1ba9373cf7,,Utenos RAAD,Dysnykštis,LTL156,Dysnykštis,,2022-05-19,12.2,7,3.2,12.2,8.6,1.2,332.0,3.0,0.02,0.006,0.11,0.136,0.82,0.006,0.031,,12.6,,,,,,,,,,,,,,,,,,,,,,,,,,,,,,,,,,,,,,,,,,,,,,,,,,,,,,,,,,,,,,,,,,,,,,,,,,,,,,,,,,,,,,,,,
datasets/gov/aaa/ezeru_monitoringas/EzeruValstybinioMonitoringoDuomenys,afed4cba-6257-40f2-ae69-aee68dd45284,a71245bd-4501-4be7-a504-7c90f6eca081,,Panevėžio RAAD,Dviragis,LTL148,Dviragis,,2022-05-23,14.8,4.3,4,12.2,8.6,1.0,423.0,4.1,0.02,0.031,1.1,1.151,1.9,0.004,0.04,,18.0,,,,,,,,,,,,,,,,,,,,,,,,,,,,,,,,,,,,,,,,,,,,,,,,,,,,,,,,,,,,,,,,,,,,,,,,,,,,,,,,,,,,,,,,,
datasets/gov/aaa/ezeru_monitoringas/EzeruValstybinioMonitoringoDuomenys,b00fe58d-7289-4ae6-8f7f-711ba387153a,519cd3c7-31b9-442d-a0bf-5c5c7e9842da,,Šiaulių,Petraičių tvenkinys,LTL545,Petraičių tvenkinys,POINT (6198329 474729),2017-05-04,9.0,8,5.8,7.7,9.0,1.2,938.0,4.4,"<0,008",0.006,0.16,0.174,0.83,"<0,005",0.044,,15.8,,,,,,,,,,,,,,,,,,,,,,,,,,,,,,,,,,,,,,,,,,,,,,,,,,,,,,,,,,,,,,,,,,,,,,,,,,,,,,,,,,,,,,,,,
datasets/gov/aaa/ezeru_monitoringas/EzeruValstybinioMonitoringoDuomenys,b03cdc6e-7885-4b76-803d-d8f38a1f16ec,421c75a2-58bb-4aa9-898a-ebb0f5b8ba0e,,Vilniaus,Nestrėvantys,LTL535,Nestrėvantys,POINT (6057805 543596),2017-08-17,21.7,<2,4.4,9.2,8.27,0.8,383.0,1.8,0.054,"<0,004",0.138,0.196,0.479,0.017,0.047,,37.9,,,,,,,,,,,,,,,,,,,,,,,,,,,,,,,,,,,,,,,,,,,,,,,,,,,,,,,,,,,,,,,,,,,,,,,,,,,,,,,,,,,,,,,,,
datasets/gov/aaa/ezeru_monitoringas/EzeruValstybinioMonitoringoDuomenys,b05d534e-7fa7-423c-a99b-bdad8cbbf194,b6bbdb99-02a4-41a0-bbf8-4e172882d5a6,,Utenos,Nevėža,LTL285,Nevėža,POINT (6146804 575316),2020-05-14,11.3,2.5,4.2,9.7,8.4,1.8,497.0,1.8,0.02,0.008,2.4,2.428,2.7,"<0,002",0.02,,5.0,,,,,,,,,,,,,,,,,,,,,,,,,,,,,,,,,,,,,,,,,,,,,,,,,,,,,,,,,,,,,,,,,,,,,,,,,,,,,,,,,,,,,,,,,
datasets/gov/aaa/ezeru_monitoringas/EzeruValstybinioMonitoringoDuomenys,b068631c-5c7c-4966-b6fe-3e660d450879,34164e75-e384-42bb-bbf2-0ad0164c4700,,Utenos,Dūburaitis,LTL528,Duburaitis,POINT (6187179 624173),2017-07-26,20.8,2.4,4.5,8.1,8.6,3.3,384.0,1.7,"<0,014","<0,001",0.25,0.265,0.69,0.003,0.016,,8.1,,,,,,,,,,,,,,,,,,,,,,,,,,,,,,,,,,,,,,,,,,,,,,,,,,,,,,,,,,,,,,,,,,,,,,,,,,,,,,,,,,,,,,,,,
datasets/gov/aaa/ezeru_monitoringas/EzeruValstybinioMonitoringoDuomenys,b07cf6f1-3126-47e3-97b7-7bedbd41b1b1,20fcac64-ac6b-446a-b3f3-333d2a71f85f,,Utenos,Alnis,LTL65,Alnis,POINT (6127535 606156),2021-04-28,7.3,<2,1.8,12.7,8.2,7.2,173.0,2.5,0.27,0.003,0.09,0.363,0.66,0.003,"<0,0081",,2.2,,,,,,,,,,,,,,,,,,,,,,,,,,,,,,,,,,,,,,,,,,,,,,,,,,,,,,,,,,,,,,,,,,,,,,,,,,,,,,,,,,,,,,,,,
datasets/gov/aaa/ezeru_monitoringas/EzeruValstybinioMonitoringoDuomenys,b0a01e5c-0b9e-479b-bb9d-c881c169ac77,324c828c-955d-4f03-89b4-395454e3520d,,Utenos,Alnis,LTL65,Alnis,POINT (6127535 606156),2021-07-13,26.9,<2,1.6,9.7,8.8,5.8,142.0,1,"<0,014","<0,001",0.03,0.045,0.38,"<0,002","<0,0081",,2.9,,,,,,,,,,,,,,,,,,,,,,,,,,,,,,,,,,,,,,,,,,,,,,,,,,,,,,,,,,,,,,,,,,,,,,,,,,,,,,,,,,,,,,,,,
datasets/gov/aaa/ezeru_monitoringas/EzeruValstybinioMonitoringoDuomenys,b0acbc96-bd4b-4cdc-9bc9-8dccad83fab0,c544682d-4333-46fd-9724-6fa7b807dc6b,,Utenos,Šakarvai,LTL328,Šakarvai,POINT (6133236 630694),2021-05-10,8.0,<2,3.2,13.4,8.6,4.0,325.0,2.6,0.04,0.002,0.04,0.082,0.42,"<0,002",0.01,,8.0,,,,,,,,,,,,,,,,,,,,,,,,,,,,,,,,,,,,,,,,,,,,,,,,,,,,,,,,,,,,,,,,,,,,,,,,,,,,,,,,,,,,,,,,,
datasets/gov/aaa/ezeru_monitoringas/EzeruValstybinioMonitoringoDuomenys,b1250d57-4543-4cd5-b103-8e2160701c9a,7abf88de-83b2-429c-9ce3-87da3ec996db,,Utenos,Alnis,LTL65,Alnis,POINT (6127535 606156),2018-01-24,0.7,<2,2.1,68.198,8.4,7.2,189.0,2.8,0.25,0.002,0.05,0.302,0.38,0.002,"<0,0083",,,,,,,,,,,,,,,,,,,,,,,,,,,,,,,,,,,,,,,,,,,,,,,,,,,,,,,,,,,,,,,,,,,,,,,,,,,,,,,,,,,,,,,,,,,
datasets/gov/aaa/ezeru_monitoringas/EzeruValstybinioMonitoringoDuomenys,b136f591-6d78-428f-a1ef-0d2ad59b5ee0,6e360268-8f44-441c-a25a-a6718b942f76,,Alytaus,Grūda,LTL396,Grūda,POINT (5974641 520687),2021-07-27,25.9,9.5,2.1,11.2,9.0,0.8,198.0,5.9,0.11,0.002,0.12,0.232,1.5,0.022,0.035,,64.38,,,,,,,,,,,,,,,,,,,,,,,,,,,,,,,,,,,,,,,,,,,,,,,,,,,,,,,,,,,,,,,,,,,,,,,,,,,,,,,,,,,,,,,,,
datasets/gov/aaa/ezeru_monitoringas/EzeruValstybinioMonitoringoDuomenys,b17f4f55-b036-46a0-9648-9f69a20aaaad,a1a2d221-2f8b-482e-b45a-1a4854327efd,,Utenos,Asavas,LTL310,Asavas,POINT (6167521 638935),2018-01-22,0.2,<2,3.1,92.656,8.5,4.2,308.0,1.7,0.03,0.003,0.17,0.203,0.7,0.005,0.012,,,,,,,,,,,,,,,,,,,,,,,,,,,,,,,,,,,,,,,,,,,,,,,,,,,,,,,,,,,,,,,,,,,,,,,,,,,,,,,,,,,,,,,,,,,
datasets/gov/aaa/ezeru_monitoringas/EzeruValstybinioMonitoringoDuomenys,b1a7ec10-04b4-4baa-8085-6423ede353dd,f4764c14-7508-4dc8-a1f1-538923fb3b9f,,Vilniaus,Kadrėnų tvenkinys,LTL162,Kadrėnų tvenkinys,POINT (6130624 552576),2020-08-24,21.9,4.3,4.8,7.6,8.21,1.4,630.0,4.7,"<0,015","<0,005",0.069,0.089,0.504,0.028,0.04,,23.4,,,,,,,,,,,,,,,,,,,,,,,,,,,,,,,,,,,,,,,,,,,,,,,,,,,,,,,,,,,,,,,,,,,,,,,,,,,,,,,,,,,,,,,,,
datasets/gov/aaa/ezeru_monitoringas/EzeruValstybinioMonitoringoDuomenys,b1db8c28-bc16-4426-8598-56aea1a881c2,fc6123d0-3bc3-4e16-bf4d-63f1fd401e31,,Utenos,Asveja(Dubingių ežeras),LTL449,Asveja,POINT (6101954 596299),2019-09-19,16.0,"<1,9",3.3,8.28,8.28,3.7,358.0,0.5,"<0,015","<0,005",0.042,0.062,0.202,"<0,015","<0,015",,3.0,,,,,,,,,,,,,,,,,,,,,,,,,,,,,,,,,,,,,,,,,,,,,,,,,,,,,,,,,,,,,,,,,,,,,,,,,,,,,,,,,,,,,,,,,
datasets/gov/aaa/ezeru_monitoringas/EzeruValstybinioMonitoringoDuomenys,b1f51618-46f3-4a38-b336-754254387b90,440a214f-ef69-4c62-b4f5-cfb831040a42,,Utenos,Stirniai,LTL343,Stirniai,POINT (6124518 605749),2021-07-13,27.4,<2,2.4,8.6,8.5,5.3,222.0,0.79,"<0,014","<0,001",0.02,0.035,0.62,"<0,002","<0,0081",,1.2,,,,,,,,,,,,,,,,,,,,,,,,,,,,,,,,,,,,,,,,,,,,,,,,,,,,,,,,,,,,,,,,,,,,,,,,,,,,,,,,,,,,,,,,,
datasets/gov/aaa/ezeru_monitoringas/EzeruValstybinioMonitoringoDuomenys,b2106bb4-9e8f-4b45-ae17-a2e2e672c9a0,74171061-8c7f-4a02-819e-e46770405df3,,Alytaus,Neveiglas,LTL457,Neveiglas,POINT (6027817 520856),2019-09-23,14.3,5.5,3.0,9.3,7.9,1.0,261.0,4,0.07,0.005,0.08,0.155,1.4,0.011,0.046,,30.0,,,,,,,,,,,,,,,,,,,,,,,,,,,,,,,,,,,,,,,,,,,,,,,,,,,,,,,,,,,,,,,,,,,,,,,,,,,,,,,,,,,,,,,,,
datasets/gov/aaa/ezeru_monitoringas/EzeruValstybinioMonitoringoDuomenys,b252c481-7286-4065-b539-4aa3266cdf5d,048c2d00-b354-4e54-b220-ee62f41d9542,,Panevėžio,Širvėnos ežeras,LTL437,Širvėnos ežeras,POINT (6231517 547007),2017-07-25,20.0,6.6,5.5,8.9,8.6,1.1,555.0,3.0,0.03,0.006,0.2,0.236,1.0,"<0,002",0.023,,10.9,,,,,,,,,,,,,,,,,,,,,,,,,,,,,,,,,,,,,,,,,,,,,,,,,,,,,,,,,,,,,,,,,,,,,,,,,,,,,,,,,,,,,,,,,
datasets/gov/aaa/ezeru_monitoringas/EzeruValstybinioMonitoringoDuomenys,b2590856-46ac-461e-a306-a32ff6983317,aab3c1d5-8c8c-42fb-87b2-ff46403fa0dd,,Alytaus RAAD,Aviris,LTL181,Aviris,,2022-09-19,15.7,2.5,2.4,8.9,8.3,4.1,301.0,1.7,0.06,0.004,0.09,0.154,1.0,"<0,007",0.022,,7.4,,,,,,,,,,,,,,,,,,,,,,,,,,,,,,,,,,,,,,,,,,,,,,,,,,,,,,,,,,,,,,,,,,,,,,,,,,,,,,,,,,,,,,,,,
datasets/gov/aaa/ezeru_monitoringas/EzeruValstybinioMonitoringoDuomenys,b2883d1d-b04f-4a50-b30d-f13e07e8fb10,db4538e9-a529-4671-98df-296a0bdfd526,,Alytaus,Suvingis,LTL376,Suvingis,POINT (6022150 520764),2021-09-29,12.5,3,2.3,8.8,8.2,4.7,259.0,1.3,0.03,0.002,0.11,0.142,0.16,0.009,0.066,,8.29,,,,,,,,,,,,,,,,,,,,,,,,,,,,,,,,,,,,,,,,,,,,,,,,,,,,,,,,,,,,,,,,,,,,,,,,,,,,,,,,,,,,,,,,,
datasets/gov/aaa/ezeru_monitoringas/EzeruValstybinioMonitoringoDuomenys,b290c887-4da7-4716-b96f-e6fbf2ba8c5e,db15e8f5-b8b7-4807-9cfa-801abd223237,,Šiaulių,Platelių ežeras,LTL34,Plateliai,POINT (6214390 366955),2019-08-20,20.0,"<1,6",1.8,8.6,7.2,5.5,172.0,1.1,0.026,"<0,001",0.016,0.043,0.67,"<0,005",0.01,,3.07,,,,,,,,,,,,,,,,,,,,,,,,,,,,,,,,,,,,,,,,,,,,,,,,,,,,,,,,,,,,,,,,,,,,,,,,,,,,,,,,,,,,,,,,,
datasets/gov/aaa/ezeru_monitoringas/EzeruValstybinioMonitoringoDuomenys,b2d5dcf2-3e3e-4c86-9dbe-be99a636cb68,bb71261e-b1e7-4ae9-af14-b9f8261a0fe0,,Utenos RAAD,Alnis,LTL65,Alnis,,2022-07-19,20.9,2.4,1.6,9.2,8.6,6.2,172.0,3.2,0.014,"<0,001",0.02,0.035,0.41,0.003,"<0,0081",,2.5,,,,,,,,,,,,,,,,,,,,,,,,,,,,,,,,,,,,,,,,,,,,,,,,,,,,,,,,,,,,,,,,,,,,,,,,,,,,,,,,,,,,,,,,,
datasets/gov/aaa/ezeru_monitoringas/EzeruValstybinioMonitoringoDuomenys,b2d897cf-60bd-424a-96ec-78f0773058ae,f2c834ba-b073-48e3-a6b2-46788fecedff,,Utenos,Dusynas,LTL289,Dusynas,POINT (6160773 592168),2021-05-05,9.3,6.4,3.7,11.2,8.6,1.0,430.0,2.5,0.07,0.011,1.3,1.381,1.8,"<0,002",0.019,,6.3,,,,,,,,,,,,,,,,,,,,,,,,,,,,,,,,,,,,,,,,,,,,,,,,,,,,,,,,,,,,,,,,,,,,,,,,,,,,,,,,,,,,,,,,,
datasets/gov/aaa/ezeru_monitoringas/EzeruValstybinioMonitoringoDuomenys,b2e55a76-fa68-41fa-be9e-157e466157fc,9c03fd97-1600-4957-a17f-0c7b8aa96edd,,Vilniaus,Elektrėnų marios,LTL125,Elektrėnų,POINT (6070639 543013),2021-04-27,7.0,4.1,3.8,12.82,8.47,1.9,386.0,2.2,"<0,02","<0,005",0.327,0.352,0.821,"<0,015",0.033,,18.5,,,,,,,,,,,,,,,,,,,,,,,,,,,,,,,,,,,,,,,,,,,,,,,,,,,,,,,,,,,,,,,,,,,,,,,,,,,,,,,,,,,,,,,,,
datasets/gov/aaa/ezeru_monitoringas/EzeruValstybinioMonitoringoDuomenys,b33b8672-6ad7-4a32-aa84-05156e8eec09,e55c48a9-6f01-49f2-94a6-84e5159c53e5,,Šiaulių,Ilgis,LTL204,Ilgis,POINT (6210196 364291),2021-10-06,14.0,"<1,4",2.0,8.1,8.4,3.8,177.0,1.2,0.025,0.003,0.027,0.055,0.59,"<0,006",0.034,,5.48,,,,,,,,,,,,,,,,,,,,,,,,,,,,,,,,,,,,,,,,,,,,,,,,,,,,,,,,,,,,,,,,,,,,,,,,,,,,,,,,,,,,,,,,,
datasets/gov/aaa/ezeru_monitoringas/EzeruValstybinioMonitoringoDuomenys,b35481b1-df86-4e90-b5fd-e21d9394f849,d3ad432e-7ba3-41aa-96e7-fe3c6df094e7,,Alytaus,Simno ežeras,LTL196,Simno ežeras,POINT (6029242 476810),2017-05-17,15.2,9.5,3.1,11.8,8.5,1.4,472.0,2.9,0.03,0.005,0.8,0.835,1.0,0.025,0.087,,9.5,,,,,,,,,,,,,,,,,,,,,,,,,,,,,,,,,,,,,,,,,,,,,,,,,,,,,,,,,,,,,,,,,,,,,,,,,,,,,,,,,,,,,,,,,
datasets/gov/aaa/ezeru_monitoringas/EzeruValstybinioMonitoringoDuomenys,b3c09fbf-6ac1-4eb5-aad4-ad047c5dc3a3,d43a04dc-bae8-49cd-bb81-aefffe1017ed,,Panevėžio RAAD,Liberiškio tvenkinys,LTL405,Liberiškio tvenkinys,,2022-07-18,19.0,2,5.1,7.4,7.3,1.8,606.0,3.0,"<0,005",0.083,0.85,0.938,2.6,"<0,006",0.036,,10.73,,,,,,,,,,,,,,,,,,,,,,,,,,,,,,,,,,,,,,,,,,,,,,,,,,,,,,,,,,,,,,,,,,,,,,,,,,,,,,,,,,,,,,,,,
datasets/gov/aaa/ezeru_monitoringas/EzeruValstybinioMonitoringoDuomenys,b3cb0467-6c9a-40f5-a63d-42e1d7daa3a0,332805d7-bec4-4cbe-9355-28c8b460e607,,Šiaulių,Dvariukų tvenkinys,LTL403,Dvariukų tvenkinys,POINT (6215124 503814),2019-08-21,21.0,2.1,4.6,7.2,7.4,2.1,832.0,3.9,0.1,0.003,0.023,0.126,1.6,0.12,0.2,,12.43,,,,,,,,,,,,,,,,,,,,,,,,,,,,,,,,,,,,,,,,,,,,,,,,,,,,,,,,,,,,,,,,,,,,,,,,,,,,,,,,,,,,,,,,,
datasets/gov/aaa/ezeru_monitoringas/EzeruValstybinioMonitoringoDuomenys,b3e90a0a-70c1-4348-be55-e316fd106064,133bb221-0bed-462b-8c5a-e871b5412063,,Alytaus,Metelys,LTL236,Metelys,POINT (6017659 485553),2021-05-17,14.8,3.5,2.8,11.2,8.6,3.7,365.0,2.3,0.02,0.004,0.08,0.104,0.72,"<0,007",0.031,,3.7,,,,,,,,,,,,,,,,,,,,,,,,,,,,,,,,,,,,,,,,,,,,,,,,,,,,,,,,,,,,,,,,,,,,,,,,,,,,,,,,,,,,,,,,,
datasets/gov/aaa/ezeru_monitoringas/EzeruValstybinioMonitoringoDuomenys,b3eb16f4-1bd2-43c1-9ae2-ecf387fa723b,84673685-8263-441a-b5b4-70d4eb1ad724,,Utenos,Šventas,LTL39,Šventas,POINT (6166706 644760),2021-07-14,26.4,<2,0.98,8.7,8.5,8.2,83.0,0.68,"<0,014",0.006,0.02,0.04,0.36,0.002,"<0,0081",,3.0,,,,,,,,,,,,,,,,,,,,,,,,,,,,,,,,,,,,,,,,,,,,,,,,,,,,,,,,,,,,,,,,,,,,,,,,,,,,,,,,,,,,,,,,,
datasets/gov/aaa/ezeru_monitoringas/EzeruValstybinioMonitoringoDuomenys,b3ee7e2b-950d-4bf3-9324-9fce9ca0ff1c,89fa4676-7e5e-4912-8817-e9d972ef00f4,,Alytaus,Babrų ežeras,LTL235,Babrai,POINT (6008912 480234),2021-09-28,13.0,5,2.7,8.7,8.4,4.2,335.0,1.8,0.09,0.002,0.02,0.112,0.34,"<0,007",0.048,,7.55,,,,,,,,,,,,,,,,,,,,,,,,,,,,,,,,,,,,,,,,,,,,,,,,,,,,,,,,,,,,,,,,,,,,,,,,,,,,,,,,,,,,,,,,,
datasets/gov/aaa/ezeru_monitoringas/EzeruValstybinioMonitoringoDuomenys,b428988a-1886-42f2-be23-5b3554fe3bb3,d08e0999-2b0f-4c65-ad55-8240f44b31f1,,Utenos,Spenglas,LTL173,Spenglas,POINT (6101954 612176),2019-05-16,15.2,3.5,3.5,9.8,8.59,0.9,347.0,6.6,0.019,0.006,0.057,0.082,0.594,"<0,015",0.024,,25.8,,,,,,,,,,,,,,,,,,,,,,,,,,,,,,,,,,,,,,,,,,,,,,,,,,,,,,,,,,,,,,,,,,,,,,,,,,,,,,,,,,,,,,,,,
datasets/gov/aaa/ezeru_monitoringas/EzeruValstybinioMonitoringoDuomenys,b42db2f9-c20d-4d56-977b-f83317a0b922,f06c66b7-d37e-45ac-bc62-60743be93d43,,Kauno,Bublių tvenkinys,LTL414,Bublių tvenkinys,POINT (6127918 505237),2018-08-22,22.3,2.7,4.7,107.889,8.32,1.7,548.0,4.1,0.12,0.02,0.39,0.53,1.5,0.005,0.043,,12.8,,,,,,,,,,,,,,,,,,,,,,,,,,,,,,,,,,,,,,,,,,,,,,,,,,,,,,,,,,,,,,,,,,,,,,,,,,,,,,,,,,,,,,,,,
datasets/gov/aaa/ezeru_monitoringas/EzeruValstybinioMonitoringoDuomenys,b42eea9b-8239-42b7-afba-e52bd1d82ad0,aa6d392f-7cb5-47d7-8a0c-a4da8db5f56a,,Vilniaus,Šventas,LTL522,Šventas,POINT (6123837 641284),2019-04-24,12.6,5.7,3.9,11.49,8.54,1.3,395.0,4.1,"<0,015","<0,005",0.045,0.065,0.428,"<0,015",0.023,,12.3,,,,,,,,,,,,,,,,,,,,,,,,,,,,,,,,,,,,,,,,,,,,,,,,,,,,,,,,,,,,,,,,,,,,,,,,,,,,,,,,,,,,,,,,,
datasets/gov/aaa/ezeru_monitoringas/EzeruValstybinioMonitoringoDuomenys,b445d612-6969-4f1a-847c-5508b87cef66,ae424c70-32a0-4396-a989-4baf23ad473a,,Utenos RAAD,Rūžas,LTL399,Rūžas,,2022-05-18,12.5,2.8,2.7,10.5,8.3,2.5,290.0,1.8,"<0,014","<0,001",0.05,0.065,0.58,0.002,0.018,,4.1,,,,,,,,,,,,,,,,,,,,,,,,,,,,,,,,,,,,,,,,,,,,,,,,,,,,,,,,,,,,,,,,,,,,,,,,,,,,,,,,,,,,,,,,,
datasets/gov/aaa/ezeru_monitoringas/EzeruValstybinioMonitoringoDuomenys,b46ce3e5-6fb4-4968-9516-a7cf57e03d81,0bf2c7da-afde-4214-abf9-94ed213ea181,,Utenos,Galuonai,LTL224,Galuonai,POINT (6114776 596830),2020-08-19,22.5,"<1,9",3.0,9.3,8.73,2.9,317.0,1.4,"<0,015","<0,005",0.033,0.053,0.122,"<0,015","<0,015",,3.6,,,,,,,,,,,,,,,,,,,,,,,,,,,,,,,,,,,,,,,,,,,,,,,,,,,,,,,,,,,,,,,,,,,,,,,,,,,,,,,,,,,,,,,,,
datasets/gov/aaa/ezeru_monitoringas/EzeruValstybinioMonitoringoDuomenys,b4739b3e-3394-44cb-8bc8-778c624a80e7,5f1ac206-5cf5-42c4-bf98-8d7c3b660e03,,Utenos,Stirniai,LTL343,Stirniai,POINT (6124518 605749),2020-09-15,16.6,<2,2.4,8.5,8.3,5.6,237.0,1.2,"<0,014",0.001,0.03,0.045,0.28,0.005,0.012,,3.0,,,,,,,,,,,,,,,,,,,,,,,,,,,,,,,,,,,,,,,,,,,,,,,,,,,,,,,,,,,,,,,,,,,,,,,,,,,,,,,,,,,,,,,,,
datasets/gov/aaa/ezeru_monitoringas/EzeruValstybinioMonitoringoDuomenys,b47f2eff-6a0e-481f-a77f-4cd73c8592e8,4b53b47b-0d5b-46c7-bf7f-1e0476a0e449,,Utenos,Čičirys,LTL222,Čičirys,POINT (6187704 628556),2018-07-10,19.9,<2,3.3,105.088,9.3,4.8,306.0,1.1,"<0,014",0.001,0.04,0.055,0.66,"<0,002",0.009,,2.5,,,,,,,,,,,,,,,,,,,,,,,,,,,,,,,,,,,,,,,,,,,,,,,,,,,,,,,,,,,,,,,,,,,,,,,,,,,,,,,,,,,,,,,,,
datasets/gov/aaa/ezeru_monitoringas/EzeruValstybinioMonitoringoDuomenys,b4bcdf0e-dc42-4204-a976-ab010e014729,d8494d6a-2817-4351-95d3-e6fe53f19d10,,Utenos,Pakasas,LTL321,Pakasas,POINT (6140371 623596),2019-07-25,21.4,<2,2.9,10.1,8.5,2.8,344.0,1.2,"<0,014","<0,001",0.03,0.045,0.2,"<0,002",0.012,,2.5,,,,,,,,,,,,,,,,,,,,,,,,,,,,,,,,,,,,,,,,,,,,,,,,,,,,,,,,,,,,,,,,,,,,,,,,,,,,,,,,,,,,,,,,,
datasets/gov/aaa/ezeru_monitoringas/EzeruValstybinioMonitoringoDuomenys,b4d2ee20-cfd8-4aca-8510-9df43e3506c7,fd0aadbe-7412-4bb8-9905-3e30dcc57e0e,,Šiaulių,Platelių ežeras,LTL34,Plateliai,POINT (6214390 366955),2018-01-22,1.0,<2,1.8,,8.9,   Nematuota,206.0,1.7,"<0,008",0.002,0.1,0.11,0.52,"<0,005",0.009,,,,,,,,,,,,,,,,,,,,,,,,,,,,,,,,,,,,,,,,,,,,,,,,,,,,,,,,,,,,,,,,,,,,,,,,,,,,,,,,,,,,,,,,,,,
datasets/gov/aaa/ezeru_monitoringas/EzeruValstybinioMonitoringoDuomenys,b4d3d23c-b083-4e59-b75b-51fa94767be3,b1d396f6-506d-44e0-b808-a98b05eb4e4c,,Panevėžio,Dviragis,LTL148,Dviragis,POINT (6186832 586537),2017-07-31,22.4,8.8,4.1,8.1,8.8,0.8,377.0,3.5,0.04,0.009,0.12,0.169,1.3,0.002,0.049,,20.1,,,,,,,,,,,,,,,,,,,,,,,,,,,,,,,,,,,,,,,,,,,,,,,,,,,,,,,,,,,,,,,,,,,,,,,,,,,,,,,,,,,,,,,,,
datasets/gov/aaa/ezeru_monitoringas/EzeruValstybinioMonitoringoDuomenys,b4e2f276-1c7a-47d6-afa0-743297ba01f9,01758992-d111-4d85-bf4a-11d5c0c8c30c,,Vilniaus,Gilūšis,LTL534,Gilūšis,POINT (6067815 539828),2020-04-28,11.2,7.9,4.5,12.28,8.82,1.1,470.0,4.1,0.039,0.007,0.036,0.082,0.274,"<0,015",0.022,,22.3,,,,,,,,,,,,,,,,,,,,,,,,,,,,,,,,,,,,,,,,,,,,,,,,,,,,,,,,,,,,,,,,,,,,,,,,,,,,,,,,,,,,,,,,,
datasets/gov/aaa/ezeru_monitoringas/EzeruValstybinioMonitoringoDuomenys,b4ed9b32-7076-46f9-bb10-54239da8027c,d9e0f505-9bf4-4c40-bd5b-e6f1914f6e69,,Utenos,Aisetas,LTL336,Aisetas,POINT (6134224 615363),2021-07-19,26.8,2.3,3.0,9.0,8.48,2.8,345.0,1.5,"<0,02","<0,005",0.046,0.071,0.299,"<0,015","<0,015",,0.7,,,,,,,,,,,,,,,,,,,,,,,,,,,,,,,,,,,,,,,,,,,,,,,,,,,,,,,,,,,,,,,,,,,,,,,,,,,,,,,,,,,,,,,,,
datasets/gov/aaa/ezeru_monitoringas/EzeruValstybinioMonitoringoDuomenys,b50e5375-6cf4-497c-b3e3-6ccbb2cd3730,dc265e30-09a0-4205-a86e-ac9c588d9d01,,Panevėžio,Notigalė,LTL147,Notigalė,POINT (6201907 581493),2017-05-09,12.3,"<1,7","<0,049",9.9,5.4,0.9,22.0,3.0,"<0,014",0.003,0.27,0.287,0.65,0.011,0.032,,14.7,,,,,,,,,,,,,,,,,,,,,,,,,,,,,,,,,,,,,,,,,,,,,,,,,,,,,,,,,,,,,,,,,,,,,,,,,,,,,,,,,,,,,,,,,
datasets/gov/aaa/ezeru_monitoringas/EzeruValstybinioMonitoringoDuomenys,b5459ca3-6f95-4cb4-8a54-3896c86e1c3c,782e54bf-0c5f-4435-ae26-7ed425364a99,,Marijampolės,Žaltytis,LTL245,Žaltytis,POINT (6029692 462819),2020-09-22,15.7,4,2.7,11.1,8.8,4.4,504.0,2.6,0.33,0.006,0.07,0.406,1.2,0.009,0.081,,0.2,,,,,,,,,,,,,,,,,,,,,,,,,,,,,,,,,,,,,,,,,,,,,,,,,,,,,,,,,,,,,,,,,,,,,,,,,,,,,,,,,,,,,,,,,
datasets/gov/aaa/ezeru_monitoringas/EzeruValstybinioMonitoringoDuomenys,b56d76d2-2848-4bc9-9916-c79cdcd168bb,13505e5f-901f-4b8c-bca1-b9c5998e8cb0,,Utenos RAAD,Parsvėtas,LTL532,Parsvetas,,2022-09-28,13.4,<2,2.4,8.8,8.3,5.1,335.0,1.2,"<0,014","<0,001",0.3,0.315,0.33,0.002,0.021,,3.5,,,,,,,,,,,,,,,,,,,,,,,,,,,,,,,,,,,,,,,,,,,,,,,,,,,,,,,,,,,,,,,,,,,,,,,,,,,,,,,,,,,,,,,,,
datasets/gov/aaa/ezeru_monitoringas/EzeruValstybinioMonitoringoDuomenys,b56f8a76-5c79-4791-aa6e-155ef0fb083e,f4895e25-7045-4227-b872-a352f3002f07,,Vilniaus,Rašia,LTL218,Rašia,POINT (6120837 608102),2018-08-29,20.9,<2,2.4,100.451,8.23,5.9,241.0,0.9,"<0,01","<0,004",0.039,0.053,0.176,"<0,014","<0,014",,2.4,,,,,,,,,,,,,,,,,,,,,,,,,,,,,,,,,,,,,,,,,,,,,,,,,,,,,,,,,,,,,,,,,,,,,,,,,,,,,,,,,,,,,,,,,
datasets/gov/aaa/ezeru_monitoringas/EzeruValstybinioMonitoringoDuomenys,b572eab1-86b5-43fd-8e95-5e4305c8034b,84bc6b3c-2733-4e75-ae77-24772ec9868e,,Alytaus,Ančia,LTL195,Ančia,POINT (5994964 479239),2017-05-04,9.1,4.5,2.7,12.2,8.4,3.8,397.0,2.6,0.03,0.003,0.46,0.493,1.2,"<0,006",0.036,,24.2,,,,,,,,,,,,,,,,,,,,,,,,,,,,,,,,,,,,,,,,,,,,,,,,,,,,,,,,,,,,,,,,,,,,,,,,,,,,,,,,,,,,,,,,,
datasets/gov/aaa/ezeru_monitoringas/EzeruValstybinioMonitoringoDuomenys,b58cb758-3c85-47cc-b535-bd82df6a4baa,9641a7d5-99ff-4739-9c4c-1ea9d6bc5aad,,Alytaus,Vilkas,LTL180,Vilkas,POINT (5998679 487314),2019-05-16,13.8,6,3.3,9.3,8.4,2.4,383.0,4.4,0.04,0.002,0.043,0.085,0.7,0.009,0.031,,10.7,,,,,,,,,,,,,,,,,,,,,,,,,,,,,,,,,,,,,,,,,,,,,,,,,,,,,,,,,,,,,,,,,,,,,,,,,,,,,,,,,,,,,,,,,
datasets/gov/aaa/ezeru_monitoringas/EzeruValstybinioMonitoringoDuomenys,b5a59650-c882-412d-9462-bcc732b4170d,381af627-4469-4c36-ae7b-1298941520df,,Šiaulių,Gauštvinis,LTL518,Gauštvinis,POINT (6168601 449429),2020-07-22,22.0,18,4.4,9.2,8.4,0.8,497.0,6.4,0.074,0.009,0.062,0.145,1.0,0.005,0.075,,34.53,,,,,,,,,,,,,,,,,,,,,,,,,,,,,,,,,,,,,,,,,,,,,,,,,,,,,,,,,,,,,,,,,,,,,,,,,,,,,,,,,,,,,,,,,
datasets/gov/aaa/ezeru_monitoringas/EzeruValstybinioMonitoringoDuomenys,b5bfdaea-5c95-4db7-8b16-e9fd45e6fe84,a74154e0-f6b2-4419-ab93-2ee4673fa9a7,,Vilniaus,Karvys,LTL363,Karvys,POINT (6083349 573096),2020-08-20,22.2,2.3,2.6,9.4,9.1,2.2,299.0,1.7,"<0,015","<0,005",0.063,0.083,0.173,"<0,015",0.017,,7.6,,,,,,,,,,,,,,,,,,,,,,,,,,,,,,,,,,,,,,,,,,,,,,,,,,,,,,,,,,,,,,,,,,,,,,,,,,,,,,,,,,,,,,,,,
datasets/gov/aaa/ezeru_monitoringas/EzeruValstybinioMonitoringoDuomenys,b61abaa4-221d-41cc-a292-830413ac9e5b,f655b774-429d-4be1-bbc5-4c2848421ebd,,Kauno,KAUNO MARIOS,LTL71,Kauno marios,POINT (6084954 505731),2020-10-15,14.5,2.8,3.3,7.9,8.15,2.5,429.0,1.6,0.26,0.006,0.862,1.128,1.34,0.085,0.086,,4.2,,,,,,,,,,,,,,,,,,,,,,,,,,,,,,,,,,,,,,,,,,,,,,,,,,,,,,,,,,,,,,,,,,,,,,,,,,,,,,,,,,,,,,,,,
datasets/gov/aaa/ezeru_monitoringas/EzeruValstybinioMonitoringoDuomenys,b65bb0fa-ab9c-4a37-b4dc-16dcbb5a257a,b4197e27-f02b-40f6-8d84-c3a5d93ef292,,Vilniaus,Ilgės,LTL135,Ilgės,POINT (6071412 538048),2020-10-07,14.9,6.1,3.3,9.9,8.45,1.3,391.0,2.1,0.035,0.006,0.032,0.073,0.356,"<0,015",0.015,,23.4,,,,,,,,,,,,,,,,,,,,,,,,,,,,,,,,,,,,,,,,,,,,,,,,,,,,,,,,,,,,,,,,,,,,,,,,,,,,,,,,,,,,,,,,,
datasets/gov/aaa/ezeru_monitoringas/EzeruValstybinioMonitoringoDuomenys,b662da6a-fcda-4a61-922b-dbe285138ce0,6653655f-5c05-46a3-b9d9-7776b6bb682a,,Alytaus,Glūkas,LTL234,Glūkas,POINT (6016677 537137),2021-08-18,21.4,3.5,2.4,9.5,8.7,5.0,325.0,1.4,0.03,0.002,0.1,0.132,0.57,0.014,0.044,,63.34,,,,,,,,,,,,,,,,,,,,,,,,,,,,,,,,,,,,,,,,,,,,,,,,,,,,,,,,,,,,,,,,,,,,,,,,,,,,,,,,,,,,,,,,,
datasets/gov/aaa/ezeru_monitoringas/EzeruValstybinioMonitoringoDuomenys,b6857abe-7dd5-422e-8aae-0fbccbfe91c8,dbc5575d-75ce-45c5-97ac-4a9cf4b7550a,,Alytaus,Vernijis,LTL393,Vernijis,POINT (5998083 480687),2018-07-19,24.3,5.5,2.8,110.977,8.5,1.9,442.0,3.1,0.05,0.002,0.03,0.082,0.5,0.032,0.069,,4.3,,,,,,,,,,,,,,,,,,,,,,,,,,,,,,,,,,,,,,,,,,,,,,,,,,,,,,,,,,,,,,,,,,,,,,,,,,,,,,,,,,,,,,,,,
datasets/gov/aaa/ezeru_monitoringas/EzeruValstybinioMonitoringoDuomenys,b6e94808-a49a-4690-968e-fedee489b7f5,f9c563d9-8573-44ca-9c8d-6ff1ed554a3f,,Alytaus,Zapsys,LTL241,Zapsys,POINT (5998028 471189),2020-05-19,12.2,3,2.2,11.1,8.5,2.1,438.0,2.8,0.03,0.003,0.07,0.4,0.473,0.009,0.045,,9.6,,,,,,,,,,,,,,,,,,,,,,,,,,,,,,,,,,,,,,,,,,,,,,,,,,,,,,,,,,,,,,,,,,,,,,,,,,,,,,,,,,,,,,,,,
datasets/gov/aaa/ezeru_monitoringas/EzeruValstybinioMonitoringoDuomenys,b716fca5-e3ba-4c82-9195-416e3e06097b,73fa36c5-c23f-4037-ac05-1e3e65ce1674,,Alytaus,Niedus,LTL240,Niedus,POINT (5986223 475252),2020-08-18,23.5,2,2.6,9.0,8.5,1.6,314.0,3.1,0.01,0.001,0.03,0.4,0.041,0.007,0.036,,7.7,,,,,,,,,,,,,,,,,,,,,,,,,,,,,,,,,,,,,,,,,,,,,,,,,,,,,,,,,,,,,,,,,,,,,,,,,,,,,,,,,,,,,,,,,
datasets/gov/aaa/ezeru_monitoringas/EzeruValstybinioMonitoringoDuomenys,b7625e80-5274-41cb-946c-8f2f44e16257,e51d00b1-773f-48ce-a7f7-71950d927360,,Vilniaus,Labanoras,LTL337,Labanoras,POINT (6126686 614411),2021-09-23,12.7,<2,2.4,8.5,8.12,3.4,276.0,1.1,0.049,"<0,005",0.023,0.077,0.212,"<0,015",0.056,,5.53,,,,,,,,,,,,,,,,,,,,,,,,,,,,,,,,,,,,,,,,,,,,,,,,,,,,,,,,,,,,,,,,,,,,,,,,,,,,,,,,,,,,,,,,,
datasets/gov/aaa/ezeru_monitoringas/EzeruValstybinioMonitoringoDuomenys,b79ded30-4bfc-473f-8f70-e40c3c13c355,132fa284-1a44-4e9f-b6e0-d741385dfa60,,Utenos,Asavas,LTL310,Asavas,POINT (6167521 638935),2018-08-09,25.1,<2,3.0,115.196,8.8,3.2,271.0,1.1,0.02,"<0,001",0.03,0.051,0.49,"<0,002",0.012,,5.5,,,,,,,,,,,,,,,,,,,,,,,,,,,,,,,,,,,,,,,,,,,,,,,,,,,,,,,,,,,,,,,,,,,,,,,,,,,,,,,,,,,,,,,,,
datasets/gov/aaa/ezeru_monitoringas/EzeruValstybinioMonitoringoDuomenys,b7a9ca96-b1a1-4da4-9768-f7dd46ae2a68,bc1c5c6d-5f82-4062-a803-ef6f9a3afca0,,Kauno,KAUNO MARIOS,LTL71,Kauno marios,POINT (6084954 505731),2019-07-15,21.1,29,2.5,14.3,8.91,0.8,400.0,5.9,0.015,"<0,005",0.057,0.077,0.698,0.081,0.107,,161.0,,,,,,,,,,,,,,,,,,,,,,,,,,,,,,,,,,,,,,,,,,,,,,,,,,,,,,,,,,,,,,,,,,,,,,,,,,,,,,,,,,,,,,,,,
datasets/gov/aaa/ezeru_monitoringas/EzeruValstybinioMonitoringoDuomenys,b7c029c6-4eae-4da3-b866-50723a1cc893,20c6a766-8ed1-4641-9175-316804e86e5a,,Alytaus,Grūda,LTL396,Grūda,POINT (5974641 520687),2018-08-23,22.1,7.5,2.5,91.329,8.7,0.8,217.0,2.9,0.07,0.003,0.05,0.123,0.5,0.02,0.064,,40.3,,,,,,,,,,,,,,,,,,,,,,,,,,,,,,,,,,,,,,,,,,,,,,,,,,,,,,,,,,,,,,,,,,,,,,,,,,,,,,,,,,,,,,,,,
datasets/gov/aaa/ezeru_monitoringas/EzeruValstybinioMonitoringoDuomenys,b7d9ffc5-9d19-4da6-b5bd-d9b349e77e61,2d37126a-8fb9-442e-a7cc-718b5854b1a0,,Utenos,Šiurpys,LTL311,Šiurpys,POINT (6169946 635569),2019-01-29,1.6,<2,1.1,10.5,7.6,7.3,125.0,2,0.18,0.001,0.03,0.211,0.88,0.002,"<0,0081",,,,,,,,,,,,,,,,,,,,,,,,,,,,,,,,,,,,,,,,,,,,,,,,,,,,,,,,,,,,,,,,,,,,,,,,,,,,,,,,,,,,,,,,,,,
datasets/gov/aaa/ezeru_monitoringas/EzeruValstybinioMonitoringoDuomenys,b7dee360-dfc6-4267-9d36-4281610419c6,dfefd060-e7d1-479b-8325-9ae418a22b46,,Vilniaus,Kurėnų ežeras,LTL281,Kurėnų ežeras,POINT (6130913 548326),2019-05-15,13.9,3.2,4.2,10.1,8.56,0.9,607.0,2.8,0.09,0.043,1.68,1.813,6.52,"<0,015",0.018,,1.1,,,,,,,,,,,,,,,,,,,,,,,,,,,,,,,,,,,,,,,,,,,,,,,,,,,,,,,,,,,,,,,,,,,,,,,,,,,,,,,,,,,,,,,,,
datasets/gov/aaa/ezeru_monitoringas/EzeruValstybinioMonitoringoDuomenys,b806a4ac-9f55-4f14-a9cc-c51a4fb317ea,00f343c3-4d95-4150-8bdc-de7d65882605,,Alytaus,Liškiavis,LTL194,Liškiavis,POINT (5996443 501256),2018-08-21,23.4,5.5,3.6,99.644,8.4,2.6,382.0,2.8,0.07,0.002,0.09,0.162,0.7,0.02,0.056,,1.1,,,,,,,,,,,,,,,,,,,,,,,,,,,,,,,,,,,,,,,,,,,,,,,,,,,,,,,,,,,,,,,,,,,,,,,,,,,,,,,,,,,,,,,,,
datasets/gov/aaa/ezeru_monitoringas/EzeruValstybinioMonitoringoDuomenys,b8230745-ca69-45a0-8d20-f08f14e74864,5c2f9722-0317-4acd-b0f3-00907d749901,,Alytaus RAAD,Sagavas,LTL249,Sagavas,,2022-09-19,15.1,3.5,3.5,8.0,8.2,2.6,439.0,2.2,0.03,0.016,0.11,0.156,1.2,"<0,007",0.02,,9.9,,,,,,,,,,,,,,,,,,,,,,,,,,,,,,,,,,,,,,,,,,,,,,,,,,,,,,,,,,,,,,,,,,,,,,,,,,,,,,,,,,,,,,,,,
datasets/gov/aaa/ezeru_monitoringas/EzeruValstybinioMonitoringoDuomenys,b83df76a-6e96-4744-b00d-18a0cf4e05c0,5a59c0bd-bea3-4496-ab3b-9946d106b36b,,Alytaus,Ilgis,LTL273,Ilgis,POINT (6014802 512585),2021-05-19,13.9,2,2.4,11.0,8.5,3.8,374.0,2.1,0.02,0.008,0.28,0.308,0.58,"<0,007",0.044,,4.0,,,,,,,,,,,,,,,,,,,,,,,,,,,,,,,,,,,,,,,,,,,,,,,,,,,,,,,,,,,,,,,,,,,,,,,,,,,,,,,,,,,,,,,,,
datasets/gov/aaa/ezeru_monitoringas/EzeruValstybinioMonitoringoDuomenys,b850162f-9255-4687-8701-edd7939ed035,0aabf8b5-c63c-4d97-801e-17ba54a9fe8d,,Kauno,KAUNO MARIOS,LTL71,Kauno HE,POINT (6084954 505731),2017-01-24,0.4,"<2,5",3.7,13.95,7.69,2.4,473.0,2.4,0.091,0.016,2.5,2.607,3.0,0.029,0.075,10.8,,277,"<0,01","<0,1",<1,<1,"<0,8","<0,5",0.92,<30,<5,<2,<15,"<0,002","<0,002","<0,002","<0,004","<0,001","<0,001","<0,004","<0,003","<0,05","<0,05","<0,05","<0,05","<0,05","<0,05","<0,1","<0,2","<0,2","<0,2","<0,1","<0,1","<0,2","<0,2","<0,1","<0,2","<0,005","<0,005","<0,005","<0,005","<0,005","<0,005","<0,005","<0,005","<0,005","<0,004","<0,004","<0,005","<0,005","<0,005","<0,005","<0,025","<0,04","<0,04","<0,04","<0,05","<0,04","<0,004","<0,003",,,,"<0,005","<0,005","<0,006",0.19,"<0,005","<0,005","<0,005","<0,005","<0,005","<0,005","<0,005","<0,01","<0,01","<0,01","<0,01","<0,01","<0,01","<0,01","<0,001",,,,,,,,
datasets/gov/aaa/ezeru_monitoringas/EzeruValstybinioMonitoringoDuomenys,b85d280f-570a-4cf0-8dcb-56a00204dd52,0fc19fbb-5ea0-4937-a342-eaaa114dfa6e,,Vilniaus RAAD,Lėnas,LTL278,Lėnas,,2022-09-14,14.1,4.4,3.7,10.4,8.18,1.2,415.0,3.9,0.033,0.005,0.31,0.348,1.15,"<0,015",0.016,,10.8,,,,,,,,,,,,,,,,,,,,,,,,,,,,,,,,,,,,,,,,,,,,,,,,,,,,,,,,,,,,,,,,,,,,,,,,,,,,,,,,,,,,,,,,,
datasets/gov/aaa/ezeru_monitoringas/EzeruValstybinioMonitoringoDuomenys,b85d9e2b-3ec7-44fd-9a3f-fa6d55c7e9b9,cfa25175-0603-43ac-99f4-68f368ad63ee,,Alytaus,Ilgis,LTL374,Ilgis,POINT (6036751 525398),2021-08-20,19.9,4,2.7,8.1,8.0,1.4,242.0,2.5,0.03,0.002,0.07,0.102,1.4,0.014,0.077,,3.55,,,,,,,,,,,,,,,,,,,,,,,,,,,,,,,,,,,,,,,,,,,,,,,,,,,,,,,,,,,,,,,,,,,,,,,,,,,,,,,,,,,,,,,,,
datasets/gov/aaa/ezeru_monitoringas/EzeruValstybinioMonitoringoDuomenys,b8a2480a-0789-42ce-85c2-8229a356df5a,96fb8833-d7b4-480a-af56-df166404d775,,Vilniaus,Peršokšnai,LTL340,Peršokšnai,POINT (6121856 614302),2021-10-11,10.6,<2,2.6,9.18,8.2,6.8,283.0,2.4,"<0,02","<0,005",0.022,0.047,0.295,"<0,015",0.023,,2.52,,,,,,,,,,,,,,,,,,,,,,,,,,,,,,,,,,,,,,,,,,,,,,,,,,,,,,,,,,,,,,,,,,,,,,,,,,,,,,,,,,,,,,,,,
datasets/gov/aaa/ezeru_monitoringas/EzeruValstybinioMonitoringoDuomenys,b9322bd0-9d87-40bf-9ae5-731c8e6f2eb1,e4d66287-59e2-407d-bb05-ae1d3cae4594,,Kauno,Pajiesio tvenkinys,LTL425,Pajiesio tvenkinys,POINT (6068474 494380),2017-04-19,8.2,6.6,4.9,10.33,8.57,1.2,539.0,2.0,0.035,0.018,3.4,3.453,3.8,0.015,0.062,,30.78,,,,,,,,,,,,,,,,,,,,,,,,,,,,,,,,,,,,,,,,,,,,,,,,,,,,,,,,,,,,,,,,,,,,,,,,,,,,,,,,,,,,,,,,,
datasets/gov/aaa/ezeru_monitoringas/EzeruValstybinioMonitoringoDuomenys,b958245a-380b-412d-a49b-c528a9cbebb1,15539102-49fd-46b8-94b1-381607282781,,Vilniaus,Gaveikių ežeras,LTL525,Gaveikių,POINT (6100859 589613),2018-04-24,12.1,3.4,3.2,,8.27,1.3,342.0,2.9,0.029,0.008,0.36,0.397,0.515,"<0,014",0.014,,25.99,,,,,,,,,,,,,,,,,,,,,,,,,,,,,,,,,,,,,,,,,,,,,,,,,,,,,,,,,,,,,,,,,,,,,,,,,,,,,,,,,,,,,,,,,
datasets/gov/aaa/ezeru_monitoringas/EzeruValstybinioMonitoringoDuomenys,b98a6391-28b9-43d3-b698-80d0365bba0a,ffc2d2b7-3d9a-48e8-9cd0-d531fda35554,,Aplinkos apsaugos departamento Šiaulių valdyba,Laičių I tvenkinys,LTL544,Laičių I tvenkinys,,2022-08-18,24.0,13,6.4,6.7,8.4,0.97,754.0,15.0,0.095,0.083,2.1,2.278,3.4,"<0,006",0.051,,71.63,,,,,,,,,,,,,,,,,,,,,,,,,,,,,,,,,,,,,,,,,,,,,,,,,,,,,,,,,,,,,,,,,,,,,,,,,,,,,,,,,,,,,,,,,
datasets/gov/aaa/ezeru_monitoringas/EzeruValstybinioMonitoringoDuomenys,b9e07e4d-6251-493c-bbfa-0e0a83a2144b,3bf2f596-7520-46c4-b041-51472bf4ecea,,Utenos RAAD,Alksnas,LTL228,Alksnas,,2022-08-31,22.3,<2,1.7,8.2,8.4,2.8,247.0,1.5,0.014,"<0,001",0.04,0.055,0.09,0.005,0.016,,2.6,,,,,,,,,,,,,,,,,,,,,,,,,,,,,,,,,,,,,,,,,,,,,,,,,,,,,,,,,,,,,,,,,,,,,,,,,,,,,,,,,,,,,,,,,
datasets/gov/aaa/ezeru_monitoringas/EzeruValstybinioMonitoringoDuomenys,b9e2f323-ba99-4e33-8685-9f14b41597ea,19adacc6-4150-42fd-8b60-a75b7cb133fe,,Utenos,Dūkštas,LTL313,Dūkštas,POINT (6162907 645550),2020-05-19,10.9,2,2.3,10.5,8.6,4.6,239.0,1.6,"<0,014","<0,001",0.02,0.035,0.46,0.007,0.01,,3.0,,,,,,,,,,,,,,,,,,,,,,,,,,,,,,,,,,,,,,,,,,,,,,,,,,,,,,,,,,,,,,,,,,,,,,,,,,,,,,,,,,,,,,,,,
datasets/gov/aaa/ezeru_monitoringas/EzeruValstybinioMonitoringoDuomenys,b9e834df-9f5b-4cd4-a32d-16a41b0da110,4fbad4f8-75a4-414c-aa87-2e812ce9954f,,Kauno,KAUNO MARIOS,LTL71,Kauno marios,POINT (6084954 505731),2018-10-10,12.6,4.1,3.7,79.623,7.92,1.8,422.0,1.2,0.2,0.015,0.21,0.425,0.7,0.1,0.14,7.6,3.3,257,"<0,01","<0,1",<1,<1,"<0,8","<0,5",0.53,<30,"<0,1",<2,<30,"<0,002","<0,002",0.009,"<0,004",0.002,0.001,"<0,004","<0,003","<0,05","<0,05","<0,05","<0,05","<0,05","<0,05",,,,,,,,,,,"<0,005","<0,005","<0,005","<0,005","<0,005","<0,005","<0,005","<0,005","<0,005","<0,004","<0,004","<0,005","<0,005","<0,005","<0,005","<0,025","<0,04","<0,04","<0,04","<0,05","<0,04","<0,004","<0,003","<0,5","<0,5","<0,5","<0,005","<0,005",,0.17,"<0,005","<0,005","<0,005","<0,005","<0,005","<0,005","<0,005",,,,,,,,"<0,005","<0,034","<0,0023","<0,0003","<0,0002","<0,013",,,
datasets/gov/aaa/ezeru_monitoringas/EzeruValstybinioMonitoringoDuomenys,b9ec6783-1ae5-49e3-82ca-02ee1d0da88f,3d78ddbe-03b2-4ebd-aca9-350d6e44af7f,,Utenos,Paštys,LTL293,Paštys,POINT (6176255 606702),2021-10-07,10.7,4.1,4.1,8.8,8.1,1.8,392.0,2.6,0.08,0.008,0.1,0.188,0.67,0.003,0.056,,23.47,,,,,,,,,,,,,,,,,,,,,,,,,,,,,,,,,,,,,,,,,,,,,,,,,,,,,,,,,,,,,,,,,,,,,,,,,,,,,,,,,,,,,,,,,
datasets/gov/aaa/ezeru_monitoringas/EzeruValstybinioMonitoringoDuomenys,b9fe33d5-4a65-4797-a0e1-3e1173521ccf,7912df7a-fb71-4ad8-9e2a-60cdde24f7db,,Utenos,Dysnai,LTL223,Dysnai,POINT (6153653 647416),2019-05-13,15.1,5,3.6,12.0,8.9,1.6,339.0,2.6,0.08,0.007,0.44,0.527,0.76,0.008,0.015,,4.3,,,,,,,,,,,,,,,,,,,,,,,,,,,,,,,,,,,,,,,,,,,,,,,,,,,,,,,,,,,,,,,,,,,,,,,,,,,,,,,,,,,,,,,,,
datasets/gov/aaa/ezeru_monitoringas/EzeruValstybinioMonitoringoDuomenys,ba911646-fca1-494a-91f5-e94936c1215e,dc86c0b9-793a-4f3f-8b45-2db365694e33,,Utenos,Suosa,LTL382,Suosa,POINT (6176726 563162),2017-05-16,14.4,"<1,7",4.5,11.4,8.6,1.5,442.0,3.2,"<0,014",0.017,1.5,1.531,1.7,0.002,0.015,,1.3,,,,,,,,,,,,,,,,,,,,,,,,,,,,,,,,,,,,,,,,,,,,,,,,,,,,,,,,,,,,,,,,,,,,,,,,,,,,,,,,,,,,,,,,,
datasets/gov/aaa/ezeru_monitoringas/EzeruValstybinioMonitoringoDuomenys,ba9aed5e-f18c-46a8-a64a-a927d54a3204,cce9d79e-214e-45cc-9aca-7023842c4e3a,,Vilniaus,Kančioginas,LTL386,Kančioginas,POINT (6122858 648752),2021-09-29,10.9,<2,3.4,9.2,8.39,3.1,365.0,1.7,0.072,0.006,0.062,0.14,0.623,"<0,015",0.03,,9.18,,,,,,,,,,,,,,,,,,,,,,,,,,,,,,,,,,,,,,,,,,,,,,,,,,,,,,,,,,,,,,,,,,,,,,,,,,,,,,,,,,,,,,,,,
datasets/gov/aaa/ezeru_monitoringas/EzeruValstybinioMonitoringoDuomenys,bac790b0-31c4-49b2-ae68-2a0b78e0ae5e,12220600-7f27-4cf1-bd14-ce1165ce86c9,,Utenos,Kiementas,LTL450,Kiementas,POINT (6105240 581096),2019-07-18,19.1,5.3,4.6,9.1,8.63,1.3,408.0,2,0.035,"<0,005",0.045,0.085,0.428,"<0,015","<0,015",,24.1,,,,,,,,,,,,,,,,,,,,,,,,,,,,,,,,,,,,,,,,,,,,,,,,,,,,,,,,,,,,,,,,,,,,,,,,,,,,,,,,,,,,,,,,,
datasets/gov/aaa/ezeru_monitoringas/EzeruValstybinioMonitoringoDuomenys,badfc47a-a7ff-41d7-a357-636bf4b072e5,212feb1b-6cb7-4bf2-beef-8d8f75643ae7,,Alytaus,Neveiglas,LTL457,Neveiglas,POINT (6027817 520856),2019-08-27,23.7,5.5,3.3,12.4,9.0,0.9,230.0,3.8,0.07,0.003,0.05,0.123,1.4,0.007,0.048,,16.3,,,,,,,,,,,,,,,,,,,,,,,,,,,,,,,,,,,,,,,,,,,,,,,,,,,,,,,,,,,,,,,,,,,,,,,,,,,,,,,,,,,,,,,,,
datasets/gov/aaa/ezeru_monitoringas/EzeruValstybinioMonitoringoDuomenys,bb190472-89e8-49c5-bc0e-813446c11094,1a33fd53-daf7-4266-8907-26afef2a7927,,Utenos,Čičirys,LTL222,Čičirys,POINT (6187704 628556),2020-06-11,21.4,<2,3.1,10.2,8.4,5.4,323.0,0.9,"<0,014",0.001,0.04,0.055,0.54,0.002,"<0,0081",,1.7,,,,,,,,,,,,,,,,,,,,,,,,,,,,,,,,,,,,,,,,,,,,,,,,,,,,,,,,,,,,,,,,,,,,,,,,,,,,,,,,,,,,,,,,,
datasets/gov/aaa/ezeru_monitoringas/EzeruValstybinioMonitoringoDuomenys,bb215a58-5e21-4b9d-aece-67e6bf4443b4,121082e2-6515-4806-b5dd-04b80296bec7,,Vilniaus,Riešė,LTL165,Riešė,POINT (6072871 571379),2018-07-16,22.3,3.3,3.6,113.689,7.88,0.7,384.0,4.9,0.019,0.005,0.06,0.084,0.162,"<0,014",0.03,,30,,,,,,,,,,,,,,,,,,,,,,,,,,,,,,,,,,,,,,,,,,,,,,,,,,,,,,,,,,,,,,,,,,,,,,,,,,,,,,,,,,,,,,,,,
datasets/gov/aaa/ezeru_monitoringas/EzeruValstybinioMonitoringoDuomenys,bb36148a-d42b-462b-8766-9eeb3a8d3462,4c3b865e-096e-4566-aa02-00ade4402259,,Utenos,Čičirys,LTL222,Čičirys,POINT (6187704 628556),2021-09-15,16.7,<2,3.0,9.2,8.5,7.0,263.0,0.68,"<0,014","<0,001",0.03,0.045,0.46,0.004,"<0,0081",,2.66,,,,,,,,,,,,,,,,,,,,,,,,,,,,,,,,,,,,,,,,,,,,,,,,,,,,,,,,,,,,,,,,,,,,,,,,,,,,,,,,,,,,,,,,,
datasets/gov/aaa/ezeru_monitoringas/EzeruValstybinioMonitoringoDuomenys,bb5ef478-37ae-4b08-8bd6-21cdc821f415,f781a0d4-6679-4edd-8d25-f3d674b17e79,,Kauno,Angirių tvenkinys,LTL410,Angirių tvenkinys,POINT (6128127 482763),2018-08-28,20.4,"<2,5",4.9,,8.83,2.1,523.0,1.2,0.019,0.052,1.1,1.171,1.6,0.001,0.057,,10.9,,,,,,,,,,,,,,,,,,,,,,,,,,,,,,,,,,,,,,,,,,,,,,,,,,,,,,,,,,,,,,,,,,,,,,,,,,,,,,,,,,,,,,,,,
datasets/gov/aaa/ezeru_monitoringas/EzeruValstybinioMonitoringoDuomenys,bb639219-3e8a-45b8-a655-1499f135b74a,961d317e-1533-458b-b235-37be3263ec66,,Šiaulių,Platelių ežeras,LTL34,Plateliai,POINT (6214390 366955),2020-02-04,3.0,"<1,6",1.9,8.1,8.7,5.4,206.0,1.5,0.025,"<0,001",0.14,0.166,0.63,"<0,005",0.009,,,,,,,,,,,,,,,,,,,,,,,,,,,,,,,,,,,,,,,,,,,,,,,,,,,,,,,,,,,,,,,,,,,,,,,,,,,,,,,,,,,,,,,,,,,
datasets/gov/aaa/ezeru_monitoringas/EzeruValstybinioMonitoringoDuomenys,bb68b9d4-52a8-4853-b7f9-a1a0d73e08df,a32f156b-efec-4653-bdcc-3840dadab771,,Utenos,Ilgiai,LTL397,Ilgiai,POINT (6157143 654481),2018-05-07,18.4,3,4.6,118.026,8.9,2.2,428.0,2.6,"<0,014","<0,001",0.06,0.075,0.7,0.004,0.021,,6.08,,,,,,,,,,,,,,,,,,,,,,,,,,,,,,,,,,,,,,,,,,,,,,,,,,,,,,,,,,,,,,,,,,,,,,,,,,,,,,,,,,,,,,,,,
datasets/gov/aaa/ezeru_monitoringas/EzeruValstybinioMonitoringoDuomenys,bb90d4b9-7fed-496f-821a-cbc68bb4346c,de4298cb-5831-42b5-82ec-3f9fbc22c88a,,Vilniaus,Riešė,LTL165,Riešė,POINT (6072871 571379),2018-04-24,12.8,14,3.7,,8.57,0.6,412.0,4.1,0.047,0.018,0.177,0.242,0.752,"<0,014","<0,014",,24.71,,,,,,,,,,,,,,,,,,,,,,,,,,,,,,,,,,,,,,,,,,,,,,,,,,,,,,,,,,,,,,,,,,,,,,,,,,,,,,,,,,,,,,,,,
datasets/gov/aaa/ezeru_monitoringas/EzeruValstybinioMonitoringoDuomenys,bba250c2-5e6f-4a69-8d51-57c8c48dff53,083c4b91-0a74-4860-bf4a-f176280c9d34,,Utenos,Svirkų ežeras,LTL388,Svirkų ežeras,POINT (6130406 669588),2019-05-07,12.0,8.6,3.9,10.1,8.77,0.9,448.0,2.4,0.019,0.006,0.039,0.064,0.94,"<0,015",0.072,,5.2,,,,,,,,,,,,,,,,,,,,,,,,,,,,,,,,,,,,,,,,,,,,,,,,,,,,,,,,,,,,,,,,,,,,,,,,,,,,,,,,,,,,,,,,,
datasets/gov/aaa/ezeru_monitoringas/EzeruValstybinioMonitoringoDuomenys,bc085260-1bcd-4ca1-894d-e69a9653d7f2,b51afa75-886a-43da-b06c-f6950fd3790a,,Utenos,Avilys,LTL299,Avilys,POINT (6183633 629267),2017-05-18,14.1,3,2.6,11.8,8.6,3.2,245.0,1.5,"<0,014",0.003,0.09,0.107,0.53,"<0,002",0.009,,5.2,,,,,,,,,,,,,,,,,,,,,,,,,,,,,,,,,,,,,,,,,,,,,,,,,,,,,,,,,,,,,,,,,,,,,,,,,,,,,,,,,,,,,,,,,
datasets/gov/aaa/ezeru_monitoringas/EzeruValstybinioMonitoringoDuomenys,bc35f126-5ea9-4b18-8f7e-91b1ef5597e6,4d1fe06c-5c8a-4e7c-95e9-e1f2b2d6a722,,Utenos,Dringis,LTL229,Dringis,POINT (6139620 633099),2019-08-26,22.1,<2,3.1,9.7,8.7,4.6,303.0,1.7,0.014,"<0,001",0.03,0.045,0.15,0.002,0.01,,3.3,,,,,,,,,,,,,,,,,,,,,,,,,,,,,,,,,,,,,,,,,,,,,,,,,,,,,,,,,,,,,,,,,,,,,,,,,,,,,,,,,,,,,,,,,
datasets/gov/aaa/ezeru_monitoringas/EzeruValstybinioMonitoringoDuomenys,bc8bfe8d-20ac-41d5-99b0-ac787e54af45,5caa3051-7f6c-463c-9887-10dd27caec4c,,Vilniaus,Elektrėnų marios,LTL125,Elektrėnų,POINT (6070639 543013),2021-08-23,19.8,<2,3.0,9.2,8.63,3.8,357.0,1.9,0.02,"<0,005",0.031,0.056,0.306,"<0,015",0.201,,5.48,,,,,,,,,,,,,,,,,,,,,,,,,,,,,,,,,,,,,,,,,,,,,,,,,,,,,,,,,,,,,,,,,,,,,,,,,,,,,,,,,,,,,,,,,
datasets/gov/aaa/ezeru_monitoringas/EzeruValstybinioMonitoringoDuomenys,bc8e4183-6692-43b2-bc78-89a914b6078f,671c00a3-0dea-4090-8b0e-a9e975f26a35,,Utenos,Šiurpys,LTL311,Šiurpys,POINT (6169946 635569),2020-07-09,21.7,<2,1.0,9.8,8.8,6.8,86.0,1,"<0,014","<0,001",0.02,0.035,0.44,"<0,002","<0,0081",,3.6,,,,,,,,,,,,,,,,,,,,,,,,,,,,,,,,,,,,,,,,,,,,,,,,,,,,,,,,,,,,,,,,,,,,,,,,,,,,,,,,,,,,,,,,,
datasets/gov/aaa/ezeru_monitoringas/EzeruValstybinioMonitoringoDuomenys,bccc20ec-33fc-4c1d-b9c9-63d10b665359,83212c19-599d-40e4-a139-aec40719a760,,Utenos,Vencavas,LTL226,Vencavas,POINT (6177170 624162),2019-07-18,18.9,<2,3.4,10.5,8.8,7.1,211.0,0.89,"<0,014","<0,001",0.03,0.045,0.12,"<0,002","<0,0081",,1.7,,,,,,,,,,,,,,,,,,,,,,,,,,,,,,,,,,,,,,,,,,,,,,,,,,,,,,,,,,,,,,,,,,,,,,,,,,,,,,,,,,,,,,,,,
datasets/gov/aaa/ezeru_monitoringas/EzeruValstybinioMonitoringoDuomenys,bce5f33f-cf5f-4e3d-826a-3ae72314c179,e8b6cdc6-2ef0-41f0-a992-dfeef706065f,,Šiaulių,Petraičių tvenkinys,LTL545,Petraičių tvenkinys,POINT (6198329 474729),2020-09-30,15.0,43,5.3,8.4,8.6,0.25,822.0,9.5,0.026,"<0,001",0.006,0.033,4.3,0.32,0.7,,114.7,,,,,,,,,,,,,,,,,,,,,,,,,,,,,,,,,,,,,,,,,,,,,,,,,,,,,,,,,,,,,,,,,,,,,,,,,,,,,,,,,,,,,,,,,
datasets/gov/aaa/ezeru_monitoringas/EzeruValstybinioMonitoringoDuomenys,bceef221-27bc-42a1-8544-ebfbbdc36eb3,a50bfffb-b9c0-433f-9122-f8468b40af03,,Utenos,Šiurpys,LTL311,Šiurpys,POINT (6169946 635569),2020-01-22,1.9,<2,1.0,13.6,8.0,8.7,114.0,3.3,0.18,0.002,0.06,0.242,0.57,0.003,"<0,0081",,,,,,,,,,,,,,,,,,,,,,,,,,,,,,,,,,,,,,,,,,,,,,,,,,,,,,,,,,,,,,,,,,,,,,,,,,,,,,,,,,,,,,,,,,,
datasets/gov/aaa/ezeru_monitoringas/EzeruValstybinioMonitoringoDuomenys,bd4ff59d-0cec-40c6-8680-ca9061fb7f0e,c476623d-47a7-4f59-94c5-3ae7899002bf,,Utenos,Gėlių ežeras,LTL283,Gėlių ežeras,POINT (6129389 574264),2020-08-26,21.3,14,2.8,9.0,8.42,0.6,309.0,5.2,0.023,0.005,0.096,0.124,0.684,"<0,015",0.096,,48.3,,,,,,,,,,,,,,,,,,,,,,,,,,,,,,,,,,,,,,,,,,,,,,,,,,,,,,,,,,,,,,,,,,,,,,,,,,,,,,,,,,,,,,,,,
datasets/gov/aaa/ezeru_monitoringas/EzeruValstybinioMonitoringoDuomenys,bd6c70f9-10a6-45b4-a7b1-b9c133e98b93,63d459dc-78b3-4f63-a990-cac3da8902db,,Alytaus,Giedavardys,LTL392,Giedavardys,POINT (6001432 492931),2021-08-17,22.1,3,2.6,9.5,8.3,3.3,236.0,1.7,0.02,0.002,0.02,0.042,0.62,0.007,0.042,,3.66,,,,,,,,,,,,,,,,,,,,,,,,,,,,,,,,,,,,,,,,,,,,,,,,,,,,,,,,,,,,,,,,,,,,,,,,,,,,,,,,,,,,,,,,,
datasets/gov/aaa/ezeru_monitoringas/EzeruValstybinioMonitoringoDuomenys,bd745e46-eb12-4190-a872-8210ef212e1e,f2e7d082-1e9e-466c-b19a-f2e3b8b0441a,,Klaipėdos,Draudenių ežeras,LTL205,Draudenių ežeras,POINT (6132497 371778),2017-08-29,18.0,<2,2.9,6.0,9.1,1.7,313.0,2.4,0.008,0.001,0.004,0.012,0.67,0.005,0.02,,4.44,,,,,,,,,,,,,,,,,,,,,,,,,,,,,,,,,,,,,,,,,,,,,,,,,,,,,,,,,,,,,,,,,,,,,,,,,,,,,,,,,,,,,,,,,
datasets/gov/aaa/ezeru_monitoringas/EzeruValstybinioMonitoringoDuomenys,bdd21041-dd2c-4a46-bf09-13008ba5e91b,0aca9c34-3d2d-4fd5-9879-fa67dd6bb119,,Panevėžio,Kupiškio tvenkinys,LTL417,Kupiškio,POINT (6191998 561083),2017-09-27,14.8,2.3,5,8.9,8.7,2.9,485.0,4.6,0.04,0.018,0.94,0.998,2.1,0.004,0.039,,9.47,,,,,,,,,,,,,,,,,,,,,,,,,,,,,,,,,,,,,,,,,,,,,,,,,,,,,,,,,,,,,,,,,,,,,,,,,,,,,,,,,,,,,,,,,
datasets/gov/aaa/ezeru_monitoringas/EzeruValstybinioMonitoringoDuomenys,bdffed0b-504f-4970-9591-d381557d2120,7f4eb3c3-b871-468a-9298-3ecdf0279ed2,,Alytaus,Krūminių tvenkinys,LTL184,Krūminių tvenkinys,POINT (6016830 553517),2021-09-16,16.3,4.8,2.9,11.7,8.5,1.4,479.0,3.3,0.05,0.003,0.67,0.723,1.8,0.011,0.1,,30.64,,,,,,,,,,,,,,,,,,,,,,,,,,,,,,,,,,,,,,,,,,,,,,,,,,,,,,,,,,,,,,,,,,,,,,,,,,,,,,,,,,,,,,,,,
datasets/gov/aaa/ezeru_monitoringas/EzeruValstybinioMonitoringoDuomenys,be15100c-9919-4f83-820b-7d7e4fcb0456,ab8b58a3-d8ed-4b46-b7e7-716dd4c8b722,,Utenos,Čičirys,LTL222,Čičirys,POINT (6187704 628556),2021-08-16,20.4,<2,3.1,9.1,8.5,5.3,277.0,0.92,0.04,0.002,0.05,0.092,0.52,0.003,"<0,0081",,3.45,,,,,,,,,,,,,,,,,,,,,,,,,,,,,,,,,,,,,,,,,,,,,,,,,,,,,,,,,,,,,,,,,,,,,,,,,,,,,,,,,,,,,,,,,
datasets/gov/aaa/ezeru_monitoringas/EzeruValstybinioMonitoringoDuomenys,be283079-224d-44e2-80e7-d1256cf3a5eb,7cc517ad-23e9-4998-b031-d9e334ea3f66,,Aplinkos apsaugos departamento Šiaulių valdyba,Platelių ežeras,LTL34,Plateliai,,2022-09-21,15.0,"<1,3",1.8,7.9,8.0,6.2,171.0,0.7,0.037,0.001,0.019,0.057,0.52,"<0,006",0.017,,5.43,,,,,,,,,,,,,,,,,,,,,,,,,,,,,,,,,,,,,,,,,,,,,,,,,,,,,,,,,,,,,,,,,,,,,,,,,,,,,,,,,,,,,,,,,
datasets/gov/aaa/ezeru_monitoringas/EzeruValstybinioMonitoringoDuomenys,be482cf7-f323-4671-be72-edd9899174a0,34547fc7-8bfe-4718-b065-5cfb89932c14,,Utenos,Baltis,LTL342,Baltis,POINT (6129458 600626),2018-07-23,24.0,<2,0.38,120.048,9.3,6.6,37.0,0.81,"<0,014",0.001,0.01,0.025,0.5,"<0,002","<0,0083",,3.5,,,,,,,,,,,,,,,,,,,,,,,,,,,,,,,,,,,,,,,,,,,,,,,,,,,,,,,,,,,,,,,,,,,,,,,,,,,,,,,,,,,,,,,,,
datasets/gov/aaa/ezeru_monitoringas/EzeruValstybinioMonitoringoDuomenys,be540be7-61b8-4a3f-a662-d2082ffeb91b,dd384922-8181-4669-966e-5bc414da5869,,Utenos RAAD,Svėdasas,LTL170,Svėdasas,,2022-08-23,24.7,3.3,3.9,10.6,8.6,3.0,424.0,3.5,0.03,0.026,0.27,0.326,1.1,"<0,002",0.029,,19.1,,,,,,,,,,,,,,,,,,,,,,,,,,,,,,,,,,,,,,,,,,,,,,,,,,,,,,,,,,,,,,,,,,,,,,,,,,,,,,,,,,,,,,,,,
datasets/gov/aaa/ezeru_monitoringas/EzeruValstybinioMonitoringoDuomenys,bea4d444-f057-4568-aab2-ab85a25a0284,b396a12b-e348-41fc-8b9b-6faeda6a80d3,,Utenos,Alaušas,LTL231,Alaušas,POINT (6165828 607108),2021-05-17,11.2,<2,2.3,11.8,8.6,6.3,263.0,1.6,"<0,014",0.029,0.03,0.073,0.4,0.004,"<0,0081",,3.1,,,,,,,,,,,,,,,,,,,,,,,,,,,,,,,,,,,,,,,,,,,,,,,,,,,,,,,,,,,,,,,,,,,,,,,,,,,,,,,,,,,,,,,,,
datasets/gov/aaa/ezeru_monitoringas/EzeruValstybinioMonitoringoDuomenys,bec82b28-bfac-4bf8-89c4-e708e1745bea,221f9183-07b9-4e73-8c1c-389888391795,,Utenos,Arinas,LTL230,Arinas,POINT (6104116 606593),2019-05-09,11.9,"<1,9",3.0,12.6,8.83,3.3,344.0,1.8,0.016,"<0,005",0.114,0.135,0.598,"<0,015",0.017,,5.9,,,,,,,,,,,,,,,,,,,,,,,,,,,,,,,,,,,,,,,,,,,,,,,,,,,,,,,,,,,,,,,,,,,,,,,,,,,,,,,,,,,,,,,,,
datasets/gov/aaa/ezeru_monitoringas/EzeruValstybinioMonitoringoDuomenys,bed39cf0-f043-4816-bbb6-92805a38d967,ed65d6da-7fc9-4dbc-9ec8-40c5fb5cc141,,Utenos,Karališkių ežeras,LTL282,Karališkių ež.,POINT (6131847 569674),2020-04-29,10.0,4.3,3.0,12.43,8.28,1.0,357.0,3.8,0.023,0.01,0.915,0.948,1.13,"<0,015",0.056,,30.8,,,,,,,,,,,,,,,,,,,,,,,,,,,,,,,,,,,,,,,,,,,,,,,,,,,,,,,,,,,,,,,,,,,,,,,,,,,,,,,,,,,,,,,,,
datasets/gov/aaa/ezeru_monitoringas/EzeruValstybinioMonitoringoDuomenys,bed93856-bd12-424f-a39f-1d85dbdab9cf,e23c4ac6-9924-4dca-aa6b-1ce1392d6c03,,Vilniaus,Musia,LTL508,Musia,POINT (6093530 577027),2019-04-17,9.4,6.2,4.3,14.2,8.81,1.2,455.0,5.1,0.019,0.014,0.297,0.33,0.986,"<0,015",0.019,,40.5,,,,,,,,,,,,,,,,,,,,,,,,,,,,,,,,,,,,,,,,,,,,,,,,,,,,,,,,,,,,,,,,,,,,,,,,,,,,,,,,,,,,,,,,,
datasets/gov/aaa/ezeru_monitoringas/EzeruValstybinioMonitoringoDuomenys,bee0a19c-7700-4ccf-884c-229cc31d3587,08e2a998-c4a9-46cd-ab27-5920b4573ca0,,Alytaus,Nedzingis,LTL238,Nedzingis,POINT (6016143 521786),2018-09-17,18.5,4.5,3.0,89.247,8.4,1.4,369.0,3.6,0.02,0.005,0.17,0.195,0.9,0.027,0.073,,13.8,,,,,,,,,,,,,,,,,,,,,,,,,,,,,,,,,,,,,,,,,,,,,,,,,,,,,,,,,,,,,,,,,,,,,,,,,,,,,,,,,,,,,,,,,
datasets/gov/aaa/ezeru_monitoringas/EzeruValstybinioMonitoringoDuomenys,bf1a74ee-568d-4a99-93cb-e0ae307cb3a7,05c6255c-1570-4d76-afdd-8970b4573459,,Panevėžio RAAD,Petrošiškio ežeras,LTL291,Petriošiškio ež.,,2022-08-24,24.1,<2,2.2,8.3,8.1,3.1,217.0,0.91,0.02,"<0,001",0.07,0.091,0.25,"<0,002",0.013,,7.8,,,,,,,,,,,,,,,,,,,,,,,,,,,,,,,,,,,,,,,,,,,,,,,,,,,,,,,,,,,,,,,,,,,,,,,,,,,,,,,,,,,,,,,,,
datasets/gov/aaa/ezeru_monitoringas/EzeruValstybinioMonitoringoDuomenys,bf290d08-aad4-4698-8927-8013fbc622b5,fa51951a-60c2-4a61-af5c-0ba082049592,,Marijampolės,Vištytis,LTL68,Vištytis,POINT (6035329 417565),2021-05-18,10.8,3,2.6,12.9,8.8,4.1,270.0,2.5,0.01,0.001,0.05,0.061,0.35,0.007,0.057,,1.9,,,,,,,,,,,,,,,,,,,,,,,,,,,,,,,,,,,,,,,,,,,,,,,,,,,,,,,,,,,,,,,,,,,,,,,,,,,,,,,,,,,,,,,,,
datasets/gov/aaa/ezeru_monitoringas/EzeruValstybinioMonitoringoDuomenys,bf2c5fd0-a29a-41e5-9e1c-f2c332a6eb8b,27364217-a43d-4c40-a521-a96baccb4fa5,,Utenos,Ilgiai,LTL397,Ilgiai,POINT (6157143 654481),2021-10-12,9.7,2.9,4.2,9.4,8.3,1.7,413.0,1.9,0.04,0.002,0.05,0.092,0.5,0.003,0.025,,6.51,,,,,,,,,,,,,,,,,,,,,,,,,,,,,,,,,,,,,,,,,,,,,,,,,,,,,,,,,,,,,,,,,,,,,,,,,,,,,,,,,,,,,,,,,
datasets/gov/aaa/ezeru_monitoringas/EzeruValstybinioMonitoringoDuomenys,bf74cfb1-995e-49b4-8c02-5db2a8876833,3e0029fb-f912-4613-aa08-23b719997b47,,Utenos,Suvieko ežeras,LTL304,Suvieko ežeras,POINT (6192624 632087),2020-08-27,20.3,3.5,3.2,7.7,8.3,3.5,303.0,1.5,"<0,014","<0,001",0.05,0.065,0.51,0.007,0.012,,8.1,,,,,,,,,,,,,,,,,,,,,,,,,,,,,,,,,,,,,,,,,,,,,,,,,,,,,,,,,,,,,,,,,,,,,,,,,,,,,,,,,,,,,,,,,
datasets/gov/aaa/ezeru_monitoringas/EzeruValstybinioMonitoringoDuomenys,bf7c3c7a-f076-46c4-bb28-8c5ba84e468f,8a923dd4-02e2-442d-8b20-46776084e4e6,,Kauno,Juodkiškių tvenkinys,LTL161,Juodkiškių,POINT (6128351 501094),2018-05-03,14.6,3.2,5.1,139.328,8.57,1.2,599.0,2.1,0.024,0.028,5.6,5.652,6.2,0.006,0.026,,5.11,,,,,,,,,,,,,,,,,,,,,,,,,,,,,,,,,,,,,,,,,,,,,,,,,,,,,,,,,,,,,,,,,,,,,,,,,,,,,,,,,,,,,,,,,
datasets/gov/aaa/ezeru_monitoringas/EzeruValstybinioMonitoringoDuomenys,bfa3c0bd-5075-4923-b51a-8d9cc56a018b,57cd17b1-65f2-495c-bb9d-889e17c1daf3,,Panevėžio RAAD,Petrošiškio ežeras,LTL291,Petriošiškio ež.,,2022-10-11,9.6,<2,2,11.0,8.2,3.6,215.0,1.4,"<0,014","<0,001",0.01,0.025,0.24,"<0,002",0.038,,29.2,,,,,,,,,,,,,,,,,,,,,,,,,,,,,,,,,,,,,,,,,,,,,,,,,,,,,,,,,,,,,,,,,,,,,,,,,,,,,,,,,,,,,,,,,
datasets/gov/aaa/ezeru_monitoringas/EzeruValstybinioMonitoringoDuomenys,bfb4a189-9d5c-4a4c-acb7-cb95946e3d9d,fa3315ee-6f43-43df-8676-db79277f8365,,Alytaus,Ūdrijos ežeras,LTL511,Ūdrijos ežeras,POINT (6033214 490256),2020-08-19,22.0,40,2.8,5.9,8.6,0.4,473.0,5.5,0.05,0.01,0.19,3.9,0.25,0.007,0.16,,88.8,,,,,,,,,,,,,,,,,,,,,,,,,,,,,,,,,,,,,,,,,,,,,,,,,,,,,,,,,,,,,,,,,,,,,,,,,,,,,,,,,,,,,,,,,
datasets/gov/aaa/ezeru_monitoringas/EzeruValstybinioMonitoringoDuomenys,bfb4d4ac-c605-4eb3-837a-6527d9f8927b,cfe46a11-5697-4ff8-8c71-da7fcb81ae64,,Utenos,Stirniai,LTL343,Stirniai,POINT (6124518 605749),2017-10-12,10.1,"<1,7",2.4,6.1,8.7,6.3,227.0,1.0,0.05,0.003,0.07,0.123,0.26,"<0,002","<0,0083",,11.1,,,,,,,,,,,,,,,,,,,,,,,,,,,,,,,,,,,,,,,,,,,,,,,,,,,,,,,,,,,,,,,,,,,,,,,,,,,,,,,,,,,,,,,,,
datasets/gov/aaa/ezeru_monitoringas/EzeruValstybinioMonitoringoDuomenys,c01260d9-974d-40e1-977e-12d14dcb4917,eb10b0ea-c749-49c2-a822-a1e30448672d,,Panevėžio,Sartai,LTL169,Sartai,POINT (6188825 615033),2018-07-16,22.0,3,4.4,144.175,9.1,2,388.0,2.3,"<0,014","<0,001",0.05,0.065,0.73,0.005,0.018,,11.3,,,,,,,,,,,,,,,,,,,,,,,,,,,,,,,,,,,,,,,,,,,,,,,,,,,,,,,,,,,,,,,,,,,,,,,,,,,,,,,,,,,,,,,,,
datasets/gov/aaa/ezeru_monitoringas/EzeruValstybinioMonitoringoDuomenys,c02d5be4-320d-46b3-85ca-d884a706307d,9a24055a-21e6-4243-968f-daff3dd5d2d6,,Utenos,Pravalas(Vidugiris),LTL354,Pravalas,POINT (6107581 610998),2019-07-25,22.7,8.4,3.9,10.2,8.87,1.2,284.0,4,0.039,0.009,0.051,0.099,0.108,"<0,015",0.028,,55.7,,,,,,,,,,,,,,,,,,,,,,,,,,,,,,,,,,,,,,,,,,,,,,,,,,,,,,,,,,,,,,,,,,,,,,,,,,,,,,,,,,,,,,,,,
datasets/gov/aaa/ezeru_monitoringas/EzeruValstybinioMonitoringoDuomenys,c03c684a-ecd1-4395-8254-50744515fe3d,e24d20f3-16de-4175-af46-01c34951b95b,,Vilniaus,Nestrėvantys,LTL535,Nestrėvantys,POINT (6057805 543596),2020-07-30,21.3,2.8,3.5,9.4,8.38,2.0,406.0,1.9,"<0,015","<0,005","<0,015",0.035,0.317,"<0,015",0.023,,8.6,,,,,,,,,,,,,,,,,,,,,,,,,,,,,,,,,,,,,,,,,,,,,,,,,,,,,,,,,,,,,,,,,,,,,,,,,,,,,,,,,,,,,,,,,
datasets/gov/aaa/ezeru_monitoringas/EzeruValstybinioMonitoringoDuomenys,c042e68e-e262-47d5-9111-1495e0bb6669,93e7cd73-94ad-4f95-b79e-700ea19ee447,,Alytaus,Ančia,LTL195,Ančia,POINT (5994964 479239),2017-08-29,20.4,3,1.2,7.2,8.3,4.0,350.0,2.4,0.04,0.003,0.03,0.073,0.3,0.011,0.028,,6.2,,,,,,,,,,,,,,,,,,,,,,,,,,,,,,,,,,,,,,,,,,,,,,,,,,,,,,,,,,,,,,,,,,,,,,,,,,,,,,,,,,,,,,,,,
datasets/gov/aaa/ezeru_monitoringas/EzeruValstybinioMonitoringoDuomenys,c08d7f4c-bd63-450e-81b1-53c4163d814a,139c224e-0ec5-41c8-8264-36df6be04d02,,Šiaulių,Kairių ežeras,LTL265,Kairių ežeras,POINT (6197781 464163),2019-09-16,14.0,2.1,2.9,9.1,8.8,1.8,449.0,1.1,0.03,0.001,0.019,0.05,0.96,"<0,005",0.025,,4.97,,,,,,,,,,,,,,,,,,,,,,,,,,,,,,,,,,,,,,,,,,,,,,,,,,,,,,,,,,,,,,,,,,,,,,,,,,,,,,,,,,,,,,,,,
datasets/gov/aaa/ezeru_monitoringas/EzeruValstybinioMonitoringoDuomenys,c14e2017-31f9-4446-b12f-44f5bc50f312,b0801471-c44b-461a-bb68-0e6a7d1fdbcd,,Utenos RAAD,Dysnykštis,LTL156,Dysnykštis,,2022-08-30,24.1,13,3.8,8.5,8.4,1.1,337.0,2.5,"<0,014",0.001,0.27,0.285,1.0,0.005,0.032,,10.6,,,,,,,,,,,,,,,,,,,,,,,,,,,,,,,,,,,,,,,,,,,,,,,,,,,,,,,,,,,,,,,,,,,,,,,,,,,,,,,,,,,,,,,,,
datasets/gov/aaa/ezeru_monitoringas/EzeruValstybinioMonitoringoDuomenys,c151bc42-737d-4008-8421-d7a93d9bce07,ac254fbe-0c48-4140-b005-c9d79293b069,,Alytaus RAAD,Vilkinys,LTL239,Vilkinys,,2022-05-17,14.2,5.5,3.2,10.9,8.7,2.1,363.0,4.5,0.02,0.002,0.05,0.072,0.63,"<0,007",0.029,,6.0,,,,,,,,,,,,,,,,,,,,,,,,,,,,,,,,,,,,,,,,,,,,,,,,,,,,,,,,,,,,,,,,,,,,,,,,,,,,,,,,,,,,,,,,,
datasets/gov/aaa/ezeru_monitoringas/EzeruValstybinioMonitoringoDuomenys,c179f661-4cad-4809-88a1-7adc333a87fd,e7aaeb09-4c05-48c8-bea1-a9222e14276c,,Šiaulių,Ilgis,LTL204,Ilgis,POINT (6210196 364291),2020-09-23,16.0,1.8,1.8,8.7,8.1,3.5,154.0,1.1,0.026,"<0,001",0.007,0.034,0.64,"<0,005",0.018,,6.22,,,,,,,,,,,,,,,,,,,,,,,,,,,,,,,,,,,,,,,,,,,,,,,,,,,,,,,,,,,,,,,,,,,,,,,,,,,,,,,,,,,,,,,,,
datasets/gov/aaa/ezeru_monitoringas/EzeruValstybinioMonitoringoDuomenys,c189b507-3935-4a5b-9ec2-911c9283f5a7,9df21d6c-053d-4947-b966-023b37e09a85,,Utenos,Kemėšys,LTL214,Kemešys,POINT (6139653 616527),2020-05-06,12.2,7.7,2.6,11.2,8.4,1.5,300.0,4.2,0.04,0.007,0.59,0.637,1.2,0.002,0.032,,16.0,,,,,,,,,,,,,,,,,,,,,,,,,,,,,,,,,,,,,,,,,,,,,,,,,,,,,,,,,,,,,,,,,,,,,,,,,,,,,,,,,,,,,,,,,
datasets/gov/aaa/ezeru_monitoringas/EzeruValstybinioMonitoringoDuomenys,c18d6df7-c40a-4321-bb8f-5261c1f72c25,811f5984-856f-459d-bb42-823b37132b29,,Vilniaus,Šventas,LTL446,Šventas,POINT (6121795 629748),2020-08-27,20.3,6.2,3.8,8.0,8.35,1.2,426.0,2.7,0.064,"<0,005",0.072,0.141,0.803,"<0,015","<0,015",,35.3,,,,,,,,,,,,,,,,,,,,,,,,,,,,,,,,,,,,,,,,,,,,,,,,,,,,,,,,,,,,,,,,,,,,,,,,,,,,,,,,,,,,,,,,,
datasets/gov/aaa/ezeru_monitoringas/EzeruValstybinioMonitoringoDuomenys,c1985991-e120-44e3-bb18-4be8c9dfe881,7911250a-ac2e-4694-aaf2-4f1245896b40,,Utenos,Alaušai,LTL452,Alaušai,POINT (6129479 569749),2018-10-01,13.2,<2,3.2,80.383,8.1,3,312.0,1.1,0.17,0.003,0.03,0.203,0.77,0.026,0.052,,5.3,,,,,,,,,,,,,,,,,,,,,,,,,,,,,,,,,,,,,,,,,,,,,,,,,,,,,,,,,,,,,,,,,,,,,,,,,,,,,,,,,,,,,,,,,
datasets/gov/aaa/ezeru_monitoringas/EzeruValstybinioMonitoringoDuomenys,c1a4dae7-dd44-41bb-9e4f-810471e5dcf2,8ec7daa8-3726-46ca-a971-1cd97087550f,,Utenos,Šventas,LTL39,Šventas,POINT (6166706 644760),2020-08-12,21.8,<2,0.89,8.9,8.6,7.9,85.0,1.1,0.02,0.001,0.03,0.051,0.35,"<0,002","<0,0081",,2.2,,,,,,,,,,,,,,,,,,,,,,,,,,,,,,,,,,,,,,,,,,,,,,,,,,,,,,,,,,,,,,,,,,,,,,,,,,,,,,,,,,,,,,,,,
datasets/gov/aaa/ezeru_monitoringas/EzeruValstybinioMonitoringoDuomenys,c1c24d13-e07a-4e7c-b7fd-f039978aee87,281e5895-65c4-4a60-ab00-9f587372d923,,Utenos,Lūšiai,LTL327,Lūšiai,POINT (6135175 630658),2020-05-05,10.6,<2,3.1,12.9,8.6,4.1,347.0,2.4,0.02,0.002,0.09,0.112,0.53,0.004,"<0,0081",,3.1,,,,,,,,,,,,,,,,,,,,,,,,,,,,,,,,,,,,,,,,,,,,,,,,,,,,,,,,,,,,,,,,,,,,,,,,,,,,,,,,,,,,,,,,,
datasets/gov/aaa/ezeru_monitoringas/EzeruValstybinioMonitoringoDuomenys,c1cc25c2-1dec-47e4-865d-d6179137d6d0,cf66e3f9-9c62-4d6e-b0ca-3061542a5af4,,Klaipėdos,Lazdininkų tvenkinys,LTL263,Lazdininkų tvenkinys,POINT (6213336 324740),2019-04-25,13.0,<2,3.2,9.4,8.7,2.6,356.0,2.7,0.021,0.009,2.6,2.63,2.9,"<0,005",0.019,,6.22,,,,,,,,,,,,,,,,,,,,,,,,,,,,,,,,,,,,,,,,,,,,,,,,,,,,,,,,,,,,,,,,,,,,,,,,,,,,,,,,,,,,,,,,,
datasets/gov/aaa/ezeru_monitoringas/EzeruValstybinioMonitoringoDuomenys,c1cf48d4-b963-4064-ae03-990119251f0a,f8469c5b-a319-43be-a14f-375b7811e0a2,,Utenos,Ilmėdas,LTL351,Ilmėdas,POINT (6126210 598293),2018-08-30,20.7,<2,3.0,101.124,8.7,4.2,292.0,1.2,"<0,014","<0,001",0.03,0.045,0.31,"<0,002",0.009,,3.9,,,,,,,,,,,,,,,,,,,,,,,,,,,,,,,,,,,,,,,,,,,,,,,,,,,,,,,,,,,,,,,,,,,,,,,,,,,,,,,,,,,,,,,,,
datasets/gov/aaa/ezeru_monitoringas/EzeruValstybinioMonitoringoDuomenys,c1ded472-31b2-44ae-b0fd-dfd5b25f8663,091bae45-2836-4686-b0d1-c379ed0e4c00,,Utenos RAAD,Veprys,LTL298,Veprys,,2022-05-17,12.8,<2,2.2,11.3,8.3,2.8,232.0,2.5,"<0,014",0.004,0.16,0.178,0.93,0.003,0.015,,8.5,,,,,,,,,,,,,,,,,,,,,,,,,,,,,,,,,,,,,,,,,,,,,,,,,,,,,,,,,,,,,,,,,,,,,,,,,,,,,,,,,,,,,,,,,
datasets/gov/aaa/ezeru_monitoringas/EzeruValstybinioMonitoringoDuomenys,c1e21a5d-e8a2-4121-9e1e-de585819a5c4,a12daeaf-f1bd-4668-aafa-4fb74ae38aa5,,Utenos,Indrajai,LTL232,Indrajai,POINT (6165088 612828),2021-08-27,17.9,2,4.1,9.1,8.5,4.7,372.0,1.5,"<0,014",0.005,0.07,0.089,0.15,"<0,002",0.016,,4.59,,,,,,,,,,,,,,,,,,,,,,,,,,,,,,,,,,,,,,,,,,,,,,,,,,,,,,,,,,,,,,,,,,,,,,,,,,,,,,,,,,,,,,,,,
datasets/gov/aaa/ezeru_monitoringas/EzeruValstybinioMonitoringoDuomenys,c1ec07e0-1086-4ecf-861a-916d5ebd209d,db0edf4c-755a-4167-b278-178b5f256c73,,Utenos,Dūburaitis,LTL528,Duburaitis,POINT (6187179 624173),2017-10-09,10.8,3.1,4.2,5.7,8.3,3.2,383.0,2.1,0.26,0.007,0.1,0.367,0.6,0.002,0.022,,27.5,,,,,,,,,,,,,,,,,,,,,,,,,,,,,,,,,,,,,,,,,,,,,,,,,,,,,,,,,,,,,,,,,,,,,,,,,,,,,,,,,,,,,,,,,
datasets/gov/aaa/ezeru_monitoringas/EzeruValstybinioMonitoringoDuomenys,c25b9025-4226-4ebf-b3d5-db327355f79d,6b9a922e-1099-4736-a0c1-1393f83e6257,,Šiaulių,Talkša,LTL267,Talkša,POINT (6200045 458364),2020-07-22,21.0,6.4,5.3,9.3,8.4,1.2,673.0,3,0.033,"<0,001",0.028,0.062,3.9,0.011,0.086,,23.68,,,,,,,,,,,,,,,,,,,,,,,,,,,,,,,,,,,,,,,,,,,,,,,,,,,,,,,,,,,,,,,,,,,,,,,,,,,,,,,,,,,,,,,,,
datasets/gov/aaa/ezeru_monitoringas/EzeruValstybinioMonitoringoDuomenys,c2969c22-5a6b-49f4-aa50-7ca719b6bd2a,b8256cd5-3bcc-4b17-8f0c-416af59f646e,,Vilniaus RAAD,Bagdanonių HE tvenkinys,LTL537,Bagdononių HE tvenkinys,,2022-07-14,20.6,<2,3.1,9.0,8.26,3.1,350.0,1.6,"<0,02","<0,005",0.036,0.061,0.342,"<0,015",0.02,,9.7,,,,,,,,,,,,,,,,,,,,,,,,,,,,,,,,,,,,,,,,,,,,,,,,,,,,,,,,,,,,,,,,,,,,,,,,,,,,,,,,,,,,,,,,,
datasets/gov/aaa/ezeru_monitoringas/EzeruValstybinioMonitoringoDuomenys,c2cb4dbe-c751-4552-9a7b-f9a0bc4aa3ec,6b387cfb-bd68-488b-b69e-7a49ee0cbd07,,Šiaulių,Alsėdžių ežeras,LTL258,Alsėdžių ežeras,POINT (6207315 379242),2017-07-24,20.0,<2,5.4,5.5,8.1,1.6,404.0,5.5,"<0,008",0.002,"<0,003",0.013,0.98,"<0,005",0.054,,8.48,,,,,,,,,,,,,,,,,,,,,,,,,,,,,,,,,,,,,,,,,,,,,,,,,,,,,,,,,,,,,,,,,,,,,,,,,,,,,,,,,,,,,,,,,
datasets/gov/aaa/ezeru_monitoringas/EzeruValstybinioMonitoringoDuomenys,c2e84790-7547-4b72-8c5a-441fbedfad6e,e4bbaf53-5899-4bec-a956-f18ae0e6b5af,,Vilniaus RAAD,Vaisietis,LTL371,Vaisietis,,2022-07-26,22.9,2.3,2.1,9.1,8.62,3.2,225.0,1.8,"<0,02",0.008,0.07,0.098,0.752,"<0,015",0.021,,8.5,,,,,,,,,,,,,,,,,,,,,,,,,,,,,,,,,,,,,,,,,,,,,,,,,,,,,,,,,,,,,,,,,,,,,,,,,,,,,,,,,,,,,,,,,
datasets/gov/aaa/ezeru_monitoringas/EzeruValstybinioMonitoringoDuomenys,c304ff2e-a221-457a-b8a7-f72eb4f820d6,7a6b334a-d7e9-4a0f-a95c-c4a49a5ca83c,,Alytaus,Vabalių ežeras,LTL379,Vabalių,POINT (6016717 507296),2021-09-30,12.5,3,2.0,9.2,7.8,2.9,95.0,2.3,0.06,0.002,0.13,0.192,0.45,0.009,0.066,,13.89,,,,,,,,,,,,,,,,,,,,,,,,,,,,,,,,,,,,,,,,,,,,,,,,,,,,,,,,,,,,,,,,,,,,,,,,,,,,,,,,,,,,,,,,,
datasets/gov/aaa/ezeru_monitoringas/EzeruValstybinioMonitoringoDuomenys,c32fb389-6691-4299-ac98-3f846e45291c,67387226-c371-480e-b179-d1b113162a53,,Utenos,Asalnykštis,LTL329,Asalnykštis,POINT (6137078 628096),2019-07-29,22.6,<2,3.3,10.5,8.6,5.1,295.0,1.2,"<0,014",0.001,0.03,0.045,0.52,"<0,002",0.01,,4.3,,,,,,,,,,,,,,,,,,,,,,,,,,,,,,,,,,,,,,,,,,,,,,,,,,,,,,,,,,,,,,,,,,,,,,,,,,,,,,,,,,,,,,,,,
datasets/gov/aaa/ezeru_monitoringas/EzeruValstybinioMonitoringoDuomenys,c34211ef-c1e0-4a5d-b248-9ac894bd1ceb,f436f1f1-984e-4430-b56e-f85d87b5ec77,,Klaipėdos,Draudenių ežeras,LTL205,Draudenių ežeras,POINT (6132497 371778),2020-09-24,18.0,"<1,6",2.1,8.7,8.8,2.7,193.0,1.5,0.037,0.001,0.011,0.049,1.0,"<0,005",0.021,,2.47,,,,,,,,,,,,,,,,,,,,,,,,,,,,,,,,,,,,,,,,,,,,,,,,,,,,,,,,,,,,,,,,,,,,,,,,,,,,,,,,,,,,,,,,,
datasets/gov/aaa/ezeru_monitoringas/EzeruValstybinioMonitoringoDuomenys,c3622a3f-8237-4458-a23e-2edb8c64baa7,2cb766cd-00ea-4419-9bed-77aaf23ea185,,Klaipėdos,Paršežeris,LTL436,Paršežeris,POINT (6169161 392511),2019-04-24,12.0,2,2.5,9.5,8.6,1.2,253.0,3.1,0.042,0.01,0.48,0.532,1.2,"<0,005",0.034,,16.43,,,,,,,,,,,,,,,,,,,,,,,,,,,,,,,,,,,,,,,,,,,,,,,,,,,,,,,,,,,,,,,,,,,,,,,,,,,,,,,,,,,,,,,,,
datasets/gov/aaa/ezeru_monitoringas/EzeruValstybinioMonitoringoDuomenys,c377a2c0-47cb-482f-be39-ef2901b3a227,076e288b-92b9-44ac-8ac6-43ce05bbc8ae,,Alytaus RAAD,Vilkinys,LTL239,Vilkinys,,2022-07-19,20.8,5,3,8.0,8.4,3.0,356.0,2.0,0.02,0.002,0.14,0.162,0.68,0.007,0.048,,7.1,,,,,,,,,,,,,,,,,,,,,,,,,,,,,,,,,,,,,,,,,,,,,,,,,,,,,,,,,,,,,,,,,,,,,,,,,,,,,,,,,,,,,,,,,
datasets/gov/aaa/ezeru_monitoringas/EzeruValstybinioMonitoringoDuomenys,c396a1c0-cd04-4ec1-bdba-ad7abd76ab43,5fca0b3d-0745-49d3-b5da-0eff394656d0,,Utenos,Čičirys,LTL222,Čičirys,POINT (6187704 628556),2021-02-09,0.4,<2,3.0,17.4,8.4,7.0,339.0,1.1,0.03,0.002,0.13,0.162,0.71,0.007,0.018,,,,,,,,,,,,,,,,,,,,,,,,,,,,,,,,,,,,,,,,,,,,,,,,,,,,,,,,,,,,,,,,,,,,,,,,,,,,,,,,,,,,,,,,,,,
datasets/gov/aaa/ezeru_monitoringas/EzeruValstybinioMonitoringoDuomenys,c3d9d0f0-7e7b-4f18-a085-236777444b2f,485a21ec-2eb1-4e02-a12a-ed3cfc579ef5,,Utenos,Baltieji Lakajai,LTL157,Baltieji Lakajai,POINT (6121225 602684),2019-05-02,12.1,"<1,9",2.6,12.7,8.73,2.9,297.0,1.9,"<0,015","<0,005",0.027,0.047,0.432,"<0,015","<0,015",,8.5,,,,,,,,,,,,,,,,,,,,,,,,,,,,,,,,,,,,,,,,,,,,,,,,,,,,,,,,,,,,,,,,,,,,,,,,,,,,,,,,,,,,,,,,,
datasets/gov/aaa/ezeru_monitoringas/EzeruValstybinioMonitoringoDuomenys,c44b7226-1d9b-472c-a96f-41b3b2557dca,e3ca9178-47bd-4c65-ae00-378880a32c2b,,Utenos,Utenos tvenkinys,LTL431,Utenos,POINT (6155211 603513),2019-07-17,18.9,2.7,4.3,10.5,8.6,3.0,437.0,1.7,0.02,0.02,0.79,0.83,0.94,"<0,002",0.016,,5.2,,,,,,,,,,,,,,,,,,,,,,,,,,,,,,,,,,,,,,,,,,,,,,,,,,,,,,,,,,,,,,,,,,,,,,,,,,,,,,,,,,,,,,,,,
datasets/gov/aaa/ezeru_monitoringas/EzeruValstybinioMonitoringoDuomenys,c4510b38-69fd-4550-b15e-4cb8276c2a2e,74c12752-2c29-4b3f-8432-24fe3b115400,,Vilniaus,Nestrėvantys,LTL535,Nestrėvantys,POINT (6057805 543596),2020-08-31,19.1,4,3.4,7.7,8.07,1.7,396.0,3.2,0.033,"<0,005",0.015,0.053,0.4,"<0,015",0.016,,22.7,,,,,,,,,,,,,,,,,,,,,,,,,,,,,,,,,,,,,,,,,,,,,,,,,,,,,,,,,,,,,,,,,,,,,,,,,,,,,,,,,,,,,,,,,
datasets/gov/aaa/ezeru_monitoringas/EzeruValstybinioMonitoringoDuomenys,c49045d1-deba-4d2e-8c04-c5e224ce1034,cbdd10a5-bd96-411d-847e-97698b108620,,Klaipėdos,Draudenių ežeras,LTL205,Draudenių ežeras,POINT (6132497 371778),2017-09-26,14.0,<2,3.7,6.2,8.4,1.5,322.0,1.3,0.008,0.006,0.22,0.234,0.96,0.005,0.017,,10.06,,,,,,,,,,,,,,,,,,,,,,,,,,,,,,,,,,,,,,,,,,,,,,,,,,,,,,,,,,,,,,,,,,,,,,,,,,,,,,,,,,,,,,,,,
datasets/gov/aaa/ezeru_monitoringas/EzeruValstybinioMonitoringoDuomenys,c49daf7b-1f0c-432e-97a9-17012ddbfae9,e5e7e00d-6824-4efc-b6a4-265405aa40ad,,Vilniaus,Šiemetis,LTL155,Šiemetis,POINT (6066270 556021),2018-08-21,23.1,<2,2.6,101.415,8.53,4.2,327.0,1,"<0,01","<0,004",0.018,0.032,0.043,"<0,014","<0,014",,5.6,,,,,,,,,,,,,,,,,,,,,,,,,,,,,,,,,,,,,,,,,,,,,,,,,,,,,,,,,,,,,,,,,,,,,,,,,,,,,,,,,,,,,,,,,
datasets/gov/aaa/ezeru_monitoringas/EzeruValstybinioMonitoringoDuomenys,c4a1abd5-bd6f-4bdb-abcc-a3f6411de517,1e05f010-4669-49fe-86ee-09fb6009b2db,,Panevėžio RAAD,Skaistė,LTL385,Skaistė,,2022-10-17,10.3,3.6,3.6,9.3,8.1,2.6,364.0,1.6,0.04,0.002,0.05,0.092,0.26,"<0,002",0.023,,17.1,,,,,,,,,,,,,,,,,,,,,,,,,,,,,,,,,,,,,,,,,,,,,,,,,,,,,,,,,,,,,,,,,,,,,,,,,,,,,,,,,,,,,,,,,
datasets/gov/aaa/ezeru_monitoringas/EzeruValstybinioMonitoringoDuomenys,c4a25d04-f697-44df-8ab2-87229cd328fe,4f949f60-7c1c-4d8c-aa60-ac77d291ba0d,,Alytaus,Krūminių tvenkinys,LTL184,Krūminių tvenkinys,POINT (6016830 553517),2018-08-22,22.9,7,3.3,127.934,8.5,1.6,445.0,3.8,0.03,0.002,0.13,0.162,0.5,0.011,0.063,,17.3,,,,,,,,,,,,,,,,,,,,,,,,,,,,,,,,,,,,,,,,,,,,,,,,,,,,,,,,,,,,,,,,,,,,,,,,,,,,,,,,,,,,,,,,,
datasets/gov/aaa/ezeru_monitoringas/EzeruValstybinioMonitoringoDuomenys,c4a6bd23-3b6f-4bb1-acb1-3c0d4468fb3b,2652e7d3-3f7c-4fe5-8a7b-8090ea7cd4b7,,Šiaulių,Ilgis,LTL204,Ilgis,POINT (6210196 364291),2017-10-19,11.0,2,1.7,6.7,8.1,1.9,162.0,0.9,0.008,0.004,0.003,0.015,0.47,0.005,0.014,,2.13,,,,,,,,,,,,,,,,,,,,,,,,,,,,,,,,,,,,,,,,,,,,,,,,,,,,,,,,,,,,,,,,,,,,,,,,,,,,,,,,,,,,,,,,,
datasets/gov/aaa/ezeru_monitoringas/EzeruValstybinioMonitoringoDuomenys,c4bed66a-06aa-4d7a-bb85-1875f1f4b0d3,73d316ba-03eb-4f8f-9fb6-279712fbb058,,Panevėžio,Sartai,LTL169,Sartai,POINT (6188825 615033),2021-10-06,11.6,<2,4.6,8.4,8.2,3.5,440.0,1.5,0.1,0.031,0.18,0.311,0.67,0.005,0.013,,8.58,,,,,,,,,,,,,,,,,,,,,,,,,,,,,,,,,,,,,,,,,,,,,,,,,,,,,,,,,,,,,,,,,,,,,,,,,,,,,,,,,,,,,,,,,
datasets/gov/aaa/ezeru_monitoringas/EzeruValstybinioMonitoringoDuomenys,c4f8b29b-d0aa-4b8e-8b90-78d233b7bf0f,5cd046a9-2648-49d7-98c3-c6f712d41b6c,,Utenos RAAD,Rūžas,LTL399,Rūžas,,2022-10-12,9.3,2.6,2.3,10.6,8.3,3.6,278.0,1.3,0.02,0.001,0.04,0.061,0.21,0.003,0.017,,7.5,,,,,,,,,,,,,,,,,,,,,,,,,,,,,,,,,,,,,,,,,,,,,,,,,,,,,,,,,,,,,,,,,,,,,,,,,,,,,,,,,,,,,,,,,
datasets/gov/aaa/ezeru_monitoringas/EzeruValstybinioMonitoringoDuomenys,c5274da4-1fc4-4bbd-acf8-16793283d8ca,d2b939eb-041a-4632-9825-e31a4b8c4838,,Utenos,Žiegas,LTL296,Žiegas,POINT (6179486 611700),2020-10-05,15.1,7.2,2.4,8.6,8.1,4.2,241.0,0.8,0.02,0.006,0.08,0.106,0.15,0.008,0.018,,3.5,,,,,,,,,,,,,,,,,,,,,,,,,,,,,,,,,,,,,,,,,,,,,,,,,,,,,,,,,,,,,,,,,,,,,,,,,,,,,,,,,,,,,,,,,
datasets/gov/aaa/ezeru_monitoringas/EzeruValstybinioMonitoringoDuomenys,c5296009-02d8-4cec-b353-66b971fdc64f,2a07ab89-6a1b-4277-be4c-51986ed1899a,,Alytaus RAAD,Aviris,LTL181,Aviris,,2022-08-16,24.4,3,2.3,9.6,8.6,4.8,292.0,2.3,0.1,0.004,0.09,0.194,0.51,"<0,007",0.022,,13.23,,,,,,,,,,,,,,,,,,,,,,,,,,,,,,,,,,,,,,,,,,,,,,,,,,,,,,,,,,,,,,,,,,,,,,,,,,,,,,,,,,,,,,,,,
datasets/gov/aaa/ezeru_monitoringas/EzeruValstybinioMonitoringoDuomenys,c52a4408-a855-439e-aa7f-55ca755c6619,9309b993-6c49-45ca-a178-caed5493edf6,,Kauno,KAUNO MARIOS,LTL71,Kauno marios,POINT (6084954 505731),2021-01-21,0.20000000000000004,<2,3.8,12.87,8.23,1.6,488.0,1.8,0.158,0.013,0.709,0.88,1.52,0.056,0.063,4.9,,207,"<0,01","<0,1",1.5,<1,2.3,<1,<2,"<0,1",<30,"<0,1",<15,"<0,002","<0,003","<0,002","<0,002","<0,002","<0,002","<0,003","<0,003",-,"<0,1","<0,1",,,"<0,05","<0,2","<0,2","<0,2","<0,2","<0,1","<0,1","<0,2","<0,2","<0,1","<0,2","<0,005","<0,005","<0,005","<0,005","<0,005","<0,005","<0,005","<0,005","<0,005","<0,004","<0,004","<0,005","<0,005","<0,005","<0,005","<0,05","<0,05","<0,05","<0,05","<0,05","<0,05","<0,05",,"<0,5","<0,5","<0,5","<0,005","<0,005",,0.82,"<0,005","<0,005","<0,005","<0,005","<0,005","<0,005","<0,005",,,,,,,,,"<0,001","<0,001","<0,001","<0,00005","<0,00005","<0,01","<0,01","<0,01"
datasets/gov/aaa/ezeru_monitoringas/EzeruValstybinioMonitoringoDuomenys,c52c0e3e-2d0f-4f18-b737-12494fcc1dc1,39bbb72b-0cd6-4e5e-892a-43682a1b3fc4,,Utenos,Stirniai,LTL343,Stirniai,POINT (6124518 605749),2017-09-13,17.1,"<1,7",2.5,7.8,8.9,5.1,227.0,1.6,0.02,0.002,0.02,0.042,0.21,"<0,002",0.015,,17.5,,,,,,,,,,,,,,,,,,,,,,,,,,,,,,,,,,,,,,,,,,,,,,,,,,,,,,,,,,,,,,,,,,,,,,,,,,,,,,,,,,,,,,,,,
datasets/gov/aaa/ezeru_monitoringas/EzeruValstybinioMonitoringoDuomenys,c52c97e5-8bd7-4ec7-96a1-85bbeed4875f,290bc2f6-bb23-4ffc-bd0c-845ee4aea7df,,Kauno,Kalvių ežeras,LTL141,Kalvių ežeras,POINT (6064207 517746),2017-04-19,7.3,7.8,4.1,12.17,8.05,0.8,417.0,4.1,0.23,0.034,2.4,2.664,2.9,"<0,006",0.033,,25.6,,,,,,,,,,,,,,,,,,,,,,,,,,,,,,,,,,,,,,,,,,,,,,,,,,,,,,,,,,,,,,,,,,,,,,,,,,,,,,,,,,,,,,,,,
datasets/gov/aaa/ezeru_monitoringas/EzeruValstybinioMonitoringoDuomenys,c5756349-129e-4f6e-96a6-a679dcb80a95,53fb3fed-d175-4ad9-8296-30affe0253f4,,Utenos,Šakių ežeras,LTL531,Šakių,POINT (6171379 658835),2021-08-23,19.8,<2,1.3,8.9,8.0,3.0,109.0,1.8,"<0,014","<0,001",0.07,0.085,0.32,0.003,0.018,,7.25,,,,,,,,,,,,,,,,,,,,,,,,,,,,,,,,,,,,,,,,,,,,,,,,,,,,,,,,,,,,,,,,,,,,,,,,,,,,,,,,,,,,,,,,,
datasets/gov/aaa/ezeru_monitoringas/EzeruValstybinioMonitoringoDuomenys,c58946d3-3cf7-4645-9423-28fcc59315e9,fa57f1c2-ee9e-4302-bb56-5038a3744585,,Alytaus,Alovės ežeras,LTL192,Alovės ež.,POINT (6022198 511676),2019-07-16,20.2,4,2.2,13.5,8.9,0.7,290.0,4.8,0.04,0.007,0.49,0.537,0.9,0.011,0.059,,70.6,,,,,,,,,,,,,,,,,,,,,,,,,,,,,,,,,,,,,,,,,,,,,,,,,,,,,,,,,,,,,,,,,,,,,,,,,,,,,,,,,,,,,,,,,
datasets/gov/aaa/ezeru_monitoringas/EzeruValstybinioMonitoringoDuomenys,c58edb34-03dc-4313-9741-db9eb4e73d2a,ca899db5-a274-453a-a58e-f7d403561355,,Vilniaus,Pikeliškių ežeras(ež.Žalesas),LTL364,Pikeliškių ežeras (ež.Žalesas),POINT (6082605 581424),2017-07-26,20.4,5,3,7.8,8.51,1.3,347.0,3.5,0.029,0.009,0.018,0.056,1.03,"<0,014",0.038,,12.4,,,,,,,,,,,,,,,,,,,,,,,,,,,,,,,,,,,,,,,,,,,,,,,,,,,,,,,,,,,,,,,,,,,,,,,,,,,,,,,,,,,,,,,,,
datasets/gov/aaa/ezeru_monitoringas/EzeruValstybinioMonitoringoDuomenys,c5d522a1-ac9b-4157-8f7d-78e4b43887eb,531af69f-1cbb-4f13-b283-ea1fe7efb071,,Aplinkos apsaugos departamento Šiaulių valdyba,Platelių ežeras,LTL34,Plateliai,,2022-05-11,10.0,"<1,3",1.8,11.3,8.4,5.5,180.0,1.6,0.014,0.002,0.047,0.063,0.32,"<0,006",0.015,,4.93,,,,,,,,,,,,,,,,,,,,,,,,,,,,,,,,,,,,,,,,,,,,,,,,,,,,,,,,,,,,,,,,,,,,,,,,,,,,,,,,,,,,,,,,,
datasets/gov/aaa/ezeru_monitoringas/EzeruValstybinioMonitoringoDuomenys,c6269bff-b807-4167-b36e-29382ec4b3ab,edc9590a-afcb-4444-9667-dd49f789e413,,Vilniaus RAAD,Motiejūnų HE tvenkinys,LTL131,Motiejūnų HE tvenkinys,,2022-05-16,13.7,5.7,4.2,8.95,8.17,1.3,467.0,4.3,0.031,0.014,0.66,0.705,0.821,"<0,015",0.02,,20.4,,,,,,,,,,,,,,,,,,,,,,,,,,,,,,,,,,,,,,,,,,,,,,,,,,,,,,,,,,,,,,,,,,,,,,,,,,,,,,,,,,,,,,,,,
datasets/gov/aaa/ezeru_monitoringas/EzeruValstybinioMonitoringoDuomenys,c6493172-3a19-4d9c-ac3a-ef6ea0bf9de6,7fb378bd-c949-4c34-9b00-99e4062c7a96,,Vilniaus,Ilgas,LTL359,Ilgas,POINT (6095729 600167),2017-07-26,21.2,5.5,2.3,10.9,8.9,1.5,238.0,5.4,0.028,"<0,004",0.159,0.191,0.616,"<0,014",0.038,,7.6,,,,,,,,,,,,,,,,,,,,,,,,,,,,,,,,,,,,,,,,,,,,,,,,,,,,,,,,,,,,,,,,,,,,,,,,,,,,,,,,,,,,,,,,,
datasets/gov/aaa/ezeru_monitoringas/EzeruValstybinioMonitoringoDuomenys,c65aad91-57dd-4fb2-b42e-c65f43ed57b9,1efd99c6-f5fb-441b-aee5-ccb364966d78,,Alytaus,Baltosios Ančios HE tvenkinys,LTL189,Baltosios Ančios HE tvenkinys,POINT (5981346 485415),2020-08-20,22.4,4,3.0,10.1,8.5,1.6,321.0,2.5,0.01,0.006,0.02,0.6,0.036,0.011,0.035,,24.0,,,,,,,,,,,,,,,,,,,,,,,,,,,,,,,,,,,,,,,,,,,,,,,,,,,,,,,,,,,,,,,,,,,,,,,,,,,,,,,,,,,,,,,,,
datasets/gov/aaa/ezeru_monitoringas/EzeruValstybinioMonitoringoDuomenys,c67005ec-1874-4de1-b25a-c109e30f7f22,8d4ffe7d-b338-4122-ba2e-6d4edda43ccc,,Utenos,Ilgiai,LTL397,Ilgiai,POINT (6157143 654481),2018-07-24,24.6,3.2,4.4,104.369,8.8,2,407.0,2,0.02,"<0,001",0.05,0.071,0.92,"<0,002",0.021,,2.3,,,,,,,,,,,,,,,,,,,,,,,,,,,,,,,,,,,,,,,,,,,,,,,,,,,,,,,,,,,,,,,,,,,,,,,,,,,,,,,,,,,,,,,,,
datasets/gov/aaa/ezeru_monitoringas/EzeruValstybinioMonitoringoDuomenys,c671429c-a89b-4d7c-94d1-7c250262ac27,33aa57a6-3153-40b7-a384-0f823c5febd3,,Utenos RAAD,Alksnas,LTL228,Alksnas,,2022-10-12,9.4,2.1,2.3,10.7,8.4,3.4,261.0,1.9,"<0,014",0.001,0.04,0.055,0.54,0.003,0.016,,4.7,,,,,,,,,,,,,,,,,,,,,,,,,,,,,,,,,,,,,,,,,,,,,,,,,,,,,,,,,,,,,,,,,,,,,,,,,,,,,,,,,,,,,,,,,
datasets/gov/aaa/ezeru_monitoringas/EzeruValstybinioMonitoringoDuomenys,c6c2dd28-dbe2-46f5-a042-e4fa563f4353,6342d0fa-c243-4c8e-bab9-fea776bbc3a6,,Utenos,Asavas,LTL310,Asavas,POINT (6167521 638935),2019-04-29,13.8,2.1,2.9,13.2,8.6,3.5,283.0,1.9,0.02,0.007,0.06,0.087,0.23,0.003,0.014,,1.0,,,,,,,,,,,,,,,,,,,,,,,,,,,,,,,,,,,,,,,,,,,,,,,,,,,,,,,,,,,,,,,,,,,,,,,,,,,,,,,,,,,,,,,,,
datasets/gov/aaa/ezeru_monitoringas/EzeruValstybinioMonitoringoDuomenys,c704a4d3-36b6-4bf8-ac95-728d918b35ea,5c526386-395c-4d2c-9987-724ae3d7f9e9,,Utenos,Asavas,LTL310,Asavas,POINT (6167521 638935),2020-06-17,20.1,2,2.9,10.0,8.2,4.0,264.0,1.4,"<0,014","<0,001",0.03,0.045,0.39,"<0,002","<0,0081",,3.0,,,,,,,,,,,,,,,,,,,,,,,,,,,,,,,,,,,,,,,,,,,,,,,,,,,,,,,,,,,,,,,,,,,,,,,,,,,,,,,,,,,,,,,,,
datasets/gov/aaa/ezeru_monitoringas/EzeruValstybinioMonitoringoDuomenys,c70a2165-6fa4-481d-9404-67d6b8a04095,3122a213-eea9-4c23-b588-2b41a9f7f58f,,Klaipėdos,Padvarių tvenkinys,LTL257,Padvarių tvenkinys,POINT (6203287 328598),2021-08-31,18.0,4.7,3.8,7.8,8.3,1.1,377.0,4.3,0.018,0.009,0.071,0.098,0.97,"<0,006",0.049,,42.62,,,,,,,,,,,,,,,,,,,,,,,,,,,,,,,,,,,,,,,,,,,,,,,,,,,,,,,,,,,,,,,,,,,,,,,,,,,,,,,,,,,,,,,,,
datasets/gov/aaa/ezeru_monitoringas/EzeruValstybinioMonitoringoDuomenys,c74316fa-3e5f-4539-8b3b-a907039361e7,f67ca952-d49a-40cd-8f50-79699f20d056,,Utenos,Stirniai,LTL343,Stirniai,POINT (6124518 605749),2017-05-02,7.2,"<1,7",2.4,11.4,8.3,5.8,243.0,2.9,"<0,014",0.034,0.13,0.178,3.0,"<0,002","<0,0083",,6.6,,,,,,,,,,,,,,,,,,,,,,,,,,,,,,,,,,,,,,,,,,,,,,,,,,,,,,,,,,,,,,,,,,,,,,,,,,,,,,,,,,,,,,,,,
datasets/gov/aaa/ezeru_monitoringas/EzeruValstybinioMonitoringoDuomenys,c7746686-a0e5-45b6-8419-039d3c9c2630,0da68685-b3d8-4f51-904c-4df9b157b234,,Vilniaus,Nestrėvantys,LTL535,Nestrėvantys,POINT (6057805 543596),2017-07-18,18.7,4,3.4,7.8,8.03,2.4,372.0,3.4,0.066,"<0,004",0.063,0.133,0.738,"<0,014","<0,014",,35.1,,,,,,,,,,,,,,,,,,,,,,,,,,,,,,,,,,,,,,,,,,,,,,,,,,,,,,,,,,,,,,,,,,,,,,,,,,,,,,,,,,,,,,,,,
datasets/gov/aaa/ezeru_monitoringas/EzeruValstybinioMonitoringoDuomenys,c781a955-ff1d-4b1b-a30c-0f706aafcb27,a37f905b-4a48-4892-b52b-7f9a9e954859,,Vilniaus,Totoriškių ežeras,LTL467,Totoriškių ež.,POINT (6056190 559974),2020-07-20,23.7,3.5,2.7,9.6,8.68,4.5,500.0,0.8,"<0,015","<0,005",0.018,0.038,0.083,"<0,015","<0,015",,3.2,,,,,,,,,,,,,,,,,,,,,,,,,,,,,,,,,,,,,,,,,,,,,,,,,,,,,,,,,,,,,,,,,,,,,,,,,,,,,,,,,,,,,,,,,
datasets/gov/aaa/ezeru_monitoringas/EzeruValstybinioMonitoringoDuomenys,c784fd32-2bca-40ec-94e8-7def81349655,cfb13102-87df-4837-930d-f7b9783494a3,,Utenos,Drūkšiai,LTL52,Drūkšiai,POINT (6169167 664078),2020-07-16,19.8,,,8.5,8.7,2.7,260.0,,,,,,,,,,,,,,,,,,,,,,,,,,,,,,,,,,,,,,,,,,,,,,,,,,,,,,,,,,,,,,,,,,,,,,,,,,,,,,,,,,,,,,,,,,,,,,,,,,,
datasets/gov/aaa/ezeru_monitoringas/EzeruValstybinioMonitoringoDuomenys,c789a00a-ac1b-43b2-a487-cb014c90a975,e2439258-7ddc-4fda-ad38-386417749538,,Kauno,Jurbarkų tvenkinys,LTL423,Jurbarkų tvenkinys,POINT (6107219 418720),2021-05-31,19.2,5.5,3.4,11.1,8.4,1.3,553.0,4.9,0.02,0.055,5.7,5.775,6.1,0.02,0.12,,23.6,,,,,,,,,,,,,,,,,,,,,,,,,,,,,,,,,,,,,,,,,,,,,,,,,,,,,,,,,,,,,,,,,,,,,,,,,,,,,,,,,,,,,,,,,
datasets/gov/aaa/ezeru_monitoringas/EzeruValstybinioMonitoringoDuomenys,c79ac9b0-6dca-45fb-ae4e-5f75a3dcd9ed,55e4ef6d-7f9d-4391-a8a4-bee2e279ddf6,,Alytaus,Netečius,LTL464,Netečius,POINT (6024890 541136),2019-05-08,13.7,5.5,3.2,9.7,6.4,1.0,33.0,2.8,0.02,0.015,0.089,0.124,2.1,0.013,0.059,,10.4,,,,,,,,,,,,,,,,,,,,,,,,,,,,,,,,,,,,,,,,,,,,,,,,,,,,,,,,,,,,,,,,,,,,,,,,,,,,,,,,,,,,,,,,,
datasets/gov/aaa/ezeru_monitoringas/EzeruValstybinioMonitoringoDuomenys,c79ae4e7-e728-40a6-8738-62b5110439da,7b17cbc0-9000-452b-871d-c4f8a2dfe12d,,Alytaus,Vilkas,LTL180,Vilkas,POINT (5998679 487314),2019-08-22,21.6,7,3.5,9.1,8.3,1.6,332.0,3.8,0.1,0.002,0.05,0.152,1.0,0.009,0.044,,9.5,,,,,,,,,,,,,,,,,,,,,,,,,,,,,,,,,,,,,,,,,,,,,,,,,,,,,,,,,,,,,,,,,,,,,,,,,,,,,,,,,,,,,,,,,
datasets/gov/aaa/ezeru_monitoringas/EzeruValstybinioMonitoringoDuomenys,c7a04b08-3afa-4d9c-90f8-26da826d7d57,e93a8c4e-e61e-4076-bc2e-c5cc00a3c989,,Utenos,Čičirys,LTL222,Čičirys,POINT (6187704 628556),2020-07-14,20.8,<2,3.1,8.2,8.6,5.2,286.0,1.5,"<0,014","<0,001",0.03,0.045,0.24,"<0,002",0.009,,1.7,,,,,,,,,,,,,,,,,,,,,,,,,,,,,,,,,,,,,,,,,,,,,,,,,,,,,,,,,,,,,,,,,,,,,,,,,,,,,,,,,,,,,,,,,
datasets/gov/aaa/ezeru_monitoringas/EzeruValstybinioMonitoringoDuomenys,c7b5ca70-02ab-45c2-b864-9c411b47623b,29698967-9b24-44e4-bbe6-f2ce09639b32,,Alytaus,Sausvingis,LTL378,Sausvingis,POINT (6017605 512931),2018-07-18,23.9,5.5,3.0,99.401,8.6,3.2,364.0,2.1,0.02,0.002,0.09,0.112,0.4,0.016,0.04,,7.8,,,,,,,,,,,,,,,,,,,,,,,,,,,,,,,,,,,,,,,,,,,,,,,,,,,,,,,,,,,,,,,,,,,,,,,,,,,,,,,,,,,,,,,,,
datasets/gov/aaa/ezeru_monitoringas/EzeruValstybinioMonitoringoDuomenys,c804fcd2-0715-477a-82af-bcf6714f89f0,f4915414-0e47-4c0d-a28e-404a321307c5,,Utenos,Čičirys,LTL222,Čičirys,POINT (6187704 628556),2018-10-15,11.4,<2,3.2,100.917,8.5,5.2,308.0,1,"<0,014",0.003,0.05,0.067,0.63,0.002,0.009,,2.8,,,,,,,,,,,,,,,,,,,,,,,,,,,,,,,,,,,,,,,,,,,,,,,,,,,,,,,,,,,,,,,,,,,,,,,,,,,,,,,,,,,,,,,,,
datasets/gov/aaa/ezeru_monitoringas/EzeruValstybinioMonitoringoDuomenys,c833e3c5-7b56-4ded-bcd1-1e9c8bcd43de,d0612541-abde-4d5d-93cb-76d2e1a350ac,,Alytaus,Suvingis,LTL376,Suvingis,POINT (6022150 520764),2021-04-26,24.9,5,2.3,8.5,8.4,4.3,245.0,2.1,0.02,0.002,0.32,0.342,0.64,0.02,0.059,,4.3,,,,,,,,,,,,,,,,,,,,,,,,,,,,,,,,,,,,,,,,,,,,,,,,,,,,,,,,,,,,,,,,,,,,,,,,,,,,,,,,,,,,,,,,,
datasets/gov/aaa/ezeru_monitoringas/EzeruValstybinioMonitoringoDuomenys,c849edbd-938b-42bc-8537-26c444b54125,17490183-3e96-4914-9d29-cd5383f04d76,,Utenos,Vidinkstas,LTL287,Vidinkstas,POINT (6146932 592911),2021-05-05,8.8,3,2.1,11.8,8.6,2.5,200.0,3.5,0.04,0.004,0.13,0.174,0.63,0.006,0.023,,13.5,,,,,,,,,,,,,,,,,,,,,,,,,,,,,,,,,,,,,,,,,,,,,,,,,,,,,,,,,,,,,,,,,,,,,,,,,,,,,,,,,,,,,,,,,
datasets/gov/aaa/ezeru_monitoringas/EzeruValstybinioMonitoringoDuomenys,c87812e1-4f01-40a7-80f9-d43f75ebf85b,be5c1886-78c3-424f-8e9d-fef572ef10a2,,Aplinkos apsaugos departamento Šiaulių valdyba,Plinkšių ežeras,LTL434,Plinkšių ež.,,2022-04-26,10.0,1.4,2.8,8.1,8.7,1.8,342.0,2.3,0.03,0.009,1.4,1.439,2.5,"<0,006",0.025,,7.4,,,,,,,,,,,,,,,,,,,,,,,,,,,,,,,,,,,,,,,,,,,,,,,,,,,,,,,,,,,,,,,,,,,,,,,,,,,,,,,,,,,,,,,,,
datasets/gov/aaa/ezeru_monitoringas/EzeruValstybinioMonitoringoDuomenys,c87a067d-19d2-4283-866f-f26aff6ac292,f22786b4-33a2-41bc-9388-b7ac3e8484fb,,Aplinkos apsaugos departamento Šiaulių valdyba,Laičių I tvenkinys,LTL544,Laičių I tvenkinys,,2022-04-28,12.0,2.2,4.8,9.8,8.8,1.75,766.0,2.9,0.066,0.045,6.9,7.011,7.3,"<0,006",0.025,,10.36,,,,,,,,,,,,,,,,,,,,,,,,,,,,,,,,,,,,,,,,,,,,,,,,,,,,,,,,,,,,,,,,,,,,,,,,,,,,,,,,,,,,,,,,,
datasets/gov/aaa/ezeru_monitoringas/EzeruValstybinioMonitoringoDuomenys,c87b440b-90b5-4368-8af0-ac4e095bc0c4,d95bb875-9ad0-4691-a22f-7518d7f6e5c4,,Alytaus RAAD,Alovės ežeras,LTL192,Alovės ež.,,2022-09-22,13.7,12,3.1,9.8,8.5,1.3,368.0,2.5,0.06,0.003,0.2,0.263,0.42,0.007,0.04,,16.8,,,,,,,,,,,,,,,,,,,,,,,,,,,,,,,,,,,,,,,,,,,,,,,,,,,,,,,,,,,,,,,,,,,,,,,,,,,,,,,,,,,,,,,,,
datasets/gov/aaa/ezeru_monitoringas/EzeruValstybinioMonitoringoDuomenys,c8c941aa-aa03-468a-9ab2-0ccd28505569,2191c7f0-6abf-4914-8fb6-10568b6b8197,,Utenos,Virintai,LTL447,Virintai,POINT (6129684 593186),2018-10-09,11.6,2.4,4.1,93.088,8.5,3.2,411.0,1.3,0.02,0.005,0.13,0.155,0.69,0.004,0.012,,11.5,,,,,,,,,,,,,,,,,,,,,,,,,,,,,,,,,,,,,,,,,,,,,,,,,,,,,,,,,,,,,,,,,,,,,,,,,,,,,,,,,,,,,,,,,
datasets/gov/aaa/ezeru_monitoringas/EzeruValstybinioMonitoringoDuomenys,c906395a-756a-4550-9085-7186a8d66580,7cc66ed3-e100-4b66-b4cd-83cc748a38fa,,Utenos,Šiurpys,LTL311,Šiurpys,POINT (6169946 635569),2021-06-14,17.8,<2,1.0,9.8,8.7,8.8,85.0,"<0,5",0.08,"<0,001",0.04,0.121,0.66,0.003,"<0,0081",,2.2,,,,,,,,,,,,,,,,,,,,,,,,,,,,,,,,,,,,,,,,,,,,,,,,,,,,,,,,,,,,,,,,,,,,,,,,,,,,,,,,,,,,,,,,,
datasets/gov/aaa/ezeru_monitoringas/EzeruValstybinioMonitoringoDuomenys,c90917e1-48c2-4c02-8121-0307b6007068,ed8bb515-a39e-41b3-b649-e48acae93dea,,Alytaus,Ilgis,LTL374,Ilgis,POINT (6036751 525398),2018-07-24,25.1,7,3.5,105.392,8.5,1.4,231.0,5,0.04,0.007,0.1,0.147,1.1,0.011,0.038,,24,,,,,,,,,,,,,,,,,,,,,,,,,,,,,,,,,,,,,,,,,,,,,,,,,,,,,,,,,,,,,,,,,,,,,,,,,,,,,,,,,,,,,,,,,
datasets/gov/aaa/ezeru_monitoringas/EzeruValstybinioMonitoringoDuomenys,c90cd73d-cebf-4a1a-9678-90b77819e199,ccd3a824-d68f-4b45-86d3-3c62a2336396,,Šiaulių,Viekšnalių ežeras,LTL505,Viekšnalių ež.,POINT (6191599 405717),2018-08-20,20.0,<2,3.8,,7.9,   Nematuota,321.0,1.5,0.025,0.002,0.003,0.03,0.72,"<0,005",0.025,,5.11,,,,,,,,,,,,,,,,,,,,,,,,,,,,,,,,,,,,,,,,,,,,,,,,,,,,,,,,,,,,,,,,,,,,,,,,,,,,,,,,,,,,,,,,,
datasets/gov/aaa/ezeru_monitoringas/EzeruValstybinioMonitoringoDuomenys,c9251177-40b0-4e17-9789-6f4717356e0f,d0cbc0c6-ff8f-4f32-9d27-348f1d07bf91,,Utenos RAAD,Malkėstas,LTL350,Malkėstas,,2022-10-04,11.5,<2,2.6,7.64,8.64,3.4,349.0,2.3,0.026,"<0,005",0.036,0.067,1.03,"<0,015",0.018,,5.9,,,,,,,,,,,,,,,,,,,,,,,,,,,,,,,,,,,,,,,,,,,,,,,,,,,,,,,,,,,,,,,,,,,,,,,,,,,,,,,,,,,,,,,,,
datasets/gov/aaa/ezeru_monitoringas/EzeruValstybinioMonitoringoDuomenys,c93784db-115c-40fc-a083-a4f52b76735c,fbd1917d-9a2a-4bd8-ac5f-971691ed0bef,,Alytaus,Zapsys,LTL241,Zapsys,POINT (5998028 471189),2020-09-23,16.9,4,2.4,9.2,8.4,2.0,397.0,2.5,0.01,0.002,0.06,0.5,0.072,0.011,0.061,,17.2,,,,,,,,,,,,,,,,,,,,,,,,,,,,,,,,,,,,,,,,,,,,,,,,,,,,,,,,,,,,,,,,,,,,,,,,,,,,,,,,,,,,,,,,,
datasets/gov/aaa/ezeru_monitoringas/EzeruValstybinioMonitoringoDuomenys,c94ea1a2-0a7a-4daf-99a0-85450ba7d952,e55efec8-ca9b-4f49-8c96-1d6e811ee3fb,,Vilniaus,Ilgutis,LTL380,Ilgutis,POINT (6048111 568369),2018-07-23,24.5,7.2,1.9,110.303,8.63,2.8,274.0,1.4,0.013,"<0,004",0.057,0.074,0.439,"<0,014","<0,014",,2.6,,,,,,,,,,,,,,,,,,,,,,,,,,,,,,,,,,,,,,,,,,,,,,,,,,,,,,,,,,,,,,,,,,,,,,,,,,,,,,,,,,,,,,,,,
datasets/gov/aaa/ezeru_monitoringas/EzeruValstybinioMonitoringoDuomenys,c96abdb3-a78f-4ad7-af66-04fc39fe13ce,39e60fb5-af56-4c0b-be25-f33e78219b91,,Alytaus,Ūdrijos ežeras,LTL511,Ūdrijos ežeras,POINT (6033214 490256),2020-07-16,22.1,40,3.5,17.9,9.2,0.4,441.0,5.8,0.07,0.009,0.19,3.4,0.269,0.007,0.17,,104.2,,,,,,,,,,,,,,,,,,,,,,,,,,,,,,,,,,,,,,,,,,,,,,,,,,,,,,,,,,,,,,,,,,,,,,,,,,,,,,,,,,,,,,,,,
datasets/gov/aaa/ezeru_monitoringas/EzeruValstybinioMonitoringoDuomenys,c996a316-9403-4822-837a-27cdcb249a0c,bad00bb9-36ef-4952-8f6c-3a1980bed2d3,,Utenos,Čičirys,LTL222,Čičirys,POINT (6187704 628556),2019-10-07,11.2,<2,3.0,8.0,8.6,4.9,303.0,0.82,0.02,"<0,001",0.03,0.051,0.66,"<0,002",0.0083,,3.7,,,,,,,,,,,,,,,,,,,,,,,,,,,,,,,,,,,,,,,,,,,,,,,,,,,,,,,,,,,,,,,,,,,,,,,,,,,,,,,,,,,,,,,,,
datasets/gov/aaa/ezeru_monitoringas/EzeruValstybinioMonitoringoDuomenys,c99995c9-90f7-4978-81b9-d10d6550278b,d27fad9d-5d48-4426-a200-a9f43e4476c9,,Alytaus,Vabalių ežeras,LTL379,Vabalių,POINT (6016717 507296),2018-09-13,20.2,6.5,1.7,104.677,8.4,2,99.0,3.8,0.06,0.003,0.09,0.153,0.7,0.011,0.059,,10.1,,,,,,,,,,,,,,,,,,,,,,,,,,,,,,,,,,,,,,,,,,,,,,,,,,,,,,,,,,,,,,,,,,,,,,,,,,,,,,,,,,,,,,,,,
datasets/gov/aaa/ezeru_monitoringas/EzeruValstybinioMonitoringoDuomenys,c9b7a5aa-6139-418d-8125-1aadfb3b771f,963abdff-4892-4666-9e86-675b6ced3eed,,Utenos RAAD,Smalvas,LTL220,Smalvas,,2022-09-28,13.7,2.4,2.3,9.0,8.1,7.5,242.0,0.78,"<0,014","<0,001",0.02,0.035,0.31,"<0,002",0.013,,1.1,,,,,,,,,,,,,,,,,,,,,,,,,,,,,,,,,,,,,,,,,,,,,,,,,,,,,,,,,,,,,,,,,,,,,,,,,,,,,,,,,,,,,,,,,
datasets/gov/aaa/ezeru_monitoringas/EzeruValstybinioMonitoringoDuomenys,c9c77019-f256-49a5-b75a-59d5598106e6,3e03945b-884d-4225-8262-7c1dfbdd3856,,Utenos,Šventosios tvenkinys,LTL536,Šventosios tvenkinys,POINT (6173459 614866),2018-04-23,11.4,2.7,3.5,88.073,8.5,2.1,336.0,2.4,0.03,0.002,0.11,0.142,0.58,0.003,0.03,,5.18,,,,,,,,,,,,,,,,,,,,,,,,,,,,,,,,,,,,,,,,,,,,,,,,,,,,,,,,,,,,,,,,,,,,,,,,,,,,,,,,,,,,,,,,,
datasets/gov/aaa/ezeru_monitoringas/EzeruValstybinioMonitoringoDuomenys,c9e30481-07f5-4190-9caa-815cd905bdf5,ce2c7529-c53f-490f-9b82-1f9ed94d12b5,,Utenos,Utenos tvenkinys,LTL431,Utenos,POINT (6155211 603513),2019-08-13,20.6,<2,4.2,6.2,8.5,3.5,428.0,2.3,0.02,0.017,0.9,0.937,1.9,"<0,002",0.015,,5.9,,,,,,,,,,,,,,,,,,,,,,,,,,,,,,,,,,,,,,,,,,,,,,,,,,,,,,,,,,,,,,,,,,,,,,,,,,,,,,,,,,,,,,,,,
datasets/gov/aaa/ezeru_monitoringas/EzeruValstybinioMonitoringoDuomenys,c9e72184-86c1-4fff-9771-54645c378e8b,317f3082-1864-4684-a000-228900715003,,Vilniaus RAAD,Motiejūnų HE tvenkinys,LTL131,Motiejūnų HE tvenkinys,,2022-07-13,19.2,11,4.2,8.4,8.32,0.9,470.0,3.0,"<0,02",0.021,0.25,0.291,1.67,"<0,015",0.032,,76.2,,,,,,,,,,,,,,,,,,,,,,,,,,,,,,,,,,,,,,,,,,,,,,,,,,,,,,,,,,,,,,,,,,,,,,,,,,,,,,,,,,,,,,,,,
datasets/gov/aaa/ezeru_monitoringas/EzeruValstybinioMonitoringoDuomenys,ca03701c-1cdf-45e5-af5f-b652d25ef99e,c41a66f4-04c4-4ee0-9fab-d4592195a96e,,Utenos RAAD,Suosa,LTL382,Suosa,,2022-08-25,25.3,5.3,4.7,8.7,8.4,1.7,468.0,1.2,0.02,"<0,001",0.09,0.111,0.6,"<0,002",0.014,,10.8,,,,,,,,,,,,,,,,,,,,,,,,,,,,,,,,,,,,,,,,,,,,,,,,,,,,,,,,,,,,,,,,,,,,,,,,,,,,,,,,,,,,,,,,,
datasets/gov/aaa/ezeru_monitoringas/EzeruValstybinioMonitoringoDuomenys,ca3ea935-0793-4209-a776-38256552f6ad,4e3fe8dc-0748-4020-a2c6-1d32a80f5367,,Utenos,Stirniai,LTL343,Stirniai,POINT (6124518 605749),2020-06-16,19.0,<2,2.4,10.2,8.5,4.6,224.0,1.3,"<0,014","<0,001",0.05,0.065,0.43,"<0,002",0.009,,1.0,,,,,,,,,,,,,,,,,,,,,,,,,,,,,,,,,,,,,,,,,,,,,,,,,,,,,,,,,,,,,,,,,,,,,,,,,,,,,,,,,,,,,,,,,
datasets/gov/aaa/ezeru_monitoringas/EzeruValstybinioMonitoringoDuomenys,ca6f1de5-89d4-47f3-a515-174bb9493f9f,7ac58478-70bf-4ebe-b489-02a7e6d80faa,,Šiaulių,Ginkūnų tvenkinys,LTL272,Ginkūnų tvenkinys,POINT (6200978 460657),2019-05-02,15.0,4.5,3.9,9.0,8.3,1.6,605.0,3.2,0.012,0.014,0.91,0.936,2.4,"<0,005",0.031,,11.84,,,,,,,,,,,,,,,,,,,,,,,,,,,,,,,,,,,,,,,,,,,,,,,,,,,,,,,,,,,,,,,,,,,,,,,,,,,,,,,,,,,,,,,,,
datasets/gov/aaa/ezeru_monitoringas/EzeruValstybinioMonitoringoDuomenys,ca83f157-dcc5-44cd-8dec-d05840ee2d8c,6970d70a-41e9-4e92-b2eb-f4c3f09943db,,Alytaus,Grūda,LTL396,Grūda,POINT (5974641 520687),2021-09-16,16.6,4,2.0,8.9,8.2,0.9,219.0,4,0.12,0.007,0.18,0.307,1.5,0.011,0.12,,48.02,,,,,,,,,,,,,,,,,,,,,,,,,,,,,,,,,,,,,,,,,,,,,,,,,,,,,,,,,,,,,,,,,,,,,,,,,,,,,,,,,,,,,,,,,
datasets/gov/aaa/ezeru_monitoringas/EzeruValstybinioMonitoringoDuomenys,caee5ec5-cc26-4e47-afaa-aaa91dc572d1,5a13b952-8f59-4c50-8de2-4ed1b86f7aed,,Panevėžio RAAD,Liberiškio tvenkinys,LTL405,Liberiškio tvenkinys,,2022-09-22,13.0,"<1,3",5.2,7.6,7.7,1.4,623.0,1.2,0.036,0.003,0.64,0.679,1.5,"<0,006",0.024,,8.7,,,,,,,,,,,,,,,,,,,,,,,,,,,,,,,,,,,,,,,,,,,,,,,,,,,,,,,,,,,,,,,,,,,,,,,,,,,,,,,,,,,,,,,,,
datasets/gov/aaa/ezeru_monitoringas/EzeruValstybinioMonitoringoDuomenys,cb25176a-ab72-47c5-8ded-aaff259126be,774b6301-5854-42f7-bda8-84972d2fdf29,,Kauno,Angirių tvenkinys,LTL410,Angirių tvenkinys,POINT (6128127 482763),2018-05-15,18.7,2.8,4.3,118.662,8.7,0.9,504.0,2.7,0.053,0.031,3.8,3.884,5.2,0.006,0.052,,5.98,,,,,,,,,,,,,,,,,,,,,,,,,,,,,,,,,,,,,,,,,,,,,,,,,,,,,,,,,,,,,,,,,,,,,,,,,,,,,,,,,,,,,,,,,
datasets/gov/aaa/ezeru_monitoringas/EzeruValstybinioMonitoringoDuomenys,cb66021f-c257-42e2-80da-d6bfadcec23f,80b37f80-d014-433a-8969-fca6ae321904,,Alytaus,Galadusys,LTL187,Galadusys,POINT (6007408 461186),2018-07-16,21.0,4.5,2.9,106.335,8.6,4.9,349.0,2.4,0.02,0.002,0.03,0.052,0.4,0.031,0.059,,3,,,,,,,,,,,,,,,,,,,,,,,,,,,,,,,,,,,,,,,,,,,,,,,,,,,,,,,,,,,,,,,,,,,,,,,,,,,,,,,,,,,,,,,,,
datasets/gov/aaa/ezeru_monitoringas/EzeruValstybinioMonitoringoDuomenys,cb9395fd-6ff0-4d88-b425-3a3a347315ca,76a864be-e838-48e5-ad3d-792a4079b78d,,Utenos,Alksnas,LTL331,Alksnas,POINT (6137078 626267),2019-08-28,22.0,2.1,3.5,8.7,8.4,4.7,333.0,1.3,0.02,"<0,001",0.04,0.061,0.24,0.003,0.01,,14.5,,,,,,,,,,,,,,,,,,,,,,,,,,,,,,,,,,,,,,,,,,,,,,,,,,,,,,,,,,,,,,,,,,,,,,,,,,,,,,,,,,,,,,,,,
datasets/gov/aaa/ezeru_monitoringas/EzeruValstybinioMonitoringoDuomenys,cbb0f644-dd8d-4cc1-9a4b-80a9f7632724,d2c39b54-4439-40d7-8f15-47fbe80606aa,,Vilniaus RAAD,Vilnoja,LTL365,Vilnoja,,2022-08-25,24.5,<2,2.3,8.8,8.48,4.8,269.0,1.1,"<0,02","<0,005",0.02,0.045,0.122,"<0,015","<0,015",,3.1,,,,,,,,,,,,,,,,,,,,,,,,,,,,,,,,,,,,,,,,,,,,,,,,,,,,,,,,,,,,,,,,,,,,,,,,,,,,,,,,,,,,,,,,,
datasets/gov/aaa/ezeru_monitoringas/EzeruValstybinioMonitoringoDuomenys,cc011324-a801-407b-8787-e226e41d3f73,2f3219ad-7321-4e7b-a093-0eb5631b6ed9,,Utenos RAAD,Ilgis,LTL306,Ilgis,,2022-07-14,21.1,2.6,3.5,8.2,8.3,3.1,373.0,2.4,0.02,0.005,0.07,0.095,0.18,0.002,"<0,0081",,16.5,,,,,,,,,,,,,,,,,,,,,,,,,,,,,,,,,,,,,,,,,,,,,,,,,,,,,,,,,,,,,,,,,,,,,,,,,,,,,,,,,,,,,,,,,
datasets/gov/aaa/ezeru_monitoringas/EzeruValstybinioMonitoringoDuomenys,cc19bcba-25b5-428a-8e18-bd6546b43a6e,3141fbd7-8984-4e62-9a3c-49f758805e9b,,Utenos RAAD,Siesartis,LTL348,Siesartis,,2022-10-04,12.4,<2,2.6,8.32,8.26,3.4,320.0,0.9,0.02,"<0,005",0.031,0.056,1.08,"<0,015",0.015,,7.4,,,,,,,,,,,,,,,,,,,,,,,,,,,,,,,,,,,,,,,,,,,,,,,,,,,,,,,,,,,,,,,,,,,,,,,,,,,,,,,,,,,,,,,,,
datasets/gov/aaa/ezeru_monitoringas/EzeruValstybinioMonitoringoDuomenys,cc8a8005-69c0-416e-a183-079190b50da0,a732e89e-aff3-4ac5-96df-3848f5cd8989,,Utenos,Dūburys,LTL300,Duburys,POINT (6186218 623677),2019-05-15,14.1,<2,4.5,11.7,8.7,3.1,429.0,2,0.02,0.004,0.19,0.214,0.67,0.003,0.011,,6.7,,,,,,,,,,,,,,,,,,,,,,,,,,,,,,,,,,,,,,,,,,,,,,,,,,,,,,,,,,,,,,,,,,,,,,,,,,,,,,,,,,,,,,,,,
datasets/gov/aaa/ezeru_monitoringas/EzeruValstybinioMonitoringoDuomenys,cc968445-19c4-46a0-ba78-fb8c3fa4eafc,51df188c-230f-44ef-98ba-3ffea8a79a53,,Vilniaus,Jurgonių tvenkinys,LTL428,Jurgonių,POINT (6012555 579160),2021-08-30,17.6,5.7,3.6,9.1,8.2,1.6,452.0,3.3,0.091,"<0,005",0.054,0.15,0.551,0.017,0.02,,34.19,,,,,,,,,,,,,,,,,,,,,,,,,,,,,,,,,,,,,,,,,,,,,,,,,,,,,,,,,,,,,,,,,,,,,,,,,,,,,,,,,,,,,,,,,
datasets/gov/aaa/ezeru_monitoringas/EzeruValstybinioMonitoringoDuomenys,cca72960-fe02-4153-a2fc-8c81da876eb8,37e41dc1-9d37-437d-b817-91292a029b6f,,Vilniaus,Ilgas,LTL359,Ilgas,POINT (6095729 600167),2020-10-08,14.6,2.7,2.6,8.7,8.2,2.1,290.0,2.7,0.108,0.011,0.071,0.19,0.709,"<0,015",0.02,,16.1,,,,,,,,,,,,,,,,,,,,,,,,,,,,,,,,,,,,,,,,,,,,,,,,,,,,,,,,,,,,,,,,,,,,,,,,,,,,,,,,,,,,,,,,,
datasets/gov/aaa/ezeru_monitoringas/EzeruValstybinioMonitoringoDuomenys,ccbef25c-9699-46c9-841d-030c36044fc1,f5ae96b5-017c-4146-bfe2-caa2bdf4568b,,Utenos,Aisetas,LTL336,Aisetas,POINT (6134224 615363),2021-09-30,11.9,<2,3.1,8.96,8.36,4.9,350.0,1.5,0.022,"<0,005",0.106,0.133,0.508,"<0,015","<0,015",,2.07,,,,,,,,,,,,,,,,,,,,,,,,,,,,,,,,,,,,,,,,,,,,,,,,,,,,,,,,,,,,,,,,,,,,,,,,,,,,,,,,,,,,,,,,,
datasets/gov/aaa/ezeru_monitoringas/EzeruValstybinioMonitoringoDuomenys,ccdbf6e2-b252-4a45-a02a-888f0b697f38,6f819a18-6f45-436e-9b97-41bbe4d85e74,,Alytaus RAAD,Dusia,LTL43,Dusia,,2022-08-17,23.1,3.5,2.6,8.3,8.7,7.8,336.0,2.1,0.03,0.004,0.05,0.084,0.4,0.007,0.03,,3.9,,,,,,,,,,,,,,,,,,,,,,,,,,,,,,,,,,,,,,,,,,,,,,,,,,,,,,,,,,,,,,,,,,,,,,,,,,,,,,,,,,,,,,,,,
datasets/gov/aaa/ezeru_monitoringas/EzeruValstybinioMonitoringoDuomenys,cce45116-d8b7-478b-a8fd-7ce3185e279d,0a63d63f-6341-4696-a58b-4334a0c6d27e,,Utenos,Drūkšiai,LTL52,Drūkšiai,POINT (6169167 664078),2021-08-23,19.0,<2,2.6,9.0,8.4,4.4,253.0,1.7,0.014,"<0,001",0.08,0.095,0.22,0.005,0.018,,4.14,,,,,,,,,,,,,,,,,,,,,,,,,,,,,,,,,,,,,,,,,,,,,,,,,,,,,,,,,,,,,,,,,,,,,,,,,,,,,,,,,,,,,,,,,
datasets/gov/aaa/ezeru_monitoringas/EzeruValstybinioMonitoringoDuomenys,cd03189c-4be3-4764-9d11-0c0614cdf0db,1fb85fe0-c827-4473-ad00-61f3da34c327,,Panevėžio RAAD,Kupiškio tvenkinys,LTL417,Kupiškio,,2022-08-23,24.1,4.4,4.2,10.3,8.4,1.3,434.0,3.5,0.05,0.021,0.36,0.431,0.55,"<0,002",0.024,,11.8,,,,,,,,,,,,,,,,,,,,,,,,,,,,,,,,,,,,,,,,,,,,,,,,,,,,,,,,,,,,,,,,,,,,,,,,,,,,,,,,,,,,,,,,,
datasets/gov/aaa/ezeru_monitoringas/EzeruValstybinioMonitoringoDuomenys,cd155d7f-1d43-47a6-a557-dd5b2a1347a3,2d9f59c0-412d-45f1-91bd-d15bce87bf40,,Utenos,Linkmenas,LTL330,Linkmenas,POINT (6138980 626413),2021-10-04,11.2,2.1,3.1,10.0,8.4,3.9,291.0,1.6,0.02,"<0,001",0.03,0.051,0.54,"<0,002",0.011,,8.14,,,,,,,,,,,,,,,,,,,,,,,,,,,,,,,,,,,,,,,,,,,,,,,,,,,,,,,,,,,,,,,,,,,,,,,,,,,,,,,,,,,,,,,,,
datasets/gov/aaa/ezeru_monitoringas/EzeruValstybinioMonitoringoDuomenys,cd1773ee-cbf4-41b2-80b6-821bda1d7b13,9124d11f-31f4-41bd-97ed-76f25d27eb9c,,Utenos,Stirniai,LTL343,Stirniai,POINT (6124518 605749),2019-04-25,11.2,<2,2.5,12.3,8.4,5.7,250.0,1.4,"<0,014",0.002,0.08,0.096,0.36,0.015,0.019,,0.7,,,,,,,,,,,,,,,,,,,,,,,,,,,,,,,,,,,,,,,,,,,,,,,,,,,,,,,,,,,,,,,,,,,,,,,,,,,,,,,,,,,,,,,,,
datasets/gov/aaa/ezeru_monitoringas/EzeruValstybinioMonitoringoDuomenys,cd1c763f-3375-4f3e-bfbe-34dd6761816a,a475b7b4-48f6-4451-ac3a-e386cd7c595a,,Klaipėdos,Draudenių ežeras,LTL205,Draudenių ežeras,POINT (6132497 371778),2020-07-15,22.0,2.8,4.4,9.8,8.4,1.7,231.0,2.4,0.031,0.001,0.023,0.055,0.78,"<0,005",0.02,,4.88,,,,,,,,,,,,,,,,,,,,,,,,,,,,,,,,,,,,,,,,,,,,,,,,,,,,,,,,,,,,,,,,,,,,,,,,,,,,,,,,,,,,,,,,,
datasets/gov/aaa/ezeru_monitoringas/EzeruValstybinioMonitoringoDuomenys,cd444d47-2009-4257-9716-9dc48c3edba9,c6ecea91-d434-4d3e-b927-c33059b8041c,,Utenos,Asavas,LTL310,Asavas,POINT (6167521 638935),2018-04-19,8.8,<2,3.0,76.658,8.5,4.2,291.0,2.3,0.02,0.002,0.07,0.092,0.32,0.002,0.013,,14.11,,,,,,,,,,,,,,,,,,,,,,,,,,,,,,,,,,,,,,,,,,,,,,,,,,,,,,,,,,,,,,,,,,,,,,,,,,,,,,,,,,,,,,,,,
datasets/gov/aaa/ezeru_monitoringas/EzeruValstybinioMonitoringoDuomenys,cd62d85e-53af-4d20-b0b7-b5de943993ae,cb494971-8bfc-42af-9048-dfbc65244967,,Vilniaus,Spindžius,LTL106,Spindžius,POINT (6048288 544856),2021-07-29,24.8,<2,2.7,8.38,8.6,2.5,346.0,1.3,"<0,02","<0,005","<0,015",0.04,0.392,"<0,015","<0,015",,1.33,,,,,,,,,,,,,,,,,,,,,,,,,,,,,,,,,,,,,,,,,,,,,,,,,,,,,,,,,,,,,,,,,,,,,,,,,,,,,,,,,,,,,,,,,
datasets/gov/aaa/ezeru_monitoringas/EzeruValstybinioMonitoringoDuomenys,cd750a92-8107-4597-aa51-00b114926ab9,ee3f83c0-a3c4-4ddc-852a-d376ef4e3066,,Klaipėdos,Kernų tvenkinys,LTL261,Kernų tvenkinys,POINT (6236006 345893),2018-08-22,21.0,98,4.7,,7.1,0.85,424.0,5,0.015,0.002,"<0,003",0.02,1.6,"<0,005",0.056,,9.38,,,,,,,,,,,,,,,,,,,,,,,,,,,,,,,,,,,,,,,,,,,,,,,,,,,,,,,,,,,,,,,,,,,,,,,,,,,,,,,,,,,,,,,,,
datasets/gov/aaa/ezeru_monitoringas/EzeruValstybinioMonitoringoDuomenys,cdc9de67-8bcd-42df-8c92-57581b5d7811,1300bd66-8242-4280-a7d5-081848da851e,,Utenos,Šiurpys,LTL311,Šiurpys,POINT (6169946 635569),2018-06-14,20.9,<2,1.0,107.223,8.8,7,90.0,0.8,0.03,0.008,0.05,0.088,0.72,0.002,"<0,0083",,1.2,,,,,,,,,,,,,,,,,,,,,,,,,,,,,,,,,,,,,,,,,,,,,,,,,,,,,,,,,,,,,,,,,,,,,,,,,,,,,,,,,,,,,,,,,
datasets/gov/aaa/ezeru_monitoringas/EzeruValstybinioMonitoringoDuomenys,cde88fbe-8ed8-4549-813f-97847bad40a0,a0271d8c-f153-407c-a974-6dcec507e364,,Utenos,Linkmenas,LTL330,Linkmenas,POINT (6138980 626413),2021-05-10,10.6,<2,3.2,12.8,8.6,3.4,315.0,2.4,0.06,0.01,0.07,0.14,0.4,0.008,0.016,,9.6,,,,,,,,,,,,,,,,,,,,,,,,,,,,,,,,,,,,,,,,,,,,,,,,,,,,,,,,,,,,,,,,,,,,,,,,,,,,,,,,,,,,,,,,,
datasets/gov/aaa/ezeru_monitoringas/EzeruValstybinioMonitoringoDuomenys,ce059a68-0241-4265-bb5b-4a8d3b6cf0b3,578e2a5d-c5ae-414c-b2e2-65748501d0e4,,Utenos,Šventas,LTL39,Šventas,POINT (6166706 644760),2021-09-15,16.4,<2,0.96,9.3,8.2,5.6,83.0,0.93,0.02,0.005,0.02,0.045,0.3,"<0,002","<0,0081",,3.11,,,,,,,,,,,,,,,,,,,,,,,,,,,,,,,,,,,,,,,,,,,,,,,,,,,,,,,,,,,,,,,,,,,,,,,,,,,,,,,,,,,,,,,,,
datasets/gov/aaa/ezeru_monitoringas/EzeruValstybinioMonitoringoDuomenys,ce28ff9f-fe15-4fda-b52c-bd464a441ff5,6da8b4cf-ceda-41c0-aa38-ca0758d786c0,,Alytaus,Ančia,LTL195,Ančia,POINT (5994964 479239),2017-07-19,20.4,2,2,10.2,8.6,2.6,353.0,2.3,0.08,0.003,0.09,0.173,0.4,"<0,006",0.026,,5.6,,,,,,,,,,,,,,,,,,,,,,,,,,,,,,,,,,,,,,,,,,,,,,,,,,,,,,,,,,,,,,,,,,,,,,,,,,,,,,,,,,,,,,,,,
datasets/gov/aaa/ezeru_monitoringas/EzeruValstybinioMonitoringoDuomenys,ce411d7b-d77b-44fe-9ce3-df42cb0a9756,3f828831-462b-4a93-a743-0c10487e981a,,Utenos,Utenykštis,LTL320,Utenykštis,POINT (6147667 627613),2019-05-06,11.9,2.6,3.5,12.7,8.8,2.2,334.0,4,0.02,0.001,0.05,0.071,0.26,0.017,0.019,,8.9,,,,,,,,,,,,,,,,,,,,,,,,,,,,,,,,,,,,,,,,,,,,,,,,,,,,,,,,,,,,,,,,,,,,,,,,,,,,,,,,,,,,,,,,,
datasets/gov/aaa/ezeru_monitoringas/EzeruValstybinioMonitoringoDuomenys,ce73b8bf-598e-4447-bb6d-e212e37193e5,e25efc18-cf90-4e43-9391-efce4a89a884,,Utenos,Grabuostas,LTL360,Grabuostas,POINT (6114414 584709),2020-09-30,15.1,2.9,2.6,8.5,8.2,1.4,280.0,2.3,0.032,"<0,005",0.028,0.065,0.644,"<0,015",0.015,,26.8,,,,,,,,,,,,,,,,,,,,,,,,,,,,,,,,,,,,,,,,,,,,,,,,,,,,,,,,,,,,,,,,,,,,,,,,,,,,,,,,,,,,,,,,,
datasets/gov/aaa/ezeru_monitoringas/EzeruValstybinioMonitoringoDuomenys,ce786600-878b-47e2-8228-88b29ac3443d,c3cb5620-ceb7-449c-bc4c-6c4966fe57d4,,Alytaus,Balandis,LTL546,Balandis,POINT (5995701 468082),2021-09-23,13.7,4,2.5,8.0,8.3,6.2,300.0,1.8,0.02,0.002,0.02,0.042,0.5,"<0,007",0.055,,3.75,,,,,,,,,,,,,,,,,,,,,,,,,,,,,,,,,,,,,,,,,,,,,,,,,,,,,,,,,,,,,,,,,,,,,,,,,,,,,,,,,,,,,,,,,
datasets/gov/aaa/ezeru_monitoringas/EzeruValstybinioMonitoringoDuomenys,ce797b6c-1737-4801-86f4-d45cb5d46f18,e5f6dfe6-6792-422f-903c-22b797e02d5e,,Marijampolės RAAD,Stebuliškių tvenkinys,LTL542,Stebuliškių tvenkinys,,2022-05-19,14.2,6,3.9,10.3,8.4,1.6,960.0,4.4,0.03,0.045,4,4.075,4.2,0.027,0.062,,12.0,,,,,,,,,,,,,,,,,,,,,,,,,,,,,,,,,,,,,,,,,,,,,,,,,,,,,,,,,,,,,,,,,,,,,,,,,,,,,,,,,,,,,,,,,
datasets/gov/aaa/ezeru_monitoringas/EzeruValstybinioMonitoringoDuomenys,ce9155bb-f65c-4afe-b7bb-4214ea35432b,92fffb63-9804-4ae2-9234-82aa849f64c8,,Alytaus,Ilgis,LTL374,Ilgis,POINT (6036751 525398),2021-07-15,28.6,3.5,2.6,9.7,8.4,1.4,242.0,3.1,0.01,0.002,0.06,0.072,0.78,0.02,0.07,,4.7,,,,,,,,,,,,,,,,,,,,,,,,,,,,,,,,,,,,,,,,,,,,,,,,,,,,,,,,,,,,,,,,,,,,,,,,,,,,,,,,,,,,,,,,,
datasets/gov/aaa/ezeru_monitoringas/EzeruValstybinioMonitoringoDuomenys,ce91a8ff-9199-4c70-a49c-15da3092b087,f9d9f70a-e51b-4d4c-8f7c-faa7d8b9996e,,Utenos,Suosa,LTL382,Suosa,POINT (6176726 563162),2017-07-25,21.6,2.7,4.6,9.5,8.6,1.3,431.0,3.2,0.07,0.018,0.45,0.538,1.7,0.003,0.015,,3.9,,,,,,,,,,,,,,,,,,,,,,,,,,,,,,,,,,,,,,,,,,,,,,,,,,,,,,,,,,,,,,,,,,,,,,,,,,,,,,,,,,,,,,,,,
datasets/gov/aaa/ezeru_monitoringas/EzeruValstybinioMonitoringoDuomenys,ce9567e0-9d06-496d-ba8b-c4c3067c373d,60bd105f-0260-4d79-931d-426e30adb607,,Utenos,Alnis,LTL65,Alnis,POINT (6127535 606156),2017-06-19,20.1,"<1,7",1.9,10.1,8.7,5.9,164.0,0.6,"<0,014","<0,001",0.02,0.035,0.35,"<0,002",0.014,,,,,,,,,,,,,,,,,,,,,,,,,,,,,,,,,,,,,,,,,,,,,,,,,,,,,,,,,,,,,,,,,,,,,,,,,,,,,,,,,,,,,,,,,,,
datasets/gov/aaa/ezeru_monitoringas/EzeruValstybinioMonitoringoDuomenys,cf0b0cd1-2ff7-4494-8c26-6a262f6202f5,5cfacf3d-3029-4334-b05c-ba9a15778950,,Utenos,Čičirys,LTL222,Čičirys,POINT (6187704 628556),2017-06-15,16.9,2.6,3.3,10.2,8.7,5.0,300.0,0.7,"<0,014",0.002,0.04,0.056,0.47,0.004,0.01,,10.4,,,,,,,,,,,,,,,,,,,,,,,,,,,,,,,,,,,,,,,,,,,,,,,,,,,,,,,,,,,,,,,,,,,,,,,,,,,,,,,,,,,,,,,,,
datasets/gov/aaa/ezeru_monitoringas/EzeruValstybinioMonitoringoDuomenys,cf1eca09-818d-4126-b721-11b0538cb163,624ba243-f729-46be-a531-802c3ab95825,,Utenos,Ilmėdas,LTL351,Ilmėdas,POINT (6126210 598293),2018-07-23,24.3,<2,3.0,119.421,9.1,4.5,288.0,1.3,"<0,014","<0,001",0.02,0.035,0.25,"<0,002","<0,0083",,4.8,,,,,,,,,,,,,,,,,,,,,,,,,,,,,,,,,,,,,,,,,,,,,,,,,,,,,,,,,,,,,,,,,,,,,,,,,,,,,,,,,,,,,,,,,
datasets/gov/aaa/ezeru_monitoringas/EzeruValstybinioMonitoringoDuomenys,cf29686f-4993-4480-93d2-310e3396055e,4f398bc8-2ad7-47d2-8106-451e70f79a1e,,Utenos,Asavas,LTL310,Asavas,POINT (6167521 638935),2019-01-29,0.7,<2,3.1,10.1,8.1,4.0,331.0,2.3,0.07,0.002,0.11,0.182,0.53,0.005,0.01,,,,,,,,,,,,,,,,,,,,,,,,,,,,,,,,,,,,,,,,,,,,,,,,,,,,,,,,,,,,,,,,,,,,,,,,,,,,,,,,,,,,,,,,,,,
datasets/gov/aaa/ezeru_monitoringas/EzeruValstybinioMonitoringoDuomenys,cf484650-0146-438f-ba6a-6408c59f9ed8,58e4b7da-91be-4e88-b550-cf6faf3f5a3d,,Panevėžio,Vazajis,LTL292,Vazajis,POINT (6179504 601278),2021-05-20,13.9,2.3,2.7,9.4,8.5,2.4,241.0,2.9,0.05,0.017,0.05,0.117,0.89,0.005,0.027,,10.8,,,,,,,,,,,,,,,,,,,,,,,,,,,,,,,,,,,,,,,,,,,,,,,,,,,,,,,,,,,,,,,,,,,,,,,,,,,,,,,,,,,,,,,,,
datasets/gov/aaa/ezeru_monitoringas/EzeruValstybinioMonitoringoDuomenys,cf4abb7e-be7d-4283-a1be-79a58f6b0160,2f5b2924-c0ad-4299-b57e-51e0aa0810b4,,Kauno RAAD,Švenčius,LTL144,Švenčius,,2022-08-30,23.0,14,2.4,8.4,8.55,0.8,265.0,4.6,"<0,02","<0,005",0.078,0.103,0.256,0.015,0.021,,61.5,,,,,,,,,,,,,,,,,,,,,,,,,,,,,,,,,,,,,,,,,,,,,,,,,,,,,,,,,,,,,,,,,,,,,,,,,,,,,,,,,,,,,,,,,
datasets/gov/aaa/ezeru_monitoringas/EzeruValstybinioMonitoringoDuomenys,cf6e169b-4525-4b6a-a8d4-9161a1eea41d,9e1ff379-ce01-4e7b-aa71-b302cd3f0205,,Šiaulių,Germantas,LTL256,Germantas,POINT (6206649 384054),2021-07-26,24.0,1.7,2.9,5.7,8.3,1.8,202.0,1.3,0.05,"<0,001",0.009,0.06,1.2,"<0,006",0.018,,5.92,,,,,,,,,,,,,,,,,,,,,,,,,,,,,,,,,,,,,,,,,,,,,,,,,,,,,,,,,,,,,,,,,,,,,,,,,,,,,,,,,,,,,,,,,
datasets/gov/aaa/ezeru_monitoringas/EzeruValstybinioMonitoringoDuomenys,cf715ac8-a37a-4fd5-ac7a-61f9e416bd6a,b1ae5963-4e49-4004-b75a-8509616a69bc,,Alytaus,Liškiavis,LTL194,Liškiavis,POINT (5996443 501256),2018-05-16,19.6,3.5,4.2,124.176,8.5,3.3,424.0,2.6,0.09,0.008,0.39,0.488,0.8,"<0,007",0.051,,6.5,,,,,,,,,,,,,,,,,,,,,,,,,,,,,,,,,,,,,,,,,,,,,,,,,,,,,,,,,,,,,,,,,,,,,,,,,,,,,,,,,,,,,,,,,
datasets/gov/aaa/ezeru_monitoringas/EzeruValstybinioMonitoringoDuomenys,cf8c7cdc-4dd7-4cd2-ae03-abf4c302f9f2,28f87bdc-4185-4b67-8e47-29a3aeea1142,,Utenos RAAD,Alksnas,LTL228,Alksnas,,2022-07-26,22.8,<2,2.8,9.5,8.4,3.6,285.0,2.2,0.02,"<0,001",0.05,0.071,0.56,0.003,0.009,,2.4,,,,,,,,,,,,,,,,,,,,,,,,,,,,,,,,,,,,,,,,,,,,,,,,,,,,,,,,,,,,,,,,,,,,,,,,,,,,,,,,,,,,,,,,,
datasets/gov/aaa/ezeru_monitoringas/EzeruValstybinioMonitoringoDuomenys,cfd2b520-2cd4-4b1d-8340-57e1afc2636e,90063d06-4df4-421a-bb64-416afd3e9f18,,Utenos,Šventas,LTL39,Šventas,POINT (6166706 644760),2021-06-09,18.9,<2,0.94,9.8,8.2,9.8,84.0,1,"<0,014",0.002,0.09,0.106,0.37,0.002,"<0,0081",,0.3,,,,,,,,,,,,,,,,,,,,,,,,,,,,,,,,,,,,,,,,,,,,,,,,,,,,,,,,,,,,,,,,,,,,,,,,,,,,,,,,,,,,,,,,,
datasets/gov/aaa/ezeru_monitoringas/EzeruValstybinioMonitoringoDuomenys,d01d7ba8-a2e0-447a-9ac4-5cb3f46276d6,62aba3dd-6a9e-42cb-ab64-438efff6df38,,Utenos,Laukesas,LTL527,Laukesas,POINT (6181714 644152),2020-05-13,11.5,5.3,3.5,10.4,8.4,2.7,382.0,1.8,0.03,0.003,0.22,0.253,0.59,0.005,0.018,,4.7,,,,,,,,,,,,,,,,,,,,,,,,,,,,,,,,,,,,,,,,,,,,,,,,,,,,,,,,,,,,,,,,,,,,,,,,,,,,,,,,,,,,,,,,,
datasets/gov/aaa/ezeru_monitoringas/EzeruValstybinioMonitoringoDuomenys,d02992c6-c674-4f02-95be-6275f649516f,1c5df3e9-9179-46fc-9bd3-01265a0bbea4,,Utenos,Šakių ežeras,LTL531,Šakių,POINT (6171379 658835),2021-05-25,14.6,<2,1.2,7.9,7.7,2.5,114.0,2.6,0.02,0.001,0.15,0.171,0.67,"<0,002",0.026,,7.6,,,,,,,,,,,,,,,,,,,,,,,,,,,,,,,,,,,,,,,,,,,,,,,,,,,,,,,,,,,,,,,,,,,,,,,,,,,,,,,,,,,,,,,,,
datasets/gov/aaa/ezeru_monitoringas/EzeruValstybinioMonitoringoDuomenys,d02b8bec-2811-4daa-b3d9-f9c6d8545882,2b5cfe03-dc68-44bf-9b06-7fccc5afc59c,,Vilniaus RAAD,Monis,LTL370,Monis,,2022-09-28,14.2,<2,1,9.13,8.15,4.0,119.0,2.0,"<0,02","<0,005","<0,015",0.04,0.558,"<0,015","<0,015",,3.7,,,,,,,,,,,,,,,,,,,,,,,,,,,,,,,,,,,,,,,,,,,,,,,,,,,,,,,,,,,,,,,,,,,,,,,,,,,,,,,,,,,,,,,,,
datasets/gov/aaa/ezeru_monitoringas/EzeruValstybinioMonitoringoDuomenys,d0342404-326c-4df0-9e22-3fd58333b107,b8b86829-c661-493c-978d-dc328e9bb673,,Panevėžio RAAD,Notigalė,LTL147,Notigalė,,2022-10-17,10.1,<2,"<0,06",10.6,5.4,0.9,20.0,1.2,"<0,014",0.003,0.18,0.197,0.25,0.031,0.061,,9.7,,,,,,,,,,,,,,,,,,,,,,,,,,,,,,,,,,,,,,,,,,,,,,,,,,,,,,,,,,,,,,,,,,,,,,,,,,,,,,,,,,,,,,,,,
datasets/gov/aaa/ezeru_monitoringas/EzeruValstybinioMonitoringoDuomenys,d054899e-cdd4-4635-9df4-a64f58e5ee2b,4360d6a3-c971-4b1b-a8f6-4f2690004ad0,,Klaipėdos,Paršežeris,LTL436,Paršežeris,POINT (6169161 392511),2019-09-17,14.0,22,3.0,8.9,8.6,1.0,261.0,5.4,0.028,0.001,0.023,0.052,1.3,"<0,005",0.057,,89.29,,,,,,,,,,,,,,,,,,,,,,,,,,,,,,,,,,,,,,,,,,,,,,,,,,,,,,,,,,,,,,,,,,,,,,,,,,,,,,,,,,,,,,,,,
datasets/gov/aaa/ezeru_monitoringas/EzeruValstybinioMonitoringoDuomenys,d06515fa-1619-4092-a9b3-0ab61cefba64,02496ba1-1ba7-48e9-b8a1-e0f668481e9a,,Šiaulių,Ilgis,LTL204,Ilgis,POINT (6210196 364291),2017-07-25,20.0,2.6,1.6,5.5,8.6,2.0,175.0,2.9,0.008,0.002,0.003,0.013,0.84,0.005,0.016,,4.03,,,,,,,,,,,,,,,,,,,,,,,,,,,,,,,,,,,,,,,,,,,,,,,,,,,,,,,,,,,,,,,,,,,,,,,,,,,,,,,,,,,,,,,,,
datasets/gov/aaa/ezeru_monitoringas/EzeruValstybinioMonitoringoDuomenys,d082cb4f-7908-4b74-8600-aea5a31894c3,499ef0cd-69fe-4a15-8503-047917a67054,,Aplinkos apsaugos departamento Šiaulių valdyba,Laičių I tvenkinys,LTL544,Laičių I tvenkinys,,2022-09-22,14.0,2.1,5.6,7.8,7.9,1.8,737.0,2.2,0.047,0.015,0.8,0.862,1.5,"<0,006",0.023,,3.55,,,,,,,,,,,,,,,,,,,,,,,,,,,,,,,,,,,,,,,,,,,,,,,,,,,,,,,,,,,,,,,,,,,,,,,,,,,,,,,,,,,,,,,,,
datasets/gov/aaa/ezeru_monitoringas/EzeruValstybinioMonitoringoDuomenys,d0ab8d49-26a7-46d4-9074-4f9411e53459,eadc2c69-43ab-4dd4-aff5-3657814f84e7,,Utenos,Šiurpys,LTL311,Šiurpys,POINT (6169946 635569),2021-07-12,27.0,<2,1.1,9.2,8.8,7.2,85.0,0.7,0.02,"<0,001",0.04,0.061,0.61,0.003,"<0,0081",,3.2,,,,,,,,,,,,,,,,,,,,,,,,,,,,,,,,,,,,,,,,,,,,,,,,,,,,,,,,,,,,,,,,,,,,,,,,,,,,,,,,,,,,,,,,,
datasets/gov/aaa/ezeru_monitoringas/EzeruValstybinioMonitoringoDuomenys,d0d98558-fc9b-487c-bdd0-6376f7d1c095,6523bb31-edd4-425b-8d1c-4966b83f68a1,,Alytaus,Giedavardys,LTL392,Giedavardys,POINT (6001432 492931),2021-07-21,25.9,2.5,2.5,8.6,8.4,3.4,239.0,2.3,0.02,0.002,0.02,0.042,0.53,0.014,0.035,,10.36,,,,,,,,,,,,,,,,,,,,,,,,,,,,,,,,,,,,,,,,,,,,,,,,,,,,,,,,,,,,,,,,,,,,,,,,,,,,,,,,,,,,,,,,,
datasets/gov/aaa/ezeru_monitoringas/EzeruValstybinioMonitoringoDuomenys,d104ae5c-6997-4cda-a283-97f7c28e5a40,45dca650-71f6-442c-b45b-702773d31ac1,,Vilniaus,Kadrėnų tvenkinys,LTL162,Kadrėnų tvenkinys,POINT (6130624 552576),2017-08-24,18.1,2.8,6.8,5.1,8.01,1.3,593.0,1.9,0.08,0.025,0.069,0.174,0.414,"<0,014",0.033,,13.0,,,,,,,,,,,,,,,,,,,,,,,,,,,,,,,,,,,,,,,,,,,,,,,,,,,,,,,,,,,,,,,,,,,,,,,,,,,,,,,,,,,,,,,,,
datasets/gov/aaa/ezeru_monitoringas/EzeruValstybinioMonitoringoDuomenys,d10963c1-4e94-40f9-aa11-5d81e3b64aa2,b002a86c-cdc9-4e73-9042-923459970055,,Vilniaus,Bagdanonių HE tvenkinys,LTL537,Bagdononių HE tvenkinys,POINT (6051831 545616),2017-07-20,19.6,<2,3.3,9.8,8.41,3.5,355.0,2.9,0.011,"<0,004","<0,016",0.031,0.317,"<0,014",0.018,,8.1,,,,,,,,,,,,,,,,,,,,,,,,,,,,,,,,,,,,,,,,,,,,,,,,,,,,,,,,,,,,,,,,,,,,,,,,,,,,,,,,,,,,,,,,,
datasets/gov/aaa/ezeru_monitoringas/EzeruValstybinioMonitoringoDuomenys,d11b3740-6600-4f98-8b9b-015eb51dcf40,a483d4fe-6724-448e-95e9-5f9ab5103004,,Utenos,Smalvykštis,LTL308,Smalvykštis,POINT (6168063 648680),2018-07-24,24.4,<2,3.1,107.618,8.9,2.6,268.0,1.9,"<0,014",0.002,0.05,0.066,0.51,"<0,002",0.016,,4,,,,,,,,,,,,,,,,,,,,,,,,,,,,,,,,,,,,,,,,,,,,,,,,,,,,,,,,,,,,,,,,,,,,,,,,,,,,,,,,,,,,,,,,,
datasets/gov/aaa/ezeru_monitoringas/EzeruValstybinioMonitoringoDuomenys,d123cca1-2cdc-42e9-9c5a-c3e77c2f6d13,02a6b425-b09a-469b-bfba-ef16ca68df1d,,Alytaus,Grūtas,LTL514,Grūtas,POINT (5987558 505368),2020-09-25,17.3,4.5,2.0,9.5,8.6,,174.0,4.6,0.03,0.003,0.04,1.1,0.073,0.027,0.084,,5.2,,,,,,,,,,,,,,,,,,,,,,,,,,,,,,,,,,,,,,,,,,,,,,,,,,,,,,,,,,,,,,,,,,,,,,,,,,,,,,,,,,,,,,,,,
datasets/gov/aaa/ezeru_monitoringas/EzeruValstybinioMonitoringoDuomenys,d1292938-0f00-4c74-8125-59aa144def5a,b3720e45-ff6f-47c9-a9a5-72fb1f572fdb,,Alytaus,Akmenių ežeras,LTL516,Akmenių ežeras,POINT (6003300 466571),2020-09-23,17.1,5.5,3.6,10.9,8.5,1.8,474.0,3.4,0.02,0.002,0.06,1.2,0.082,0.011,0.058,,18.7,,,,,,,,,,,,,,,,,,,,,,,,,,,,,,,,,,,,,,,,,,,,,,,,,,,,,,,,,,,,,,,,,,,,,,,,,,,,,,,,,,,,,,,,,
datasets/gov/aaa/ezeru_monitoringas/EzeruValstybinioMonitoringoDuomenys,d140bb10-2e46-4474-9573-b1053953b5d8,97a7105c-6ebb-4085-8501-ec9963d16092,,Utenos RAAD,Šventas,LTL39,Šventas,,2022-06-13,20.2,<2,0.92,9.7,8.2,9.1,106.0,1.1,"<0,014",0.003,0.04,0.057,0.09,0.003,"<0,0081",,1.0,,,,,,,,,,,,,,,,,,,,,,,,,,,,,,,,,,,,,,,,,,,,,,,,,,,,,,,,,,,,,,,,,,,,,,,,,,,,,,,,,,,,,,,,,
datasets/gov/aaa/ezeru_monitoringas/EzeruValstybinioMonitoringoDuomenys,d1472515-e536-43a8-a805-2a0a2c5a2d69,75ff7847-fb54-41b3-9bda-727f61c45df1,,Šiaulių,Platelių ežeras,LTL34,Plateliai,POINT (6214390 366955),2021-08-23,19.0,1.5,1.9,10.6,8.1,6.2,170.0,1.4,0.024,0.001,0.009,0.034,0.43,"<0,006",0.016,,2.78,,,,,,,,,,,,,,,,,,,,,,,,,,,,,,,,,,,,,,,,,,,,,,,,,,,,,,,,,,,,,,,,,,,,,,,,,,,,,,,,,,,,,,,,,
datasets/gov/aaa/ezeru_monitoringas/EzeruValstybinioMonitoringoDuomenys,d1518982-7b24-4f66-91d2-afa03280d4e0,a62481f4-08ab-4f91-adfb-c9d821d8e05a,,Utenos,Visaginas,LTL314,Visaginas,POINT (6164202 653012),2020-05-20,11.6,2.6,2.5,10.1,8.4,1.8,251.0,2.7,0.03,0.001,0.04,0.071,0.58,0.004,0.018,,8.1,,,,,,,,,,,,,,,,,,,,,,,,,,,,,,,,,,,,,,,,,,,,,,,,,,,,,,,,,,,,,,,,,,,,,,,,,,,,,,,,,,,,,,,,,
datasets/gov/aaa/ezeru_monitoringas/EzeruValstybinioMonitoringoDuomenys,d1a891c9-1591-4e78-9b82-38c16c38e721,f706db66-0266-4664-af37-8477c8d22cc0,,Kauno,Bublių tvenkinys,LTL414,Bublių tvenkinys,POINT (6127918 505237),2018-05-03,14.9,7.9,5.6,134.195,8.58,1.3,637.0,3.2,0.025,0.031,5.1,5.156,6.7,0.006,0.033,,2.78,,,,,,,,,,,,,,,,,,,,,,,,,,,,,,,,,,,,,,,,,,,,,,,,,,,,,,,,,,,,,,,,,,,,,,,,,,,,,,,,,,,,,,,,,
datasets/gov/aaa/ezeru_monitoringas/EzeruValstybinioMonitoringoDuomenys,d1cce9c5-bd6c-41fd-aea2-e6d32940d998,2d8246e3-537c-4243-b1e1-b7c568d22e2a,,Utenos,Spenglas,LTL173,Spenglas,POINT (6101954 612176),2019-07-25,24.1,9.6,3.3,11.0,8.73,0.4,292.0,4.2,0.025,0.008,0.021,0.054,0.068,"<0,015",0.026,,63.9,,,,,,,,,,,,,,,,,,,,,,,,,,,,,,,,,,,,,,,,,,,,,,,,,,,,,,,,,,,,,,,,,,,,,,,,,,,,,,,,,,,,,,,,,
datasets/gov/aaa/ezeru_monitoringas/EzeruValstybinioMonitoringoDuomenys,d1ea2e28-5b0d-42bf-85f1-a9cf2f9cc2c4,b38794b0-2b45-41da-aa19-63275624352f,,Šiaulių,Ilgis,LTL204,Ilgis,POINT (6210196 364291),2021-06-09,22.0,1.6,1.6,9.6,8.2,2.5,160.0,1.7,0.016,"<0,001",0.011,0.028,0.53,"<0,006",0.021,,3.85,,,,,,,,,,,,,,,,,,,,,,,,,,,,,,,,,,,,,,,,,,,,,,,,,,,,,,,,,,,,,,,,,,,,,,,,,,,,,,,,,,,,,,,,,
datasets/gov/aaa/ezeru_monitoringas/EzeruValstybinioMonitoringoDuomenys,d2826c8b-9352-4ed4-b41c-03269a960fe8,0691ec87-ce36-41b2-a8a5-3531cc160cac,,Utenos,Asavas,LTL310,Asavas,POINT (6167521 638935),2020-04-27,9.2,<2,2.6,12.1,8.6,3.2,298.0,2.2,0.03,0.001,0.04,0.071,0.34,0.003,0.012,,5.2,,,,,,,,,,,,,,,,,,,,,,,,,,,,,,,,,,,,,,,,,,,,,,,,,,,,,,,,,,,,,,,,,,,,,,,,,,,,,,,,,,,,,,,,,
datasets/gov/aaa/ezeru_monitoringas/EzeruValstybinioMonitoringoDuomenys,d2862057-cac7-4361-abb7-aa0b8debee43,b68c37e9-aa29-4bb4-99e5-170f39b5632e,,Vilniaus,Siesikų ež.,LTL280,Siesikų ežeras,POINT (6128720 534426),2019-10-09,9.7,10,4.8,9.2,8.43,1.2,469.0,2.1,0.021,"<0,005",0.063,0.089,0.554,"<0,015",0.015,,30.8,,,,,,,,,,,,,,,,,,,,,,,,,,,,,,,,,,,,,,,,,,,,,,,,,,,,,,,,,,,,,,,,,,,,,,,,,,,,,,,,,,,,,,,,,
datasets/gov/aaa/ezeru_monitoringas/EzeruValstybinioMonitoringoDuomenys,d299bfe9-7fcb-4212-a469-3c730d496169,e9e1db3e-650e-4476-aa8c-d8699d81a735,,Marijampolės,Pilvės-Vabalkšnės tvenkinys,LTL543,Pilvės-Vabalkšnės tvenkinys,POINT (6064130 466346),2017-05-30,19.5,6.4,5.2,9.3,8.26,0.7,536.0,5.8,0.08,0.023,9.7,9.803,11.0,0.006,0.064,,3.2,,,,,,,,,,,,,,,,,,,,,,,,,,,,,,,,,,,,,,,,,,,,,,,,,,,,,,,,,,,,,,,,,,,,,,,,,,,,,,,,,,,,,,,,,
datasets/gov/aaa/ezeru_monitoringas/EzeruValstybinioMonitoringoDuomenys,d3411913-3b1d-4f89-b461-0918944cf978,89e1b5d5-d7ec-4bd3-9dd7-a501fa93a8d4,,Kauno,Pajiesio tvenkinys,LTL425,Pajiesio tvenkinys,POINT (6068474 494380),2017-07-17,19.7,7.7,4.9,11.5,8.51,0.9,505.0,4.2,0.13,0.021,0.2,0.351,1.3,"<0,006",0.073,,2.4,,,,,,,,,,,,,,,,,,,,,,,,,,,,,,,,,,,,,,,,,,,,,,,,,,,,,,,,,,,,,,,,,,,,,,,,,,,,,,,,,,,,,,,,,
datasets/gov/aaa/ezeru_monitoringas/EzeruValstybinioMonitoringoDuomenys,d37cfde6-7f6e-4d16-9259-063937f6f558,bdc03212-b672-4bfe-8ab9-cb72380a9e86,,Utenos RAAD,Pakalas,LTL333,Pakalas,,2022-07-28,22.1,<2,3.4,8.7,8.61,3.1,337.0,1.3,0.02,"<0,005",0.034,0.059,0.497,"<0,015",0.027,,6.6,,,,,,,,,,,,,,,,,,,,,,,,,,,,,,,,,,,,,,,,,,,,,,,,,,,,,,,,,,,,,,,,,,,,,,,,,,,,,,,,,,,,,,,,,
datasets/gov/aaa/ezeru_monitoringas/EzeruValstybinioMonitoringoDuomenys,d3d17850-d6b5-4fb1-a759-3a2330e45bc7,cd199f08-5ace-49ce-8209-075fdcaf5ea9,,Marijampolės,Marijampolės II tvenkinys,LTL198,Marijampolės II tvenkinys,POINT (6043689 457690),2019-09-27,12.6,4.5,3.2,10.8,8.5,2.1,539.0,3,0.06,0.005,0.52,0.585,1.3,0.022,0.078,,23.1,,,,,,,,,,,,,,,,,,,,,,,,,,,,,,,,,,,,,,,,,,,,,,,,,,,,,,,,,,,,,,,,,,,,,,,,,,,,,,,,,,,,,,,,,
datasets/gov/aaa/ezeru_monitoringas/EzeruValstybinioMonitoringoDuomenys,d3e6a05f-916c-433f-a717-8998d27283fd,5060a907-0d9a-4122-99cb-fadb3bb52ea5,,Vilniaus,Stavarygalos ežeras,LTL362,Stavarygalos ež.,POINT (6099007 549978),2020-05-19,13.2,4.5,2.7,11.1,8.46,1.3,313.0,3.9,0.02,"<0,005",0.063,0.088,0.716,"<0,015",0.06,,12.6,,,,,,,,,,,,,,,,,,,,,,,,,,,,,,,,,,,,,,,,,,,,,,,,,,,,,,,,,,,,,,,,,,,,,,,,,,,,,,,,,,,,,,,,,
datasets/gov/aaa/ezeru_monitoringas/EzeruValstybinioMonitoringoDuomenys,d3ee2119-a787-4a47-b6df-b33f95661038,080c90c4-4a3e-425e-b4c1-11f7f1e82b66,,Alytaus,Balandis,LTL546,Balandis,POINT (5995701 468082),2021-05-11,11.3,3,2.9,11.0,8.5,5.1,314.0,3.1,0.02,0.002,0.08,0.102,0.48,"<0,007",0.044,,1.9,,,,,,,,,,,,,,,,,,,,,,,,,,,,,,,,,,,,,,,,,,,,,,,,,,,,,,,,,,,,,,,,,,,,,,,,,,,,,,,,,,,,,,,,,
datasets/gov/aaa/ezeru_monitoringas/EzeruValstybinioMonitoringoDuomenys,d429a671-5659-4df7-b3dd-ce56ec011444,fe2e2885-c3cb-49ea-9a25-19536a910139,,Utenos RAAD,Zarasas,LTL171,Zarasas,,2022-05-02,9.5,<2,3.4,14.0,8.4,3.2,371.0,3.0,"<0,014",0.005,0.66,0.679,1.4,0.006,0.017,,8.8,,,,,,,,,,,,,,,,,,,,,,,,,,,,,,,,,,,,,,,,,,,,,,,,,,,,,,,,,,,,,,,,,,,,,,,,,,,,,,,,,,,,,,,,,
datasets/gov/aaa/ezeru_monitoringas/EzeruValstybinioMonitoringoDuomenys,d4353691-e1ee-4cb1-8d05-61d04764597f,560a7581-abd0-4b78-8b7e-14eb478ddf80,,Alytaus,Juodas Kauknoris,LTL174,Juodas Kauknoris,POINT (5987342 470399),2019-05-21,18.2,6.5,2.9,10.3,8.4,3.3,321.0,3.3,0.04,0.007,0.062,0.097,0.6,0.013,0.018,,5.2,,,,,,,,,,,,,,,,,,,,,,,,,,,,,,,,,,,,,,,,,,,,,,,,,,,,,,,,,,,,,,,,,,,,,,,,,,,,,,,,,,,,,,,,,
datasets/gov/aaa/ezeru_monitoringas/EzeruValstybinioMonitoringoDuomenys,d43e511c-df0b-43a7-9959-4a84f3b35dfd,6f57e9c1-8332-4d82-b4cd-e888a4d270c6,,Utenos,Imbradas,LTL441,Imbradas,POINT (6183472 633197),2020-10-19,8.5,<2,3.3,8.7,8.1,2.3,344.0,1.6,0.13,0.004,0.07,0.204,1.0,0.002,0.02,,5.0,,,,,,,,,,,,,,,,,,,,,,,,,,,,,,,,,,,,,,,,,,,,,,,,,,,,,,,,,,,,,,,,,,,,,,,,,,,,,,,,,,,,,,,,,
datasets/gov/aaa/ezeru_monitoringas/EzeruValstybinioMonitoringoDuomenys,d47e6a66-0225-4fd9-bcf4-987851929515,0098ee78-2a8d-47d6-971c-f542b34207bb,,Vilniaus,Gilūšis,LTL534,Gilūšis,POINT (6067815 539828),2020-10-07,15.0,"<1,9",3.8,8.9,8.25,3.9,452.0,1.9,0.065,"<0,005",0.044,0.114,0.544,"<0,015",0.015,,4.5,,,,,,,,,,,,,,,,,,,,,,,,,,,,,,,,,,,,,,,,,,,,,,,,,,,,,,,,,,,,,,,,,,,,,,,,,,,,,,,,,,,,,,,,,
datasets/gov/aaa/ezeru_monitoringas/EzeruValstybinioMonitoringoDuomenys,d4a36517-2a8c-4485-a7d3-e0a0d6a3cef1,899d1221-54cc-4609-8d1f-7e8fa1a6ca13,,Utenos,Asavas,LTL310,Asavas,POINT (6167521 638935),2018-06-14,21.1,<2,3.1,99.773,9.0,2.7,286.0,1.6,0.03,0.001,0.04,0.071,0.63,0.003,0.011,,3.8,,,,,,,,,,,,,,,,,,,,,,,,,,,,,,,,,,,,,,,,,,,,,,,,,,,,,,,,,,,,,,,,,,,,,,,,,,,,,,,,,,,,,,,,,
datasets/gov/aaa/ezeru_monitoringas/EzeruValstybinioMonitoringoDuomenys,d4cc2495-3b0b-45cb-893b-d2b6766689f3,3f7e6aa0-6395-4cd8-8334-94ce35e19bb0,,Utenos,Ilgiai,LTL397,Ilgiai,POINT (6157143 654481),2021-05-12,12.4,5,4.2,12.8,8.6,1.4,418.0,4.1,"<0,014",0.01,0.22,0.244,1.0,0.006,0.031,,16.6,,,,,,,,,,,,,,,,,,,,,,,,,,,,,,,,,,,,,,,,,,,,,,,,,,,,,,,,,,,,,,,,,,,,,,,,,,,,,,,,,,,,,,,,,
datasets/gov/aaa/ezeru_monitoringas/EzeruValstybinioMonitoringoDuomenys,d5d75966-a058-499e-b968-57e7c29dc9fb,dbac2bbf-505e-46d3-8ea6-a047eaac93fe,,Kauno,Krivėnų tvenkinys,LTL413,Krivėnų tvenkinys,POINT (6109207 484509),2017-07-24,20.3,5.7,5,10.1,8.66,1.4,562.0,3.3,0.023,0.067,3.8,3.89,4.8,"<0,006",0.039,,4.5,,,,,,,,,,,,,,,,,,,,,,,,,,,,,,,,,,,,,,,,,,,,,,,,,,,,,,,,,,,,,,,,,,,,,,,,,,,,,,,,,,,,,,,,,
datasets/gov/aaa/ezeru_monitoringas/EzeruValstybinioMonitoringoDuomenys,d5f9e408-4b09-4bf6-bfad-9ed98272caf6,3ea7b85b-1972-4acb-b4b8-45f734fdc69e,,Utenos RAAD,Ilgis,LTL306,Ilgis,,2022-10-05,11.1,<2,3.9,7.6,8.0,3.5,383.0,1.2,0.05,0.002,0.07,0.122,0.4,"<0,002",0.02,,6.2,,,,,,,,,,,,,,,,,,,,,,,,,,,,,,,,,,,,,,,,,,,,,,,,,,,,,,,,,,,,,,,,,,,,,,,,,,,,,,,,,,,,,,,,,
datasets/gov/aaa/ezeru_monitoringas/EzeruValstybinioMonitoringoDuomenys,d617b388-8044-44d0-b2f5-893af82ab783,20f59152-f720-4746-9bd7-2b0496d27039,,Klaipėdos,Kernų tvenkinys,LTL261,Kernų tvenkinys,POINT (6236006 345893),2021-08-25,18.0,7.6,4.0,7.5,8.3,1.2,414.0,4.1,0.038,0.001,0.013,0.052,0.97,0.008,0.045,,27.38,,,,,,,,,,,,,,,,,,,,,,,,,,,,,,,,,,,,,,,,,,,,,,,,,,,,,,,,,,,,,,,,,,,,,,,,,,,,,,,,,,,,,,,,,
datasets/gov/aaa/ezeru_monitoringas/EzeruValstybinioMonitoringoDuomenys,d646a6ff-db6f-4332-9565-01bdcf104d72,517f4aca-04d7-4236-b218-4bada86a9f16,,Utenos,Žvernas,LTL357,Žvernas,POINT (6104640 596627),2020-09-15,16.1,2.9,2.9,8.8,8.34,1.8,313.0,2,0.055,"<0,005",0.043,0.103,0.63,"<0,015","<0,015",,6.9,,,,,,,,,,,,,,,,,,,,,,,,,,,,,,,,,,,,,,,,,,,,,,,,,,,,,,,,,,,,,,,,,,,,,,,,,,,,,,,,,,,,,,,,,
datasets/gov/aaa/ezeru_monitoringas/EzeruValstybinioMonitoringoDuomenys,d64937b6-c6c2-4c84-a9ab-d59fea5159e7,daafedef-184e-40cc-b07e-0c1aa8c95d51,,Vilniaus,Širvio ežeras,LTL451,Širvio ežeras,POINT (6095301 577823),2019-09-17,15.6,13,3.7,8.21,8.25,0.7,416.0,5.5,0.03,0.005,0.06,0.095,0.508,0.023,0.034,,72.9,,,,,,,,,,,,,,,,,,,,,,,,,,,,,,,,,,,,,,,,,,,,,,,,,,,,,,,,,,,,,,,,,,,,,,,,,,,,,,,,,,,,,,,,,
datasets/gov/aaa/ezeru_monitoringas/EzeruValstybinioMonitoringoDuomenys,d6cebd11-a359-4ab9-b642-6b78ad9b27ae,fdc4cc94-eb7c-4de7-8f22-e245b29bee62,,Šiaulių,Ginkūnų tvenkinys,LTL272,Ginkūnų tvenkinys,POINT (6200978 460657),2019-09-16,15.0,2.1,3.6,8.1,8.7,1.7,562.0,1.2,0.03,0.003,0.051,0.084,0.94,"<0,005",0.027,,3.26,,,,,,,,,,,,,,,,,,,,,,,,,,,,,,,,,,,,,,,,,,,,,,,,,,,,,,,,,,,,,,,,,,,,,,,,,,,,,,,,,,,,,,,,,
datasets/gov/aaa/ezeru_monitoringas/EzeruValstybinioMonitoringoDuomenys,d6ece489-a729-4d27-92af-431e5113d00b,abe7f1aa-d417-4688-9214-e341f50e3228,,Utenos RAAD,Žiezdrelis,LTL529,Ziezdrelis,,2022-09-01,21.4,<2,3.9,8.0,8.34,2.3,360.0,1.2,0.02,"<0,005",0.046,0.071,0.137,"<0,015",0.019,,5.2,,,,,,,,,,,,,,,,,,,,,,,,,,,,,,,,,,,,,,,,,,,,,,,,,,,,,,,,,,,,,,,,,,,,,,,,,,,,,,,,,,,,,,,,,
datasets/gov/aaa/ezeru_monitoringas/EzeruValstybinioMonitoringoDuomenys,d6ef0da7-0690-4b91-9c76-d4a481fda039,36226b65-68b9-4810-a875-7a396a466551,,Utenos RAAD,Siesartis,LTL348,Siesartis,,2022-08-22,23.4,<2,2.7,7.84,8.47,6.2,311.0,0.5,0.02,"<0,005",0.032,0.057,0.223,"<0,015",0.018,,3.1,,,,,,,,,,,,,,,,,,,,,,,,,,,,,,,,,,,,,,,,,,,,,,,,,,,,,,,,,,,,,,,,,,,,,,,,,,,,,,,,,,,,,,,,,
datasets/gov/aaa/ezeru_monitoringas/EzeruValstybinioMonitoringoDuomenys,d6fdf66a-853c-4bc8-91e6-b83e2593f2b6,880763b0-15d1-4bba-b9aa-77894070ddf5,,Alytaus,Stirtos,LTL517,Stirtos,POINT (5986337 485957),2018-09-19,19.2,6,3.1,90.513,8.3,3.5,374.0,2.6,0.05,0.002,0.16,0.212,1.0,0.014,0.038,,6,,,,,,,,,,,,,,,,,,,,,,,,,,,,,,,,,,,,,,,,,,,,,,,,,,,,,,,,,,,,,,,,,,,,,,,,,,,,,,,,,,,,,,,,,
datasets/gov/aaa/ezeru_monitoringas/EzeruValstybinioMonitoringoDuomenys,d701ce53-5167-4cac-be1d-c6e4155a4cc0,45e07c18-b92d-45eb-81dc-805cdbdb4ef8,,Utenos,Gėlių ežeras,LTL283,Gėlių ežeras,POINT (6129389 574264),2020-10-06,14.5,13,2.9,8.6,8.3,0.8,313.0,5.1,0.034,"<0,005",0.035,0.074,0.914,"<0,015",0.015,,55.9,,,,,,,,,,,,,,,,,,,,,,,,,,,,,,,,,,,,,,,,,,,,,,,,,,,,,,,,,,,,,,,,,,,,,,,,,,,,,,,,,,,,,,,,,
datasets/gov/aaa/ezeru_monitoringas/EzeruValstybinioMonitoringoDuomenys,d784889b-f0e9-4a51-9175-51d85e97ab32,752f270f-485b-482b-b776-1a73a525f7b1,,Utenos,Drūkšiai,LTL52,Drūkšiai,POINT (6169167 664078),2021-09-29,12.1,<2,2.7,9.1,8.3,5.7,271.0,1.4,0.04,0.003,0.04,0.083,0.54,0.024,0.032,,2.8,,,,,,,,,,,,,,,,,,,,,,,,,,,,,,,,,,,,,,,,,,,,,,,,,,,,,,,,,,,,,,,,,,,,,,,,,,,,,,,,,,,,,,,,,
datasets/gov/aaa/ezeru_monitoringas/EzeruValstybinioMonitoringoDuomenys,d79b8a84-458f-48dd-a437-569f2fc96ce6,3ceac51a-08c4-4161-a5ab-3d7012305ab2,,Alytaus,Vilkas,LTL180,Vilkas,POINT (5998679 487314),2019-10-03,13.0,6.5,3.5,9.2,8.2,3.0,330.0,3.7,0.09,0.003,0.06,0.153,1.0,0.013,0.043,,8.8,,,,,,,,,,,,,,,,,,,,,,,,,,,,,,,,,,,,,,,,,,,,,,,,,,,,,,,,,,,,,,,,,,,,,,,,,,,,,,,,,,,,,,,,,
datasets/gov/aaa/ezeru_monitoringas/EzeruValstybinioMonitoringoDuomenys,d7c6ddd8-4c96-48ce-ba65-5bbdd6010c8f,bd307154-e53e-4080-a3ee-5b378175c876,,Šiaulių,Petraičių tvenkinys,LTL545,Petraičių tvenkinys,POINT (6198329 474729),2020-07-22,20.0,44,4.6,8.3,8.1,0.4,767.0,8.4,0.052,"<0,001",0.052,0.105,1.7,0.18,0.59,,167.24,,,,,,,,,,,,,,,,,,,,,,,,,,,,,,,,,,,,,,,,,,,,,,,,,,,,,,,,,,,,,,,,,,,,,,,,,,,,,,,,,,,,,,,,,
datasets/gov/aaa/ezeru_monitoringas/EzeruValstybinioMonitoringoDuomenys,d7de5b99-d89b-4196-924f-dfeb6c22a543,02f6a591-1aec-4d8d-b406-3b110c1f3080,,Marijampolės RAAD,Stebuliškių tvenkinys,LTL542,Stebuliškių tvenkinys,,2022-07-28,20.9,7,4,7.9,8.3,1.4,865.0,4.2,0.05,0.079,2.7,2.829,3.1,0.007,0.055,,27.2,,,,,,,,,,,,,,,,,,,,,,,,,,,,,,,,,,,,,,,,,,,,,,,,,,,,,,,,,,,,,,,,,,,,,,,,,,,,,,,,,,,,,,,,,
datasets/gov/aaa/ezeru_monitoringas/EzeruValstybinioMonitoringoDuomenys,d7df0873-b28c-42c4-9296-9a0688d55af7,2c66c9ba-4756-4fc2-9ba1-c4fe1f99af61,,Utenos,Erzvėtas,LTL387,Erzvėtas,POINT (6131954 660363),2021-07-21,25.2,6.3,3.5,7.9,8.24,1.5,404.0,2.5,0.033,0.02,0.191,0.244,0.508,"<0,015","<0,015",,8.5,,,,,,,,,,,,,,,,,,,,,,,,,,,,,,,,,,,,,,,,,,,,,,,,,,,,,,,,,,,,,,,,,,,,,,,,,,,,,,,,,,,,,,,,,
datasets/gov/aaa/ezeru_monitoringas/EzeruValstybinioMonitoringoDuomenys,d7e5cc91-d872-4276-8398-0dcedeefc65c,bddeed6b-7b24-4aa4-b9ec-6078a9213c70,,Kauno,Pajiesio tvenkinys,LTL425,Pajiesio tvenkinys,POINT (6068474 494380),2017-08-16,21.9,6.9,5.3,8.5,8.46,0.9,528.0,4.7,0.015,0.003,0.077,0.095,1.1,"<0,006",0.066,,13.8,,,,,,,,,,,,,,,,,,,,,,,,,,,,,,,,,,,,,,,,,,,,,,,,,,,,,,,,,,,,,,,,,,,,,,,,,,,,,,,,,,,,,,,,,
datasets/gov/aaa/ezeru_monitoringas/EzeruValstybinioMonitoringoDuomenys,d7ed3501-8a0a-45c6-92af-888cb8f58270,d8bcf6fd-6ee0-4c78-9c6e-c6fe5360f250,,Utenos RAAD,Viešintas,LTL383,Viešintas,,2022-07-22,22.1,2.9,3.6,9.6,8.3,2.8,420.0,2.2,0.08,0.017,0.18,0.277,0.79,0.003,0.015,,6.0,,,,,,,,,,,,,,,,,,,,,,,,,,,,,,,,,,,,,,,,,,,,,,,,,,,,,,,,,,,,,,,,,,,,,,,,,,,,,,,,,,,,,,,,,
datasets/gov/aaa/ezeru_monitoringas/EzeruValstybinioMonitoringoDuomenys,d7f546c7-57c1-4881-8bb4-b0f33d6f3d26,27f5c9e7-72d0-4d7d-be2b-ae06f7dbef97,,Utenos,Zalvas,LTL523,Zalvas,POINT (6169360 632093),2020-07-29,22.5,<2,2.7,8.8,8.5,6.6,248.0,0.66,"<0,014","<0,001",0.02,0.035,0.23,"<0,002","<0,0081",,4.4,,,,,,,,,,,,,,,,,,,,,,,,,,,,,,,,,,,,,,,,,,,,,,,,,,,,,,,,,,,,,,,,,,,,,,,,,,,,,,,,,,,,,,,,,
datasets/gov/aaa/ezeru_monitoringas/EzeruValstybinioMonitoringoDuomenys,d801892c-bdec-4e5b-a4a5-e5386c876c99,9d418b66-dde0-429c-8a1c-129a7e416453,,Kauno,Janušonių tvenkinys,LTL412,Janušonių tvenkinys,POINT (6110588 490400),2017-07-24,21.8,11,4.8,10.7,8.83,0.9,513.0,5.2,0.048,0.034,1.1,1.182,2.5,"<0,006",0.054,,5.2,,,,,,,,,,,,,,,,,,,,,,,,,,,,,,,,,,,,,,,,,,,,,,,,,,,,,,,,,,,,,,,,,,,,,,,,,,,,,,,,,,,,,,,,,
datasets/gov/aaa/ezeru_monitoringas/EzeruValstybinioMonitoringoDuomenys,d80af7c6-ac9a-4bcc-bd21-e8cebbaa2ff5,e37e878c-f916-4fe2-89da-9d40894deeff,,Utenos,Šiurpys,LTL311,Šiurpys,POINT (6169946 635569),2020-10-22,10.5,<2,1.0,9.5,7.8,7.4,96.0,1.4,0.09,"<0,001",0.02,0.111,0.68,"<0,002","<0,0081",,1.6,,,,,,,,,,,,,,,,,,,,,,,,,,,,,,,,,,,,,,,,,,,,,,,,,,,,,,,,,,,,,,,,,,,,,,,,,,,,,,,,,,,,,,,,,
datasets/gov/aaa/ezeru_monitoringas/EzeruValstybinioMonitoringoDuomenys,d80c3484-58db-4829-b578-5e2751b84533,59e661cd-b13e-4e6e-aadf-8e4d79984d7f,,Utenos,Alnis,LTL65,Alnis,POINT (6127535 606156),2018-07-11,21.1,<2,1.8,107.71,9.5,5.2,159.0,0.73,"<0,014","<0,001",0.02,0.035,0.39,0.002,"<0,0083",,2.5,,,,,,,,,,,,,,,,,,,,,,,,,,,,,,,,,,,,,,,,,,,,,,,,,,,,,,,,,,,,,,,,,,,,,,,,,,,,,,,,,,,,,,,,,
datasets/gov/aaa/ezeru_monitoringas/EzeruValstybinioMonitoringoDuomenys,d80d1861-2576-442f-9909-15c8b2a44324,fbf5b2b8-749a-49ee-af44-eb3a343d9a5a,,Vilniaus,Siesikų ež.,LTL280,Siesikų ežeras,POINT (6128720 534426),2019-07-29,23.1,6.1,3.9,8.59,8.17,1.2,465.0,0.6,"<0,015",0.007,0.05,0.072,0.094,"<0,015",0.015,,8.5,,,,,,,,,,,,,,,,,,,,,,,,,,,,,,,,,,,,,,,,,,,,,,,,,,,,,,,,,,,,,,,,,,,,,,,,,,,,,,,,,,,,,,,,,
datasets/gov/aaa/ezeru_monitoringas/EzeruValstybinioMonitoringoDuomenys,d80e99ee-5455-4430-b585-ad2262979873,3abe51de-fdf4-425f-90b0-48e41766dd46,,Utenos,Bebrusai,LTL345,Bebrusai,POINT (6118115 593491),2020-08-19,22.1,2.9,3.3,9.3,8.84,2.0,356.0,1.7,"<0,015","<0,005",0.084,0.104,0.155,"<0,015","<0,015",,5.2,,,,,,,,,,,,,,,,,,,,,,,,,,,,,,,,,,,,,,,,,,,,,,,,,,,,,,,,,,,,,,,,,,,,,,,,,,,,,,,,,,,,,,,,,
datasets/gov/aaa/ezeru_monitoringas/EzeruValstybinioMonitoringoDuomenys,d845a55c-25e3-4780-be21-6a1cccfb953b,860b9d31-ebef-484d-acce-4a448d54253c,,Šiaulių,Ilgis,LTL204,Ilgis,POINT (6210196 364291),2018-11-05,7.0,<2,1.6,,9.1,2.2,153.0,1.8,0.025,0.004,0.024,0.053,0.73,"<0,005",0.031,,3.62,,,,,,,,,,,,,,,,,,,,,,,,,,,,,,,,,,,,,,,,,,,,,,,,,,,,,,,,,,,,,,,,,,,,,,,,,,,,,,,,,,,,,,,,,
datasets/gov/aaa/ezeru_monitoringas/EzeruValstybinioMonitoringoDuomenys,d84be100-e77e-4a36-ac9c-f9b901b5554f,b5083014-784d-44d9-a179-5fcb9c18b366,,Panevėžio RAAD,Juodis,LTL541,Juodis,,2022-07-12,18.6,2.9,2.5,10.6,7.98,1.0,328.0,3.3,0.087,0.02,1.5,1.607,2.26,"<0,015",0.03,,13.9,,,,,,,,,,,,,,,,,,,,,,,,,,,,,,,,,,,,,,,,,,,,,,,,,,,,,,,,,,,,,,,,,,,,,,,,,,,,,,,,,,,,,,,,,
datasets/gov/aaa/ezeru_monitoringas/EzeruValstybinioMonitoringoDuomenys,d8a4be8e-13e0-4a59-8dbb-9aefe203050c,23678bc4-609e-4089-8be6-47a66d9095e0,,Šiaulių,Tausalas,LTL206,Tausalas,POINT (6213325 393517),2020-04-27,13.0,4.3,3.3,8.7,8.7,1.3,291.0,3.4,0.04,0.012,0.48,0.532,1.3,"<0,005",0.036,,7.89,,,,,,,,,,,,,,,,,,,,,,,,,,,,,,,,,,,,,,,,,,,,,,,,,,,,,,,,,,,,,,,,,,,,,,,,,,,,,,,,,,,,,,,,,
datasets/gov/aaa/ezeru_monitoringas/EzeruValstybinioMonitoringoDuomenys,d8a84402-fbca-43ae-98dd-00f506d985ab,895b2f1b-da3a-44d8-a498-c10596532e2a,,Šiaulių,Alsėdžių ežeras,LTL258,Alsėdžių ežeras,POINT (6207315 379242),2017-08-30,17.0,6.6,3.5,5.5,9.0,1.8,402.0,1.6,"<0,008",0.002,"<0,003",0.013,0.73,0.006,0.034,,7.1,,,,,,,,,,,,,,,,,,,,,,,,,,,,,,,,,,,,,,,,,,,,,,,,,,,,,,,,,,,,,,,,,,,,,,,,,,,,,,,,,,,,,,,,,
datasets/gov/aaa/ezeru_monitoringas/EzeruValstybinioMonitoringoDuomenys,d8c56fde-c642-4381-8eff-c9b3c9764808,92274a7f-9d10-4216-97f2-dd4c1f2c0bf6,,Alytaus RAAD,Prapuntas,LTL391,Prapuntas,,2022-07-27,22.9,4.5,3.3,9.8,8.5,3.9,360.0,2.2,0.04,0.002,0.09,0.132,0.45,"<0,007",0.018,,4.4,,,,,,,,,,,,,,,,,,,,,,,,,,,,,,,,,,,,,,,,,,,,,,,,,,,,,,,,,,,,,,,,,,,,,,,,,,,,,,,,,,,,,,,,,
datasets/gov/aaa/ezeru_monitoringas/EzeruValstybinioMonitoringoDuomenys,d8d43287-12ee-4d55-8c8e-4885d4096326,0bffde0a-4a61-4109-b661-d134b0b43fcf,,Šiaulių,Sablauskių tvenkinys,LTL271,Sablauskių tvenkinys,POINT (6236793 430028),2017-07-24,21.0,4.5,6,5.6,9.0,1.2,705.0,8.0,"<0,008",0.002,"<0,003",0.013,1.3,"<0,005",0.039,,67.3,,,,,,,,,,,,,,,,,,,,,,,,,,,,,,,,,,,,,,,,,,,,,,,,,,,,,,,,,,,,,,,,,,,,,,,,,,,,,,,,,,,,,,,,,
datasets/gov/aaa/ezeru_monitoringas/EzeruValstybinioMonitoringoDuomenys,d8d919fa-17a2-4773-b46e-b7faca663e55,f9cd5532-660b-483f-9600-7cdc2e27e787,,Vilniaus,Ilgės,LTL135,Ilgės,POINT (6071412 538048),2020-08-12,22.5,5.9,3.4,8.7,8.31,1.0,384.0,3.7,0.018,"<0,005",0.025,0.048,0.108,"<0,015",0.051,,24.9,,,,,,,,,,,,,,,,,,,,,,,,,,,,,,,,,,,,,,,,,,,,,,,,,,,,,,,,,,,,,,,,,,,,,,,,,,,,,,,,,,,,,,,,,
datasets/gov/aaa/ezeru_monitoringas/EzeruValstybinioMonitoringoDuomenys,d8da8191-75c2-4c8f-99ad-9be93046545c,d4fba8c0-b30d-40d3-8bf5-56aa551b82de,,Alytaus,Snaigynas,LTL252,Snaigynas,POINT (5994866 482623),2021-05-11,10.4,2.5,2.0,11.7,8.5,4.6,271.0,2.8,0.03,0.002,0.07,0.102,0.58,0.007,0.055,,3.2,,,,,,,,,,,,,,,,,,,,,,,,,,,,,,,,,,,,,,,,,,,,,,,,,,,,,,,,,,,,,,,,,,,,,,,,,,,,,,,,,,,,,,,,,
datasets/gov/aaa/ezeru_monitoringas/EzeruValstybinioMonitoringoDuomenys,d8e78b34-7a4a-4c81-a9da-ae86bb741d66,d055b569-f6d4-4036-a87c-077bcfd891bd,,Utenos,Žvernas,LTL357,Žvernas,POINT (6104640 596627),2020-08-11,23.3,3,3.0,9.1,8.63,1.2,301.0,1.1,"<0,015","<0,005",0.028,0.048,0.137,"<0,015","<0,015",,3.8,,,,,,,,,,,,,,,,,,,,,,,,,,,,,,,,,,,,,,,,,,,,,,,,,,,,,,,,,,,,,,,,,,,,,,,,,,,,,,,,,,,,,,,,,
datasets/gov/aaa/ezeru_monitoringas/EzeruValstybinioMonitoringoDuomenys,d8ece593-0268-49e7-b590-cf7e929c14b5,7b58b3f5-18a2-4a95-a2e3-1c9098d7364f,,Utenos,Šiurpys,LTL311,Šiurpys,POINT (6169946 635569),2021-10-14,10.0,<2,1.1,9.6,8.0,8.4,93.0,0.64,0.11,"<0,001",0.03,0.141,0.57,0.002,"<0,0081",,3.26,,,,,,,,,,,,,,,,,,,,,,,,,,,,,,,,,,,,,,,,,,,,,,,,,,,,,,,,,,,,,,,,,,,,,,,,,,,,,,,,,,,,,,,,,
datasets/gov/aaa/ezeru_monitoringas/EzeruValstybinioMonitoringoDuomenys,d8f5c46c-12a2-4643-b8a7-4198b4688474,06c1dc98-054c-441f-bbb2-c2000450b6e8,,Utenos,Čičirys,LTL222,Čičirys,POINT (6187704 628556),2017-05-03,7.6,"<1,7",3.2,12.8,8.4,4.4,310.0,2.1,"<0,014",0.002,0.1,0.116,0.54,"<0,002",0.011,,27.2,,,,,,,,,,,,,,,,,,,,,,,,,,,,,,,,,,,,,,,,,,,,,,,,,,,,,,,,,,,,,,,,,,,,,,,,,,,,,,,,,,,,,,,,,
datasets/gov/aaa/ezeru_monitoringas/EzeruValstybinioMonitoringoDuomenys,d91c2efb-e9ac-48c8-b0c6-4a2a28f9126d,a64af93a-e8ea-477e-8ae4-0d35f3f6f20c,,Alytaus,Varėnos m. I tvenkinys,LTL538,Varėnos m. I tvenkinys,POINT (6010118 537245),2017-09-26,15.5,6,2.1,11.3,8.6,1.9,316.0,4.7,0.03,0.001,0.05,0.081,0.3,0.009,0.069,,54.5,,,,,,,,,,,,,,,,,,,,,,,,,,,,,,,,,,,,,,,,,,,,,,,,,,,,,,,,,,,,,,,,,,,,,,,,,,,,,,,,,,,,,,,,,
datasets/gov/aaa/ezeru_monitoringas/EzeruValstybinioMonitoringoDuomenys,d944a27d-fe35-4f99-a7d0-010cc94e8cf2,b80d34f1-f01d-4846-987d-d76a0663b928,,Utenos,Pakasas,LTL321,Pakasas,POINT (6140371 623596),2019-09-26,13.3,<2,3.7,7.2,8.3,5.2,367.0,0.97,"<0,014","<0,001",0.02,0.035,0.33,0.003,0.014,,10.7,,,,,,,,,,,,,,,,,,,,,,,,,,,,,,,,,,,,,,,,,,,,,,,,,,,,,,,,,,,,,,,,,,,,,,,,,,,,,,,,,,,,,,,,,
datasets/gov/aaa/ezeru_monitoringas/EzeruValstybinioMonitoringoDuomenys,d9682cfa-75b3-4845-81e6-eec08708d79f,d8742c8d-a660-4682-8a86-19277a497eb0,,Vilniaus RAAD,Mažasai Siaurys,LTL352,Mažasai Siaurys,,2022-10-13,10.7,<2,0.6,9.82,7.99,5.3,76.0,2.1,0.13,"<0,005",0.062,0.197,1.12,"<0,015","<0,015",,2.6,,,,,,,,,,,,,,,,,,,,,,,,,,,,,,,,,,,,,,,,,,,,,,,,,,,,,,,,,,,,,,,,,,,,,,,,,,,,,,,,,,,,,,,,,
datasets/gov/aaa/ezeru_monitoringas/EzeruValstybinioMonitoringoDuomenys,d96a9514-331d-4a87-9349-f31bea86803b,cc34e206-8adb-4f76-908c-da5b9207d62f,,Utenos,Pravalas(Vidugiris),LTL354,Pravalas,POINT (6107581 610998),2019-10-08,7.8,28,2.4,9.3,8.49,0.6,241.0,4.7,0.118,0.01,0.084,0.212,0.9,"<0,015",0.023,,63.0,,,,,,,,,,,,,,,,,,,,,,,,,,,,,,,,,,,,,,,,,,,,,,,,,,,,,,,,,,,,,,,,,,,,,,,,,,,,,,,,,,,,,,,,,
datasets/gov/aaa/ezeru_monitoringas/EzeruValstybinioMonitoringoDuomenys,d991b493-9e77-488a-9307-331c74161ebc,4413580c-6b14-490d-ba1b-1fbdd34c9076,,Alytaus,Didžiulis,LTL197,Didžiulis,POINT (6022712 523178),2021-05-27,13.5,3.5,3.1,12.2,8.8,3.2,350.0,2.5,0.05,0.02,0.04,0.11,0.72,"<0,007",0.044,,7.9,,,,,,,,,,,,,,,,,,,,,,,,,,,,,,,,,,,,,,,,,,,,,,,,,,,,,,,,,,,,,,,,,,,,,,,,,,,,,,,,,,,,,,,,,
datasets/gov/aaa/ezeru_monitoringas/EzeruValstybinioMonitoringoDuomenys,d9a8a756-bb78-4a1f-a495-acade2ffdccf,10e85497-15da-473d-8c50-49715f28fdaa,,Utenos,Šventas,LTL39,Šventas,POINT (6166706 644760),2018-07-10,20.1,<2,1.0,103.333,9.4,6.2,89.0,1.1,"<0,014",0.002,0.02,0.036,0.57,0.002,"<0,0083",,2.2,,,,,,,,,,,,,,,,,,,,,,,,,,,,,,,,,,,,,,,,,,,,,,,,,,,,,,,,,,,,,,,,,,,,,,,,,,,,,,,,,,,,,,,,,
datasets/gov/aaa/ezeru_monitoringas/EzeruValstybinioMonitoringoDuomenys,d9d11d4b-7fc9-4ba0-960d-97669b32ee69,3eabd399-9cae-4bbc-a846-1cce2685b45f,,Utenos RAAD,Šiurpys,LTL311,Šiurpys,,2022-07-18,20.7,<2,1,9.3,8.7,7.0,108.0,0.77,0.02,"<0,001",0.02,0.041,0.34,"<0,002","<0,0081",,1.9,,,,,,,,,,,,,,,,,,,,,,,,,,,,,,,,,,,,,,,,,,,,,,,,,,,,,,,,,,,,,,,,,,,,,,,,,,,,,,,,,,,,,,,,,
datasets/gov/aaa/ezeru_monitoringas/EzeruValstybinioMonitoringoDuomenys,d9dc3458-4391-4156-b3d6-7643f6e44c97,6129e832-00b9-41e5-8a41-c060bfcd4011,,Panevėžio,Notigalė,LTL147,Notigalė,POINT (6201907 581493),2017-09-28,13.3,2.8,"<0,049",8.1,5.8,1.1,28.0,1.5,0.03,0.002,0.24,0.272,0.34,0.024,0.045,,15.8,,,,,,,,,,,,,,,,,,,,,,,,,,,,,,,,,,,,,,,,,,,,,,,,,,,,,,,,,,,,,,,,,,,,,,,,,,,,,,,,,,,,,,,,,
datasets/gov/aaa/ezeru_monitoringas/EzeruValstybinioMonitoringoDuomenys,d9eaca10-de57-41d2-b928-e0f5b318291d,b410d808-6c75-4d69-945d-0c3f4332323c,,Vilniaus,Ilgajis,LTL279,Ilgajis,POINT (6130564 536518),2017-10-03,12.2,3.4,4.5,10.3,8.39,0.9,454.0,4.5,0.134,0.026,1.03,1.19,1.57,"<0,014",0.029,,8.2,,,,,,,,,,,,,,,,,,,,,,,,,,,,,,,,,,,,,,,,,,,,,,,,,,,,,,,,,,,,,,,,,,,,,,,,,,,,,,,,,,,,,,,,,
datasets/gov/aaa/ezeru_monitoringas/EzeruValstybinioMonitoringoDuomenys,da176c2b-13d3-49eb-8e0f-975194b64dc0,070f6b4b-69ef-4c14-9f13-85da822c0514,,Panevėžio RAAD,Skaistė,LTL385,Skaistė,,2022-05-24,16.8,<2,3.9,10.9,8.4,4.1,366.0,1.9,"<0,014","<0,001",0.06,0.075,0.58,0.002,0.021,,9.3,,,,,,,,,,,,,,,,,,,,,,,,,,,,,,,,,,,,,,,,,,,,,,,,,,,,,,,,,,,,,,,,,,,,,,,,,,,,,,,,,,,,,,,,,
datasets/gov/aaa/ezeru_monitoringas/EzeruValstybinioMonitoringoDuomenys,da193088-a77a-410e-b889-523ec44ad034,4f4e880d-7b05-41c8-b139-303e276362f3,,Panevėžio,Dviragis,LTL148,Dviragis,POINT (6186832 586537),2017-09-28,14.1,11,4.6,9.9,8.8,1.2,398.0,3.3,0.03,0.014,0.35,0.394,1.4,0.006,0.02,,25.8,,,,,,,,,,,,,,,,,,,,,,,,,,,,,,,,,,,,,,,,,,,,,,,,,,,,,,,,,,,,,,,,,,,,,,,,,,,,,,,,,,,,,,,,,
datasets/gov/aaa/ezeru_monitoringas/EzeruValstybinioMonitoringoDuomenys,da26c766-2ba0-4c33-a7da-1e841979be14,e1b1eb16-cb19-46a2-aab6-37ee409f2b0e,,Vilniaus RAAD,Galvė,LTL168,Galvė,,2022-08-23,24.0,<2,2.1,8.72,8.41,7.2,317.0,0.5,"<0,02",0.005,0.017,0.042,0.158,"<0,015","<0,015",,2.3,,,,,,,,,,,,,,,,,,,,,,,,,,,,,,,,,,,,,,,,,,,,,,,,,,,,,,,,,,,,,,,,,,,,,,,,,,,,,,,,,,,,,,,,,
datasets/gov/aaa/ezeru_monitoringas/EzeruValstybinioMonitoringoDuomenys,da39819a-dcb3-4df8-90aa-5727baaf21fc,5e0ac8a8-66c5-49b9-a228-c7988fe52653,,Vilniaus,Ilgajis,LTL279,Ilgajis,POINT (6130564 536518),2019-07-29,23.1,5.9,3.0,12.25,8.3,0.7,303.0,3.4,0.018,"<0,005",0.039,0.062,0.083,0.015,0.018,,44.0,,,,,,,,,,,,,,,,,,,,,,,,,,,,,,,,,,,,,,,,,,,,,,,,,,,,,,,,,,,,,,,,,,,,,,,,,,,,,,,,,,,,,,,,,
datasets/gov/aaa/ezeru_monitoringas/EzeruValstybinioMonitoringoDuomenys,da6c5c87-4e9e-478a-bef9-cc88c8bde0a8,e65e52c4-9fd8-403f-8cd8-c728d1b002ad,,Vilniaus,Šiemetis,LTL155,Šiemetis,POINT (6066270 556021),2018-05-02,15.5,<2,3.6,,8.53,5.6,340.0,2.5,0.047,"<0,004",0.048,0.099,0.284,"<0,014","<0,014",,2.12,,,,,,,,,,,,,,,,,,,,,,,,,,,,,,,,,,,,,,,,,,,,,,,,,,,,,,,,,,,,,,,,,,,,,,,,,,,,,,,,,,,,,,,,,
datasets/gov/aaa/ezeru_monitoringas/EzeruValstybinioMonitoringoDuomenys,da71afe6-2843-4bf5-903a-5a25ab07eeb7,36b73aec-9d32-47f5-ad1c-8880c15f78bc,,Vilniaus,Kretuonas,LTL219,Kretuonas,POINT (6126320 633146),2018-07-24,23.0,2,3.0,104.706,8.61,1.8,329.0,1.1,0.018,"<0,004",0.039,0.061,0.356,"<0,014",0.017,,6.4,,,,,,,,,,,,,,,,,,,,,,,,,,,,,,,,,,,,,,,,,,,,,,,,,,,,,,,,,,,,,,,,,,,,,,,,,,,,,,,,,,,,,,,,,
datasets/gov/aaa/ezeru_monitoringas/EzeruValstybinioMonitoringoDuomenys,db00f215-168e-4f0b-83ee-7025e7eb5c63,ad663f87-dccb-4109-812b-cfa544a7f89e,,Alytaus,Atesys,LTL248,Atesys,POINT (6026979 481767),2019-09-27,13.8,6,2.7,8.6,8.3,2.1,562.0,4.2,0.05,0.01,0.2,0.26,1.1,0.02,0.074,,7.0,,,,,,,,,,,,,,,,,,,,,,,,,,,,,,,,,,,,,,,,,,,,,,,,,,,,,,,,,,,,,,,,,,,,,,,,,,,,,,,,,,,,,,,,,
datasets/gov/aaa/ezeru_monitoringas/EzeruValstybinioMonitoringoDuomenys,db9b15e5-a53c-4e18-8b9a-aaca425b9165,f4ec212c-1ea0-46f0-a96e-7737c5a96edd,,Alytaus,Metelys,LTL236,Metelys,POINT (6017659 485553),2021-07-23,23.8,4,3.1,8.3,8.5,5.4,318.0,2.2,0.04,0.002,0.18,0.222,0.98,0.009,0.035,,4.0,,,,,,,,,,,,,,,,,,,,,,,,,,,,,,,,,,,,,,,,,,,,,,,,,,,,,,,,,,,,,,,,,,,,,,,,,,,,,,,,,,,,,,,,,
datasets/gov/aaa/ezeru_monitoringas/EzeruValstybinioMonitoringoDuomenys,dbc75ffa-48e6-4c73-9c95-11e752d0efda,687befd8-3b47-407d-9046-91b662157fc7,,Utenos,Kumpuolis,LTL301,Kumpuolis,POINT (6174400 627317),2019-05-15,13.7,<2,3.8,11.4,8.7,3.2,357.0,1.9,0.02,"<0,001",0.07,0.091,0.39,0.005,0.011,,6.9,,,,,,,,,,,,,,,,,,,,,,,,,,,,,,,,,,,,,,,,,,,,,,,,,,,,,,,,,,,,,,,,,,,,,,,,,,,,,,,,,,,,,,,,,
datasets/gov/aaa/ezeru_monitoringas/EzeruValstybinioMonitoringoDuomenys,dbd231d3-299c-4a89-97d9-5545c7f54e81,4eeba598-2de3-4a4b-a3de-85cb03e79ebc,,Utenos RAAD,Šiurpys,LTL311,Šiurpys,,2022-06-13,21.2,<2,1,10.2,8.5,7.3,108.0,1.2,0.05,0.002,0.03,0.082,0.1,0.003,"<0,0081",,1.3,,,,,,,,,,,,,,,,,,,,,,,,,,,,,,,,,,,,,,,,,,,,,,,,,,,,,,,,,,,,,,,,,,,,,,,,,,,,,,,,,,,,,,,,,
datasets/gov/aaa/ezeru_monitoringas/EzeruValstybinioMonitoringoDuomenys,dbdebfc9-5918-47c5-8a1b-99107fbac14e,fdd16c71-687d-4620-b3fb-e594e1171ea6,,Utenos,Stirniai,LTL343,Stirniai,POINT (6124518 605749),2020-08-11,22.6,<2,2.5,9.0,8.5,6.1,224.0,1.3,"<0,014","<0,001",0.03,0.045,0.34,"<0,002",0.0083,,2.4,,,,,,,,,,,,,,,,,,,,,,,,,,,,,,,,,,,,,,,,,,,,,,,,,,,,,,,,,,,,,,,,,,,,,,,,,,,,,,,,,,,,,,,,,
datasets/gov/aaa/ezeru_monitoringas/EzeruValstybinioMonitoringoDuomenys,dc369e50-37b4-4927-b46c-77e957b16003,f19cf97a-0c71-4913-bc6d-55a503a212c9,,Utenos,Samavas,LTL309,Samavas,POINT (6170134 639523),2018-10-10,11.8,<2,3.2,100.0,8.4,5,306.0,1.6,0.05,0.002,0.05,0.102,0.33,0.005,0.019,,"<0,6",,,,,,,,,,,,,,,,,,,,,,,,,,,,,,,,,,,,,,,,,,,,,,,,,,,,,,,,,,,,,,,,,,,,,,,,,,,,,,,,,,,,,,,,,
datasets/gov/aaa/ezeru_monitoringas/EzeruValstybinioMonitoringoDuomenys,dc64960c-36f3-4183-84eb-86859bcbedcf,db1b7480-e44d-443c-8294-7de698e7ea8a,,Utenos,Šiurpys,LTL311,Šiurpys,POINT (6169946 635569),2020-04-27,9.0,<2,0.93,12.2,8.2,6.8,111.0,1.7,0.12,0.003,0.05,0.173,0.54,"<0,002","<0,0081",,1.0,,,,,,,,,,,,,,,,,,,,,,,,,,,,,,,,,,,,,,,,,,,,,,,,,,,,,,,,,,,,,,,,,,,,,,,,,,,,,,,,,,,,,,,,,
datasets/gov/aaa/ezeru_monitoringas/EzeruValstybinioMonitoringoDuomenys,dc665c68-d9b6-4479-94b5-d9a32a547511,edc19ebe-4281-4d48-aced-919551874088,,Šiaulių,Platelių ežeras,LTL34,Plateliai,POINT (6214390 366955),2019-10-24,11.0,"<1,6",1.7,8.2,7.8,6.5,250.0,0.66,0.033,0.002,0.027,0.062,0.57,"<0,005",0.014,,2.89,,,,,,,,,,,,,,,,,,,,,,,,,,,,,,,,,,,,,,,,,,,,,,,,,,,,,,,,,,,,,,,,,,,,,,,,,,,,,,,,,,,,,,,,,
datasets/gov/aaa/ezeru_monitoringas/EzeruValstybinioMonitoringoDuomenys,dc7f895e-8a65-49a1-b6f7-55542c7b0081,804da7e2-bf02-422c-9493-170f64e78bec,,Utenos RAAD,Alnis,LTL65,Alnis,,2022-09-08,18.4,<2,1.7,9.4,8.5,7.1,180.0,0.84,0.02,"<0,001",0.01,0.031,0.26,0.002,"<0,0081",,2.0,,,,,,,,,,,,,,,,,,,,,,,,,,,,,,,,,,,,,,,,,,,,,,,,,,,,,,,,,,,,,,,,,,,,,,,,,,,,,,,,,,,,,,,,,
datasets/gov/aaa/ezeru_monitoringas/EzeruValstybinioMonitoringoDuomenys,dca9f55e-4899-4be5-abc1-ea2659893b87,a56ea281-2a7d-469d-9fb0-9e0c6797c539,,Utenos,Gavys,LTL443,Gavys,POINT (6134669 635421),2018-10-03,12.9,3.6,2.0,98.859,8.6,3.5,351.0,0.54,0.02,"<0,001",0.02,0.041,0.2,"<0,002",0.018,,11.7,,,,,,,,,,,,,,,,,,,,,,,,,,,,,,,,,,,,,,,,,,,,,,,,,,,,,,,,,,,,,,,,,,,,,,,,,,,,,,,,,,,,,,,,,
datasets/gov/aaa/ezeru_monitoringas/EzeruValstybinioMonitoringoDuomenys,dcc0db9f-4a2d-48da-8d8f-d62aa62f1f31,806a754d-f05f-4da2-a7bb-4b753023aebd,,Utenos,Alnis,LTL65,Alnis,POINT (6127535 606156),2021-09-13,17.8,<2,1.7,10.6,8.7,5.8,137.0,0.82,"<0,014","<0,001",0.02,0.035,0.37,0.003,0.009,,3.55,,,,,,,,,,,,,,,,,,,,,,,,,,,,,,,,,,,,,,,,,,,,,,,,,,,,,,,,,,,,,,,,,,,,,,,,,,,,,,,,,,,,,,,,,
datasets/gov/aaa/ezeru_monitoringas/EzeruValstybinioMonitoringoDuomenys,dce5c8eb-2fb8-44c5-9331-2f6d9aa81810,5bf4c8a2-7a05-4ba1-b610-0f65e5af3011,,Utenos,Imbradas,LTL441,Imbradas,POINT (6183472 633197),2020-08-27,20.1,6.8,3.3,8.6,8.4,1.8,323.0,2.8,"<0,014","<0,001",0.05,0.065,0.69,0.002,0.023,,15.1,,,,,,,,,,,,,,,,,,,,,,,,,,,,,,,,,,,,,,,,,,,,,,,,,,,,,,,,,,,,,,,,,,,,,,,,,,,,,,,,,,,,,,,,,
datasets/gov/aaa/ezeru_monitoringas/EzeruValstybinioMonitoringoDuomenys,dd1940dc-0682-4092-bedd-41cb5ddd2db0,3634fbef-54e4-4296-bf3e-2f1f174eb663,,Alytaus,Latežeris,LTL513,Latežeris,POINT (5982569 506877),2017-05-23,19.2,4,1.9,8.0,8.2,2.4,264.0,5.2,0.05,0.005,0.06,0.115,0.7,0.014,0.046,,30.5,,,,,,,,,,,,,,,,,,,,,,,,,,,,,,,,,,,,,,,,,,,,,,,,,,,,,,,,,,,,,,,,,,,,,,,,,,,,,,,,,,,,,,,,,
datasets/gov/aaa/ezeru_monitoringas/EzeruValstybinioMonitoringoDuomenys,dd2a1dcf-e8ae-4530-9dca-5a417464edb6,dec1806e-d97d-4cef-aa8d-8c14e602a769,,Alytaus RAAD,Pabezninkų ežeras,LTL375,Pabezninkų ež.,,2022-09-22,13.2,2,2.1,7.9,5.9,0.4,49.0,2.5,0.07,0.025,0.18,0.275,0.51,0.013,0.057,,1.1,,,,,,,,,,,,,,,,,,,,,,,,,,,,,,,,,,,,,,,,,,,,,,,,,,,,,,,,,,,,,,,,,,,,,,,,,,,,,,,,,,,,,,,,,
datasets/gov/aaa/ezeru_monitoringas/EzeruValstybinioMonitoringoDuomenys,dd353f2e-e2d2-4ccc-80a3-fe432f06214e,f1af4b4b-ed25-48cb-b57f-14ee84d7936d,,Alytaus,Zapsys,LTL241,Zapsys,POINT (5998028 471189),2017-09-20,15.8,4.5,2.1,8.5,8.2,2.2,411.0,3.4,0.06,0.006,0.04,0.106,0.8,0.018,0.078,,20.13,,,,,,,,,,,,,,,,,,,,,,,,,,,,,,,,,,,,,,,,,,,,,,,,,,,,,,,,,,,,,,,,,,,,,,,,,,,,,,,,,,,,,,,,,
datasets/gov/aaa/ezeru_monitoringas/EzeruValstybinioMonitoringoDuomenys,dd3a6cf4-03c8-4bf2-ad17-794e824e21ba,8754d4f9-75b3-435b-aafc-caf91505d5d3,,Utenos,Šiurpys,LTL311,Šiurpys,POINT (6169946 635569),2018-08-09,25.2,<2,1.0,120.393,9.1,7,89.0,1.1,0.02,"<0,001",0.02,0.041,0.27,0.002,"<0,0083",,1.4,,,,,,,,,,,,,,,,,,,,,,,,,,,,,,,,,,,,,,,,,,,,,,,,,,,,,,,,,,,,,,,,,,,,,,,,,,,,,,,,,,,,,,,,,
datasets/gov/aaa/ezeru_monitoringas/EzeruValstybinioMonitoringoDuomenys,dd91aeea-a86f-44e9-985e-5ef1c48c8c70,d72586c0-3c61-4c9c-ba01-3c0f1e37093a,,Vilniaus,Baltas,LTL338,Baltas,POINT (6126393 617851),2021-09-23,13.2,<2,2.6,8.1,8.16,5.1,297.0,1.1,"<0,02","<0,005",0.04,0.065,0.284,"<0,015",0.024,,4.14,,,,,,,,,,,,,,,,,,,,,,,,,,,,,,,,,,,,,,,,,,,,,,,,,,,,,,,,,,,,,,,,,,,,,,,,,,,,,,,,,,,,,,,,,
datasets/gov/aaa/ezeru_monitoringas/EzeruValstybinioMonitoringoDuomenys,dda77a7b-4ec5-4641-a23f-b4892551e728,16fd7479-7bcb-413f-a5d1-c5fdbb061c91,,Šiaulių,Ilgis,LTL204,Ilgis,POINT (6210196 364291),2021-07-28,25.0,"<1,4",1.9,6.0,8.0,2.2,159.0,0.72,0.02,"<0,001",0.009,0.03,0.55,"<0,006",0.02,,3.11,,,,,,,,,,,,,,,,,,,,,,,,,,,,,,,,,,,,,,,,,,,,,,,,,,,,,,,,,,,,,,,,,,,,,,,,,,,,,,,,,,,,,,,,,
datasets/gov/aaa/ezeru_monitoringas/EzeruValstybinioMonitoringoDuomenys,ddc65f7f-6ee0-4871-9db9-65436c096df8,03056a48-3acb-455a-a691-ba807b8eafc5,,Šiaulių,Platelių ežeras,LTL34,Plateliai,POINT (6214390 366955),2019-06-19,22.0,<2,1.9,6.9,7.3,6.3,181.0,2.3,"<0,005","<0,001",0.004,0.01,0.59,"<0,005",0.015,,2.54,,,,,,,,,,,,,,,,,,,,,,,,,,,,,,,,,,,,,,,,,,,,,,,,,,,,,,,,,,,,,,,,,,,,,,,,,,,,,,,,,,,,,,,,,
datasets/gov/aaa/ezeru_monitoringas/EzeruValstybinioMonitoringoDuomenys,ddcf5cb8-d5d3-47e9-b651-e7e8aad46bc4,a13862ef-e0f3-4f32-8b9c-b2e71207aa87,,Alytaus,Gudelių ežeras,LTL253,Gudelių ež.,POINT (6030044 491260),2020-05-28,19.5,2.5,3.4,13.7,8.9,1.8,397.0,4.1,0.02,0.001,0.06,0.8,0.081,0.007,0.079,,7.4,,,,,,,,,,,,,,,,,,,,,,,,,,,,,,,,,,,,,,,,,,,,,,,,,,,,,,,,,,,,,,,,,,,,,,,,,,,,,,,,,,,,,,,,,
datasets/gov/aaa/ezeru_monitoringas/EzeruValstybinioMonitoringoDuomenys,ddd5c76b-fc52-4540-aa5b-3e30ea311e6f,eddc7b16-dd5f-43f3-87b7-3fc6f0e12860,,Alytaus,Rimietis,LTL254,Rimietis,POINT (6018075 468017),2020-08-26,21.2,9.5,3.4,5.9,8.1,0.9,531.0,5.3,0.05,0.006,0.16,0.9,0.216,0.011,0.064,,69.9,,,,,,,,,,,,,,,,,,,,,,,,,,,,,,,,,,,,,,,,,,,,,,,,,,,,,,,,,,,,,,,,,,,,,,,,,,,,,,,,,,,,,,,,,
datasets/gov/aaa/ezeru_monitoringas/EzeruValstybinioMonitoringoDuomenys,de07341f-a852-4a1b-b29a-270dfedc815f,b10319f7-caf8-49eb-ace6-a4f4bd12f181,,Šiaulių,Vaitiekūnų tvenkinys,LTL408,Vaitiekūnų tvenkinys,POINT (6150901 477949),2020-04-22,10.0,"<1,6",4.8,9.3,8.8,1.8,685.0,2.8,0.035,0.024,7.6,7.659,9.2,"<0,005",0.027,,4.64,,,,,,,,,,,,,,,,,,,,,,,,,,,,,,,,,,,,,,,,,,,,,,,,,,,,,,,,,,,,,,,,,,,,,,,,,,,,,,,,,,,,,,,,,
datasets/gov/aaa/ezeru_monitoringas/EzeruValstybinioMonitoringoDuomenys,de25bd27-cf7a-4f08-baac-b12600853c4f,3154c485-fd1f-471c-97c5-e833e2c22e1d,,Vilniaus RAAD,Žeimenys,LTL445,Žeimenys,,2022-09-29,13.5,<2,2.9,8.6,8.26,4.4,317.0,1.2,"<0,02","<0,005",0.038,0.063,0.536,"<0,015","<0,015",,9.4,,,,,,,,,,,,,,,,,,,,,,,,,,,,,,,,,,,,,,,,,,,,,,,,,,,,,,,,,,,,,,,,,,,,,,,,,,,,,,,,,,,,,,,,,
datasets/gov/aaa/ezeru_monitoringas/EzeruValstybinioMonitoringoDuomenys,de357ccd-ae56-417c-8a7e-f047e3fa1ed9,ef90bc99-ac22-46c7-93a0-229cc9b0cf6e,,Vilniaus,Antakmenių ežeras,LTL115,Antakmenių ežeras,POINT (6052356 536423),2019-07-25,22.9,5,3.4,9.1,8.6,2.3,302.0,3.4,0.06,0.007,0.08,0.147,0.5,0.018,0.043,,6.1,,,,,,,,,,,,,,,,,,,,,,,,,,,,,,,,,,,,,,,,,,,,,,,,,,,,,,,,,,,,,,,,,,,,,,,,,,,,,,,,,,,,,,,,,
datasets/gov/aaa/ezeru_monitoringas/EzeruValstybinioMonitoringoDuomenys,de4311b1-8c87-4073-96db-c4896a34193b,b30d4050-359c-4c92-a1db-ffdce8e0c86a,,Šiaulių,Tausalas,LTL206,Tausalas,POINT (6213325 393517),2020-09-28,16.0,8.4,2.9,8.8,8.2,1.3,289.0,3.4,0.062,"<0,001",0.01,0.073,1.2,"<0,005",0.059,,18.94,,,,,,,,,,,,,,,,,,,,,,,,,,,,,,,,,,,,,,,,,,,,,,,,,,,,,,,,,,,,,,,,,,,,,,,,,,,,,,,,,,,,,,,,,
datasets/gov/aaa/ezeru_monitoringas/EzeruValstybinioMonitoringoDuomenys,decf6602-9ef4-4aac-a4c0-0f50274d3073,65404406-44c7-4232-94c9-e3fbbd171252,,Vilniaus,Vilkokšnis,LTL373,Vilkokšnis,POINT (6041527 543621),2021-05-11,10.0,4.6,3.1,12.5,8.71,1.8,361.0,4.2,0.032,"<0,005",0.093,0.13,0.324,"<0,015",0.022,,11.4,,,,,,,,,,,,,,,,,,,,,,,,,,,,,,,,,,,,,,,,,,,,,,,,,,,,,,,,,,,,,,,,,,,,,,,,,,,,,,,,,,,,,,,,,
datasets/gov/aaa/ezeru_monitoringas/EzeruValstybinioMonitoringoDuomenys,df2bc532-b17e-4282-9b46-5e97f38e4905,365a7a5d-8a19-4799-a453-f644ed2f7fb0,,Vilniaus,Spindžius,LTL106,Spindžius,POINT (6048288 544856),2018-07-31,25.1,0.5,3.7,,8.47,3.4,352.0,1.2,0.058,"<0,001",0.0011,0.0596,0.71,0.0039,0.017,,3.6,,,,,,,,,,,,,,,,,,,,,,,,,,,,,,,,,,,,,,,,,,,,,,,,,,,,,,,,,,,,,,,,,,,,,,,,,,,,,,,,,,,,,,,,,
datasets/gov/aaa/ezeru_monitoringas/EzeruValstybinioMonitoringoDuomenys,df2cd90b-4ec1-4584-8e0b-7eb77af066ae,03e68281-5b13-4e2c-b723-c7df09f5e50a,,Alytaus,Niedulis,LTL456,Niedulis,POINT (6028535 523800),2019-09-23,13.7,8,3.5,12.1,8.6,1.3,377.0,3.3,0.06,0.003,0.07,0.133,1.4,0.013,0.049,,34.3,,,,,,,,,,,,,,,,,,,,,,,,,,,,,,,,,,,,,,,,,,,,,,,,,,,,,,,,,,,,,,,,,,,,,,,,,,,,,,,,,,,,,,,,,
datasets/gov/aaa/ezeru_monitoringas/EzeruValstybinioMonitoringoDuomenys,df4cf42a-5625-4b13-88dd-4903ceea252b,3fd6d522-31fd-46a2-b5a9-019650cd8e9f,,Utenos RAAD,Pakalas,LTL333,Pakalas,,2022-09-01,21.7,<2,3.3,8.3,8.45,3.4,341.0,1.7,0.02,"<0,005","<0,015",0.04,0.108,"<0,015",0.015,,3.7,,,,,,,,,,,,,,,,,,,,,,,,,,,,,,,,,,,,,,,,,,,,,,,,,,,,,,,,,,,,,,,,,,,,,,,,,,,,,,,,,,,,,,,,,
datasets/gov/aaa/ezeru_monitoringas/EzeruValstybinioMonitoringoDuomenys,df6d51ca-f2aa-4baa-8fd5-3ebf91168126,3e1bffa5-c4f6-429f-9f62-bc73330ed350,,Vilniaus,Kurėnų ežeras,LTL281,Kurėnų ežeras,POINT (6130913 548326),2019-08-26,21.5,14,3.7,10.8,8.69,0.7,516.0,4.1,0.016,"<0,005",0.081,0.102,0.752,"<0,015",0.029,,19.9,,,,,,,,,,,,,,,,,,,,,,,,,,,,,,,,,,,,,,,,,,,,,,,,,,,,,,,,,,,,,,,,,,,,,,,,,,,,,,,,,,,,,,,,,
datasets/gov/aaa/ezeru_monitoringas/EzeruValstybinioMonitoringoDuomenys,df96a88b-7264-4b65-a412-fe5f12112f27,d26d2863-35c4-4515-a7b7-66b64ddf38a4,,Alytaus,Ūdrijos ežeras,LTL511,Ūdrijos ežeras,POINT (6033214 490256),2020-05-25,15.6,20,2.8,13.6,9.0,0.6,482.0,5.9,0.06,0.01,0.2,2.1,0.27,0.011,0.068,,80.0,,,,,,,,,,,,,,,,,,,,,,,,,,,,,,,,,,,,,,,,,,,,,,,,,,,,,,,,,,,,,,,,,,,,,,,,,,,,,,,,,,,,,,,,,
datasets/gov/aaa/ezeru_monitoringas/EzeruValstybinioMonitoringoDuomenys,dfcd7552-8fbc-4920-a7ab-2d2928191339,616de352-b238-4e31-9320-86d60412aa83,,Alytaus,Lielukas,LTL455,Lielukas,POINT (6027379 544025),2019-09-24,13.7,5,2.5,10.4,8.4,1.1,427.0,4,0.05,0.005,0.15,0.205,1.0,0.016,0.059,,40.2,,,,,,,,,,,,,,,,,,,,,,,,,,,,,,,,,,,,,,,,,,,,,,,,,,,,,,,,,,,,,,,,,,,,,,,,,,,,,,,,,,,,,,,,,
datasets/gov/aaa/ezeru_monitoringas/EzeruValstybinioMonitoringoDuomenys,dfd56c2e-e8ca-4f04-8968-bde12e03fa16,784eb800-c8e2-41c4-9bf6-ace51ba6015d,,Alytaus,Babrų ežeras,LTL235,Babrai,POINT (6008912 480234),2021-08-24,19.6,5.5,2.8,9.3,8.6,4.6,317.0,1.4,0.1,0.002,0.03,0.132,0.36,"<0,007",0.037,,4.29,,,,,,,,,,,,,,,,,,,,,,,,,,,,,,,,,,,,,,,,,,,,,,,,,,,,,,,,,,,,,,,,,,,,,,,,,,,,,,,,,,,,,,,,,
datasets/gov/aaa/ezeru_monitoringas/EzeruValstybinioMonitoringoDuomenys,dff56637-f7f7-495b-979f-229a43d3c91b,2c7e57e0-4089-45d2-b67e-7f2a57a1e602,,Vilniaus,Kančioginas,LTL386,Kančioginas,POINT (6122858 648752),2021-05-12,12.2,5,3.2,10.8,8.38,1.6,349.0,2.5,0.026,0.007,0.895,0.928,1.02,"<0,015",0.018,,5.2,,,,,,,,,,,,,,,,,,,,,,,,,,,,,,,,,,,,,,,,,,,,,,,,,,,,,,,,,,,,,,,,,,,,,,,,,,,,,,,,,,,,,,,,,
datasets/gov/aaa/ezeru_monitoringas/EzeruValstybinioMonitoringoDuomenys,dffe528c-8cac-4bc5-b1d3-87712f855582,1d1a8758-6ee3-4ac1-882e-c2f70bd41513,,Šiaulių,Baltausių tvenkinys,LTL404,Baltausių tvenkinys,POINT (6240743 499049),2019-08-21,20.0,8.8,3.5,6.0,7.2,1.0,555.0,5.4,0.034,0.001,0.014,0.049,1.4,"<0,005",0.065,,40.95,,,,,,,,,,,,,,,,,,,,,,,,,,,,,,,,,,,,,,,,,,,,,,,,,,,,,,,,,,,,,,,,,,,,,,,,,,,,,,,,,,,,,,,,,
datasets/gov/aaa/ezeru_monitoringas/EzeruValstybinioMonitoringoDuomenys,e0077f04-f2bc-45e7-93df-36f7113d1e13,7b606f54-bee0-4c0b-bce5-70359e37abd9,,Kauno,Švenčius,LTL144,Švenčius,POINT (6058040 528975),2018-09-03,20.2,19,2.6,,8.86,0.5,265.0,6.2,0.018,0.01,0.1,0.128,1.6,0.001,0.12,,100.4,,,,,,,,,,,,,,,,,,,,,,,,,,,,,,,,,,,,,,,,,,,,,,,,,,,,,,,,,,,,,,,,,,,,,,,,,,,,,,,,,,,,,,,,,
datasets/gov/aaa/ezeru_monitoringas/EzeruValstybinioMonitoringoDuomenys,e00bb049-e454-4564-a547-587e16734f58,d0b2c12a-5aeb-4cea-bc32-7435b9935daa,,Utenos RAAD,Padysnio HE tvenkinys,LTL164,Padysnio HE,,2022-05-19,12.9,4,3.2,11.6,8.5,1.4,342.0,3.9,"<0,014","<0,001",0.04,0.055,0.86,0.009,0.042,,13.7,,,,,,,,,,,,,,,,,,,,,,,,,,,,,,,,,,,,,,,,,,,,,,,,,,,,,,,,,,,,,,,,,,,,,,,,,,,,,,,,,,,,,,,,,
datasets/gov/aaa/ezeru_monitoringas/EzeruValstybinioMonitoringoDuomenys,e038119d-cf70-44ba-918c-dcd9e4f4b100,9181daed-42d7-4c68-b031-046f0da5f65f,,Alytaus,Juodas Kauknoris,LTL174,Juodas Kauknoris,POINT (5987342 470399),2019-07-23,22.1,4.5,2.9,12.2,8.6,0.9,258.0,3.3,0.03,0.007,0.05,0.087,0.5,0.009,0.031,,35.1,,,,,,,,,,,,,,,,,,,,,,,,,,,,,,,,,,,,,,,,,,,,,,,,,,,,,,,,,,,,,,,,,,,,,,,,,,,,,,,,,,,,,,,,,
datasets/gov/aaa/ezeru_monitoringas/EzeruValstybinioMonitoringoDuomenys,e0544ae7-e767-4a24-bccb-436eb452bc41,626c3455-d54b-414e-9c63-1b8ce940a2da,,Utenos,Asavas,LTL310,Asavas,POINT (6167521 638935),2020-08-10,24.6,2.1,2.9,8.7,8.5,5.1,257.0,1.3,0.02,"<0,001",0.03,0.051,0.51,0.002,"<0,0081",,3.8,,,,,,,,,,,,,,,,,,,,,,,,,,,,,,,,,,,,,,,,,,,,,,,,,,,,,,,,,,,,,,,,,,,,,,,,,,,,,,,,,,,,,,,,,
datasets/gov/aaa/ezeru_monitoringas/EzeruValstybinioMonitoringoDuomenys,e055ac56-ef60-4bbd-932b-305a5ae78d4f,e28c4bd9-0a5e-4cbf-b141-3dd978ef6340,,Utenos,Drūkšiai,LTL52,Drūkšiai,POINT (6169167 664078),2020-10-08,14.4,,,9.0,8.2,4.7,271.0,,,,,,,,,,,,,,,,,,,,,,,,,,,,,,,,,,,,,,,,,,,,,,,,,,,,,,,,,,,,,,,,,,,,,,,,,,,,,,,,,,,,,,,,,,,,,,,,,,,
datasets/gov/aaa/ezeru_monitoringas/EzeruValstybinioMonitoringoDuomenys,e065c14f-9687-43d7-82da-6305f2d5949c,dae33b0c-f95f-4efd-91c5-622af0cb6340,,Utenos,Kiementas,LTL450,Kiementas,POINT (6105240 581096),2019-05-21,17.1,4,4.1,8.8,8.13,2.2,450.0,1.8,0.031,0.014,0.324,0.369,0.644,"<0,015",0.031,,5.1,,,,,,,,,,,,,,,,,,,,,,,,,,,,,,,,,,,,,,,,,,,,,,,,,,,,,,,,,,,,,,,,,,,,,,,,,,,,,,,,,,,,,,,,,
datasets/gov/aaa/ezeru_monitoringas/EzeruValstybinioMonitoringoDuomenys,e07525e5-9ea1-4f91-97e8-6e710cb91ed0,be5a4446-88f0-40c0-8075-c21c2e41f742,,Vilniaus,Luka,LTL468,Luka,POINT (6056543 560787),2020-09-23,16.5,"<1,9",2.5,9.5,8.68,3.3,330.0,2.3,0.018,"<0,005",0.025,0.048,0.68,"<0,015",0.018,,8.9,,,,,,,,,,,,,,,,,,,,,,,,,,,,,,,,,,,,,,,,,,,,,,,,,,,,,,,,,,,,,,,,,,,,,,,,,,,,,,,,,,,,,,,,,
datasets/gov/aaa/ezeru_monitoringas/EzeruValstybinioMonitoringoDuomenys,e07f5ee0-4810-4064-9eaf-b954ee062237,741103a7-41dd-4731-9749-3a82456d6a36,,Kauno,Bublių tvenkinys,LTL414,Bublių tvenkinys,POINT (6127918 505237),2018-07-19,24.5,15,4.6,143.03,8.41,0.8,559.0,3.1,0.014,0.044,1.8,1.858,2.4,0.001,0.037,,16.2,,,,,,,,,,,,,,,,,,,,,,,,,,,,,,,,,,,,,,,,,,,,,,,,,,,,,,,,,,,,,,,,,,,,,,,,,,,,,,,,,,,,,,,,,
datasets/gov/aaa/ezeru_monitoringas/EzeruValstybinioMonitoringoDuomenys,e0ab799a-7dba-4cc2-95ae-49d305c75caa,637f2291-4cd9-47aa-8dc1-ef4e25f14f54,,Kauno,KAUNO MARIOS,LTL71,Kauno HE,POINT (6084954 505731),2017-10-12,11.300000000000002,"<2,5",4,9.4,8.37,2.3,444.0,0.8,0.092,0.017,0.73,0.839,1.3,0.069,0.1,6.86,,237,"<0,01","<0,1",<1,1.3,"<0,8",0.61,0.47,<30,<5,<2,<15,"<0,002",0.008,"<0,002","<0,004",0.012,0.007,0.007,0.01,"<0,05","<0,05","<0,05","<0,05","<0,05","<0,05","<0,1","<0,2","<0,2","<0,2","<0,1","<0,1","<0,2","<0,2","<0,1","<0,2","<0,005","<0,005","<0,005","<0,005","<0,005","<0,005","<0,005","<0,005","<0,005","<0,004","<0,004","<0,005","<0,005","<0,005","<0,005","<0,025","<0,04","<0,04","<0,04","<0,05","<0,04","<0,004","<0,003",,,,"<0,005","<0,005","<0,006","<0,12","<0,005","<0,005","<0,005","<0,005","<0,005","<0,005","<0,005","<0,01","<0,01","<0,01","<0,01","<0,01","<0,01","<0,01","<0,001",,,,,,,,
datasets/gov/aaa/ezeru_monitoringas/EzeruValstybinioMonitoringoDuomenys,e0fc6849-2db9-480e-b11b-c0f041008710,ad7e1975-5c0f-4bcc-86ef-a814c6b7c7a2,,Utenos,Ligajai,LTL315,Ligajai,POINT (6162583 626864),2021-09-02,17.6,<2,4.0,7.9,8.3,4.1,348.0,1.2,0.03,0.001,0.07,0.101,0.84,0.004,"<0,0081",,2.81,,,,,,,,,,,,,,,,,,,,,,,,,,,,,,,,,,,,,,,,,,,,,,,,,,,,,,,,,,,,,,,,,,,,,,,,,,,,,,,,,,,,,,,,,
datasets/gov/aaa/ezeru_monitoringas/EzeruValstybinioMonitoringoDuomenys,e10cb732-4007-4028-84af-d1af304dbbbe,8b2e4f7c-208e-4485-a982-5d368ff57342,,Utenos RAAD,Suosa,LTL382,Suosa,,2022-10-03,11.1,2.6,4.4,9.8,8.5,2.1,475.0,1.7,"<0,014",0.002,0.08,0.096,0.48,"<0,002",0.016,,7.9,,,,,,,,,,,,,,,,,,,,,,,,,,,,,,,,,,,,,,,,,,,,,,,,,,,,,,,,,,,,,,,,,,,,,,,,,,,,,,,,,,,,,,,,,
datasets/gov/aaa/ezeru_monitoringas/EzeruValstybinioMonitoringoDuomenys,e14d995e-b844-44f1-92db-6049011796eb,c51b7122-d460-4ef2-8d5f-1744660af184,,Kauno RAAD,KAUNO MARIOS,LTL71,Kauno HE tvenkinys,,2022-06-02,15.2,11,3.2,10.27,8.59,1.2,425.0,4.7,0.053,0.012,0.17,0.235,0.619,"<0,015",0.067,,55.9,,,,,,,,,,,,,,,,,,,,,,,,,,,,,,,,,,,,,,,,,,,,,,,,,,,,,,,,,,,,,,,,,,,,,,,,,,,,,,,,,,,,,,,,,
datasets/gov/aaa/ezeru_monitoringas/EzeruValstybinioMonitoringoDuomenys,e15e96dc-253a-4594-b112-7782775a75f3,ef8e70d0-4668-4c3d-9a1a-31dad7726caa,,Utenos RAAD,Antalieptės HE tvenkinys,LTL433,Antalieptės HE tvenkinys,,2022-07-11,22.0,<2,3,8.8,8.5,5.4,324.0,2.1,"<0,014","<0,001",0.02,0.035,0.17,0.007,0.015,,3.2,,,,,,,,,,,,,,,,,,,,,,,,,,,,,,,,,,,,,,,,,,,,,,,,,,,,,,,,,,,,,,,,,,,,,,,,,,,,,,,,,,,,,,,,,
datasets/gov/aaa/ezeru_monitoringas/EzeruValstybinioMonitoringoDuomenys,e16d5a6d-1059-4c5a-a3de-535648792bff,3da7a5b0-cb6e-4685-941b-c07a368c6901,,Alytaus,Glūkas,LTL234,Glūkas,POINT (6016677 537137),2021-07-26,24.8,3.5,2.3,9.2,8.5,5.2,297.0,1.6,0.03,0.002,0.12,0.152,0.54,0.014,0.031,,3.26,,,,,,,,,,,,,,,,,,,,,,,,,,,,,,,,,,,,,,,,,,,,,,,,,,,,,,,,,,,,,,,,,,,,,,,,,,,,,,,,,,,,,,,,,
datasets/gov/aaa/ezeru_monitoringas/EzeruValstybinioMonitoringoDuomenys,e17bab2b-8023-4d79-972c-03aa20440ee2,3db59b4c-1983-42a4-8de1-053c6ac747c3,,Panevėžio RAAD,Petrošiškio ežeras,LTL291,Petriošiškio ež.,,2022-05-23,16.0,<2,2.1,10.4,8.1,3.3,225.0,2.3,0.02,0.006,0.22,0.246,0.53,0.005,0.019,,4.2,,,,,,,,,,,,,,,,,,,,,,,,,,,,,,,,,,,,,,,,,,,,,,,,,,,,,,,,,,,,,,,,,,,,,,,,,,,,,,,,,,,,,,,,,
datasets/gov/aaa/ezeru_monitoringas/EzeruValstybinioMonitoringoDuomenys,e1cafb9a-2098-4910-ad56-011a95d9bbd8,3159ffeb-80cc-40fc-a80c-1fa1b343ccae,,Utenos,Alnis,LTL65,Alnis,POINT (6127535 606156),2020-01-21,1.8,<2,1.8,13.2,8.3,8.1,197.0,2.8,0.22,0.002,0.15,0.372,0.45,0.003,0.01,,,,,,,,,,,,,,,,,,,,,,,,,,,,,,,,,,,,,,,,,,,,,,,,,,,,,,,,,,,,,,,,,,,,,,,,,,,,,,,,,,,,,,,,,,,
datasets/gov/aaa/ezeru_monitoringas/EzeruValstybinioMonitoringoDuomenys,e1e9514d-a213-4596-a471-7483b2590149,f5f9ce3a-9cad-47a8-8346-026cfbdefe4b,,Utenos,Tauragnas,LTL442,Tauragnas,POINT (6147505 619651),2020-07-27,20.9,2.8,2.6,9.1,8.8,2.5,253.0,1.2,"<0,014",0.003,0.05,0.067,0.38,"<0,002",0.0083,,2.7,,,,,,,,,,,,,,,,,,,,,,,,,,,,,,,,,,,,,,,,,,,,,,,,,,,,,,,,,,,,,,,,,,,,,,,,,,,,,,,,,,,,,,,,,
datasets/gov/aaa/ezeru_monitoringas/EzeruValstybinioMonitoringoDuomenys,e1f13d4b-5a15-4eff-b9b9-d0dee57b7242,b03261fa-aefd-4220-88ae-c04b97d88199,,Marijampolės,Pilvės-Vabalkšnės tvenkinys,LTL543,Pilvės-Vabalkšnės tvenkinys,POINT (6064130 466346),2017-10-05,10.2,1.7,5.7,7.7,8.03,1.2,625.0,3.5,0.05,0.033,4.5,4.583,4.7,0.015,0.027,,15.9,,,,,,,,,,,,,,,,,,,,,,,,,,,,,,,,,,,,,,,,,,,,,,,,,,,,,,,,,,,,,,,,,,,,,,,,,,,,,,,,,,,,,,,,,
datasets/gov/aaa/ezeru_monitoringas/EzeruValstybinioMonitoringoDuomenys,e211249b-37d2-466b-9474-7a0eecb5a9d5,8ee0b9de-ee5d-4086-8cac-bc8fdd3855c1,,Utenos,Rubikių ežeras,LTL10,Rubikių ežeras,POINT (6152176 580655),2017-08-28,18.6,3.1,3.5,7.6,8.8,2.3,333.0,1.7,0.04,0.013,0.02,0.073,0.43,0.012,0.051,,20.2,,,,,,,,,,,,,,,,,,,,,,,,,,,,,,,,,,,,,,,,,,,,,,,,,,,,,,,,,,,,,,,,,,,,,,,,,,,,,,,,,,,,,,,,,
datasets/gov/aaa/ezeru_monitoringas/EzeruValstybinioMonitoringoDuomenys,e26519cb-b66c-4d57-bb76-506c7f059bc4,d452bdbd-8a9c-4b13-a842-c3fbd60dd829,,Šiaulių,Sablauskių tvenkinys,LTL271,Sablauskių tvenkinys,POINT (6236793 430028),2020-04-21,8.0,4.7,5.5,9.5,8.4,1.8,768.0,4.4,0.049,0.032,8.4,8.481,10.1,"<0,005",0.029,,15.69,,,,,,,,,,,,,,,,,,,,,,,,,,,,,,,,,,,,,,,,,,,,,,,,,,,,,,,,,,,,,,,,,,,,,,,,,,,,,,,,,,,,,,,,,
datasets/gov/aaa/ezeru_monitoringas/EzeruValstybinioMonitoringoDuomenys,e26a59cb-7546-48ec-a75f-d3b5967aabec,9f539add-ba30-4578-8ffe-abad728741c5,,Utenos,Ažvintis,LTL318,Ažvintis,POINT (6152116 632033),2021-10-11,10.2,<2,1.4,10.6,8.2,4.2,133.0,2.6,"<0,014","<0,001",0.07,0.085,0.4,"<0,002",0.01,,7.7,,,,,,,,,,,,,,,,,,,,,,,,,,,,,,,,,,,,,,,,,,,,,,,,,,,,,,,,,,,,,,,,,,,,,,,,,,,,,,,,,,,,,,,,,
datasets/gov/aaa/ezeru_monitoringas/EzeruValstybinioMonitoringoDuomenys,e27aa650-d93f-4bdc-88ab-1d1754b67ffc,a7e70344-410e-45fb-8dcb-252f9f7dc776,,Šiaulių,Platelių ežeras,LTL34,Plateliai,POINT (6214390 366955),2021-05-12,10.0,"<1,4",2.2,8.5,8.4,6.0,180.0,1,0.021,0.001,0.028,0.05,0.58,"<0,006",0.015,,3.38,,,,,,,,,,,,,,,,,,,,,,,,,,,,,,,,,,,,,,,,,,,,,,,,,,,,,,,,,,,,,,,,,,,,,,,,,,,,,,,,,,,,,,,,,
datasets/gov/aaa/ezeru_monitoringas/EzeruValstybinioMonitoringoDuomenys,e2c87125-492c-48a7-9b32-8cca92caf188,1883efc1-7c3e-49f3-a68a-35224d77daef,,Alytaus,Neveiglas,LTL457,Neveiglas,POINT (6027817 520856),2019-07-25,22.7,3.5,2.8,10.8,8.9,1.3,244.0,5.4,0.1,0.004,0.07,0.174,1.4,0.013,0.056,,13.5,,,,,,,,,,,,,,,,,,,,,,,,,,,,,,,,,,,,,,,,,,,,,,,,,,,,,,,,,,,,,,,,,,,,,,,,,,,,,,,,,,,,,,,,,
datasets/gov/aaa/ezeru_monitoringas/EzeruValstybinioMonitoringoDuomenys,e2f1dade-1c78-4580-af2c-8e933cafd081,54c673e7-76ba-49de-b9a4-24b2ae1c811f,,Šiaulių,Paežerių ežeras,LTL461,Paežerių,POINT (6202156 424935),2021-07-27,24.0,7.4,3.9,6.4,8.2,1.25,392.0,3.6,0.022,0.002,0.003,0.027,0.98,"<0,006",0.048,,16.87,,,,,,,,,,,,,,,,,,,,,,,,,,,,,,,,,,,,,,,,,,,,,,,,,,,,,,,,,,,,,,,,,,,,,,,,,,,,,,,,,,,,,,,,,
datasets/gov/aaa/ezeru_monitoringas/EzeruValstybinioMonitoringoDuomenys,e2f353c9-fea5-4514-bcd0-b863945c7166,41b02998-4ab8-42d3-9b96-dfcf01c81eca,,Utenos,Prūtas,LTL506,Prūtas,POINT (6151826 660962),2017-09-04,17.8,"<1,7",2.7,8.3,8.4,3.5,265.0,1.1,"<0,014","<0,001",0.04,0.055,0.32,0.003,0.016,,124.3,,,,,,,,,,,,,,,,,,,,,,,,,,,,,,,,,,,,,,,,,,,,,,,,,,,,,,,,,,,,,,,,,,,,,,,,,,,,,,,,,,,,,,,,,
datasets/gov/aaa/ezeru_monitoringas/EzeruValstybinioMonitoringoDuomenys,e34f11f5-c161-451b-9188-dafaefbf81a7,c5cce1ed-c3e6-4968-84e2-ee19959a4066,,Šiaulių,Paežerių ežeras,LTL461,Paežerių,POINT (6202156 424935),2018-07-17,23.0,6.7,4.9,,8.1,1.2,433.0,5.6,0.019,0.002,"<0,003",0.024,0.91,"<0,005",0.059,,13.86,,,,,,,,,,,,,,,,,,,,,,,,,,,,,,,,,,,,,,,,,,,,,,,,,,,,,,,,,,,,,,,,,,,,,,,,,,,,,,,,,,,,,,,,,
datasets/gov/aaa/ezeru_monitoringas/EzeruValstybinioMonitoringoDuomenys,e3500437-4b52-42c0-96f9-fbc4a420877e,46e828ae-7937-44db-9597-38c0e4aefe2a,,Vilniaus,Kretuonas,LTL219,Kretuonas,POINT (6126320 633146),2018-10-01,13.0,2.1,3.2,92.857,8.5,2.4,308.0,1.3,0.021,"<0,004",0.045,0.07,0.295,"<0,014","<0,014",,9.5,,,,,,,,,,,,,,,,,,,,,,,,,,,,,,,,,,,,,,,,,,,,,,,,,,,,,,,,,,,,,,,,,,,,,,,,,,,,,,,,,,,,,,,,,
datasets/gov/aaa/ezeru_monitoringas/EzeruValstybinioMonitoringoDuomenys,e360d551-706d-4d41-ae6c-33490384c7f8,b5d520ab-c026-41c4-b505-f2a3e8574fb2,,Alytaus,Liškiavis,LTL194,Liškiavis,POINT (5996443 501256),2018-07-23,25.6,4.5,3.2,128.713,8.5,1.7,374.0,2.1,0.06,0.003,0.11,0.173,0.6,0.011,0.049,,17.2,,,,,,,,,,,,,,,,,,,,,,,,,,,,,,,,,,,,,,,,,,,,,,,,,,,,,,,,,,,,,,,,,,,,,,,,,,,,,,,,,,,,,,,,,
datasets/gov/aaa/ezeru_monitoringas/EzeruValstybinioMonitoringoDuomenys,e38a7280-6d41-4813-9640-1870cf273729,bf5608ed-0811-4d54-975e-8bcd576a4e2c,,Vilniaus,Spindžius,LTL106,Spindžius,POINT (6048288 544856),2021-05-19,13.8,2.1,3.3,12.3,8.71,2.9,382.0,2.2,0.034,"<0,005",0.035,0.074,0.32,"<0,015","<0,015",,5.9,,,,,,,,,,,,,,,,,,,,,,,,,,,,,,,,,,,,,,,,,,,,,,,,,,,,,,,,,,,,,,,,,,,,,,,,,,,,,,,,,,,,,,,,,
datasets/gov/aaa/ezeru_monitoringas/EzeruValstybinioMonitoringoDuomenys,e3d77c57-3388-4569-b2d7-2fb9d7a1ad83,4d9fd7ce-11da-4642-b4c9-7ec96c721a39,,Šiaulių,Mastis,LTL435,Mastis,POINT (6205996 390736),2017-08-30,18.0,2.7,2.9,4.1,8.7,1.2,389.0,1.8,0.25,0.015,0.036,0.301,1.2,0.14,0.21,,48.1,,,,,,,,,,,,,,,,,,,,,,,,,,,,,,,,,,,,,,,,,,,,,,,,,,,,,,,,,,,,,,,,,,,,,,,,,,,,,,,,,,,,,,,,,
datasets/gov/aaa/ezeru_monitoringas/EzeruValstybinioMonitoringoDuomenys,e3ecd823-6f46-40da-8ee5-9e89455cdc6c,e11e30c0-8b13-417b-b276-fdbc593ab8ba,,Panevėžio,Beičių tvenkinys,LTL524,Beičių tvenkinys,POINT (6192057 600805),2018-10-02,10.8,<2,3.5,83.183,8.5,2,340.0,2.3,0.03,0.002,0.07,0.102,0.75,0.036,0.049,,1.3,,,,,,,,,,,,,,,,,,,,,,,,,,,,,,,,,,,,,,,,,,,,,,,,,,,,,,,,,,,,,,,,,,,,,,,,,,,,,,,,,,,,,,,,,
datasets/gov/aaa/ezeru_monitoringas/EzeruValstybinioMonitoringoDuomenys,e3fb52a2-9968-4a69-adc7-dfbe7eed4628,e3f346b5-982d-46dd-96ae-12b643ffadc4,,Utenos,Kirneilis,LTL349,Kirneilis,POINT (6119944 592256),2020-10-01,15.4,2,3.4,9.3,8.5,3.5,375.0,1.3,0.02,"<0,005",0.038,0.063,0.328,"<0,015","<0,015",,9.5,,,,,,,,,,,,,,,,,,,,,,,,,,,,,,,,,,,,,,,,,,,,,,,,,,,,,,,,,,,,,,,,,,,,,,,,,,,,,,,,,,,,,,,,,
datasets/gov/aaa/ezeru_monitoringas/EzeruValstybinioMonitoringoDuomenys,e4769738-836a-4502-89c2-2fab884c5bb3,2e17d50e-69ef-4540-8ec7-6e39d97d9807,,Vilniaus,Didžiulis,LTL274,Didžiulis,POINT (6032301 531320),2019-09-26,10.1,12,2.4,10.4,8.9,0.8,332.0,4.8,0.21,0.01,0.09,0.31,1.4,0.038,0.12,,18.4,,,,,,,,,,,,,,,,,,,,,,,,,,,,,,,,,,,,,,,,,,,,,,,,,,,,,,,,,,,,,,,,,,,,,,,,,,,,,,,,,,,,,,,,,
datasets/gov/aaa/ezeru_monitoringas/EzeruValstybinioMonitoringoDuomenys,e47b0387-c70f-4b6f-8bf8-ea97be42d20b,2ba2696f-321b-449b-b732-7dd71062067b,,Utenos,Šiurpys,LTL311,Šiurpys,POINT (6169946 635569),2020-09-14,16.9,2.6,1.0,9.0,8.1,6.2,92.0,1,0.05,"<0,001",0.15,0.201,0.31,0.016,0.017,,1.3,,,,,,,,,,,,,,,,,,,,,,,,,,,,,,,,,,,,,,,,,,,,,,,,,,,,,,,,,,,,,,,,,,,,,,,,,,,,,,,,,,,,,,,,,
datasets/gov/aaa/ezeru_monitoringas/EzeruValstybinioMonitoringoDuomenys,e4e2b036-c148-4e87-b690-3ce8d829a931,3735dff3-3719-46db-aaad-cce851a7dc5e,,Vilniaus,Kampuolis,LTL526,Kampuolis,POINT (6118311 623246),2019-07-17,19.0,4.7,3.2,9.6,8.63,1.1,251.0,1.1,0.074,"<0,005",0.033,0.112,0.428,"<0,015","<0,015",,14.0,,,,,,,,,,,,,,,,,,,,,,,,,,,,,,,,,,,,,,,,,,,,,,,,,,,,,,,,,,,,,,,,,,,,,,,,,,,,,,,,,,,,,,,,,
datasets/gov/aaa/ezeru_monitoringas/EzeruValstybinioMonitoringoDuomenys,e4fe41c7-3211-45a5-82fb-d21257e1ca12,d2b850f2-1a19-4934-bc09-6065873cb810,,Vilniaus RAAD,Bagdanonių HE tvenkinys,LTL537,Bagdononių HE tvenkinys,,2022-04-28,10.1,2.6,3.5,12.76,8.35,2.3,403.0,1.3,"<0,02",0.005,0.39,0.415,0.443,"<0,015",0.025,,4.5,,,,,,,,,,,,,,,,,,,,,,,,,,,,,,,,,,,,,,,,,,,,,,,,,,,,,,,,,,,,,,,,,,,,,,,,,,,,,,,,,,,,,,,,,
datasets/gov/aaa/ezeru_monitoringas/EzeruValstybinioMonitoringoDuomenys,e502e1b9-13da-4137-a25f-c454f152cca2,6bd1f5f2-d99a-4792-84f4-fdeea8860cfb,,Utenos,Dusynas,LTL289,Dusynas,POINT (6160773 592168),2021-08-12,19.7,5.7,3.9,8.4,8.4,1.8,373.0,1.9,0.02,0.001,0.04,0.061,0.5,0.003,0.042,,19.98,,,,,,,,,,,,,,,,,,,,,,,,,,,,,,,,,,,,,,,,,,,,,,,,,,,,,,,,,,,,,,,,,,,,,,,,,,,,,,,,,,,,,,,,,
datasets/gov/aaa/ezeru_monitoringas/EzeruValstybinioMonitoringoDuomenys,e51f9526-080b-450a-8e4f-cf06d32fc846,1f1fb770-e9fa-4acb-acfb-32c35d7c23b0,,Vilniaus,Verniejus,LTL117,Verniejus,POINT (6046107 538059),2018-05-22,19.3,2.5,1.8,,9.2,3.8,196.0,1.8,0.023,"<0,004",0.027,0.054,0.097,"<0,014",0.024,,5.98,,,,,,,,,,,,,,,,,,,,,,,,,,,,,,,,,,,,,,,,,,,,,,,,,,,,,,,,,,,,,,,,,,,,,,,,,,,,,,,,,,,,,,,,,
datasets/gov/aaa/ezeru_monitoringas/EzeruValstybinioMonitoringoDuomenys,e550dd91-fee9-4578-9619-6150b9119edf,044d8ff2-a510-4395-b57c-3bdb43c67f3b,,Vilniaus,Luka,LTL468,Luka,POINT (6056543 560787),2020-07-20,23.9,"<1,9",2.2,10.9,8.98,3.2,331.0,1.3,"<0,015","<0,005",0.023,0.043,0.295,"<0,015","<0,015",,11.8,,,,,,,,,,,,,,,,,,,,,,,,,,,,,,,,,,,,,,,,,,,,,,,,,,,,,,,,,,,,,,,,,,,,,,,,,,,,,,,,,,,,,,,,,
datasets/gov/aaa/ezeru_monitoringas/EzeruValstybinioMonitoringoDuomenys,e567175f-3abf-48f4-b90c-62e10ee39dfb,c600a648-35a2-4f61-97b3-d140f4a496f8,,Utenos,Šakių ežeras,LTL531,Šakių,POINT (6171379 658835),2021-07-15,28.4,2.1,1.3,8.4,8.2,2.9,116.0,1.7,"<0,014","<0,001",0.06,0.075,0.77,0.003,0.014,,4.0,,,,,,,,,,,,,,,,,,,,,,,,,,,,,,,,,,,,,,,,,,,,,,,,,,,,,,,,,,,,,,,,,,,,,,,,,,,,,,,,,,,,,,,,,
datasets/gov/aaa/ezeru_monitoringas/EzeruValstybinioMonitoringoDuomenys,e5705514-cd7f-46fa-b178-39db74c22f42,1f14e387-ff8c-423c-a453-cb5791fc7645,,Alytaus RAAD,Gailintas,LTL251,Gailintas,,2022-08-22,24.8,2,3.8,8.3,8.6,4.3,203.0,2.6,0.06,0.024,0.08,0.164,0.92,"<0,007",0.024,,14.2,,,,,,,,,,,,,,,,,,,,,,,,,,,,,,,,,,,,,,,,,,,,,,,,,,,,,,,,,,,,,,,,,,,,,,,,,,,,,,,,,,,,,,,,,
datasets/gov/aaa/ezeru_monitoringas/EzeruValstybinioMonitoringoDuomenys,e59ad996-bb08-4f38-b3d6-aac79a564106,b1932ec7-718a-4aa3-83c0-7be9ba47138d,,Alytaus,Sausvingis,LTL378,Sausvingis,POINT (6017605 512931),2018-05-21,19.4,5.5,3.4,112.815,8.6,2.8,369.0,2.1,0.02,0.005,0.1,0.125,0.7,0.009,0.025,,10.6,,,,,,,,,,,,,,,,,,,,,,,,,,,,,,,,,,,,,,,,,,,,,,,,,,,,,,,,,,,,,,,,,,,,,,,,,,,,,,,,,,,,,,,,,
datasets/gov/aaa/ezeru_monitoringas/EzeruValstybinioMonitoringoDuomenys,e5a179dd-6d9c-4e3d-b587-5c693e97cdec,8f07021b-abbb-472e-be13-fba9d55b034c,,Utenos RAAD,Šiurpys,LTL311,Šiurpys,,2022-10-24,9.8,<2,0.97,10.0,6.9,7.3,106.0,1.0,0.04,0.001,0.02,0.061,0.57,0.002,0.011,,1.4,,,,,,,,,,,,,,,,,,,,,,,,,,,,,,,,,,,,,,,,,,,,,,,,,,,,,,,,,,,,,,,,,,,,,,,,,,,,,,,,,,,,,,,,,
datasets/gov/aaa/ezeru_monitoringas/EzeruValstybinioMonitoringoDuomenys,e5ae6efd-2aff-423a-a674-50c895e4e2c7,f6a9f027-82ce-4f03-ba0d-c91421c42dc3,,Alytaus,Pabezninkų ežeras,LTL375,Pabezninkų ež.,POINT (6023828 537110),2019-09-24,11.0,11,2.7,10.2,6.2,0.7,48.0,1.7,0.05,0.006,0.25,0.306,1.6,0.022,0.074,,1.8,,,,,,,,,,,,,,,,,,,,,,,,,,,,,,,,,,,,,,,,,,,,,,,,,,,,,,,,,,,,,,,,,,,,,,,,,,,,,,,,,,,,,,,,,
datasets/gov/aaa/ezeru_monitoringas/EzeruValstybinioMonitoringoDuomenys,e5b60e89-bbba-422c-a494-fb6d5bacd04c,eb5343a6-7924-40d9-b609-0a46c61ebc50,,Utenos,Pienionių tvenkinys,LTL430,Pienionių tvenkinys,POINT (6146819 555740),2019-07-22,20.9,5.5,5.1,10.1,8.4,1.6,508.0,3.9,0.02,"<0,001",0.05,0.071,0.57,0.003,0.057,,5.1,,,,,,,,,,,,,,,,,,,,,,,,,,,,,,,,,,,,,,,,,,,,,,,,,,,,,,,,,,,,,,,,,,,,,,,,,,,,,,,,,,,,,,,,,
datasets/gov/aaa/ezeru_monitoringas/EzeruValstybinioMonitoringoDuomenys,e5e9284d-7b12-4dfb-9920-852022a1bc10,8cd20e6d-ba7d-462f-8fa5-4635902dae14,,Alytaus,Krokialaukio tvenkinys,LTL188,Krokialaukio tvenkinys,POINT (6033768 482752),2017-05-17,17.2,6,2.8,12.9,8.5,1.5,517.0,3.4,0.05,0.027,0.7,0.777,2.3,0.028,0.084,,15.2,,,,,,,,,,,,,,,,,,,,,,,,,,,,,,,,,,,,,,,,,,,,,,,,,,,,,,,,,,,,,,,,,,,,,,,,,,,,,,,,,,,,,,,,,
datasets/gov/aaa/ezeru_monitoringas/EzeruValstybinioMonitoringoDuomenys,e5ff4d43-e478-4ffc-a27d-3e2c94b1a4a2,a0988aee-b186-4a7a-a7f1-3c4ea6af6731,,Kauno RAAD,Švenčius,LTL144,Švenčius,,2022-10-12,10.7,4.6,3.2,9.25,8.71,0.5,271.0,5.3,0.028,0.007,0.073,0.108,0.803,"<0,015",0.017,,74.5,,,,,,,,,,,,,,,,,,,,,,,,,,,,,,,,,,,,,,,,,,,,,,,,,,,,,,,,,,,,,,,,,,,,,,,,,,,,,,,,,,,,,,,,,
datasets/gov/aaa/ezeru_monitoringas/EzeruValstybinioMonitoringoDuomenys,e62d696e-ffad-4132-a695-074f885cbfa0,62e56e5e-7bc8-488f-a4fe-0bef596d9514,,Utenos,Kavarsko tvenkinys,LTL416,Kavarsko,POINT (6145097 560110),2019-05-07,10.8,4.4,4.9,12.1,8.6,2.4,494.0,1.7,0.05,0.006,0.25,0.306,0.47,0.019,0.029,,2.1,,,,,,,,,,,,,,,,,,,,,,,,,,,,,,,,,,,,,,,,,,,,,,,,,,,,,,,,,,,,,,,,,,,,,,,,,,,,,,,,,,,,,,,,,
datasets/gov/aaa/ezeru_monitoringas/EzeruValstybinioMonitoringoDuomenys,e6574e52-fbbf-4b74-8a73-b56eb69603e4,d538ce1e-0995-4eb5-909d-b7bd99e62bfb,,Marijampolės,Totorviečių tvenkinys,LTL424,Totorviečių,POINT (6084319 430485),2021-08-19,19.8,5.5,3.0,6.0,7.9,1.6,632.0,3.5,0.12,0.026,0.15,0.296,0.96,0.007,0.099,,20.09,,,,,,,,,,,,,,,,,,,,,,,,,,,,,,,,,,,,,,,,,,,,,,,,,,,,,,,,,,,,,,,,,,,,,,,,,,,,,,,,,,,,,,,,,
datasets/gov/aaa/ezeru_monitoringas/EzeruValstybinioMonitoringoDuomenys,e6618637-6a14-4095-8784-7963e41ac422,38caf774-6a64-4d38-a9e9-cbafd9267e99,,Panevėžio,Sartai,LTL169,Sartai,POINT (6188825 615033),2021-05-19,13.7,<2,4.4,11.7,8.5,3.1,451.0,2.2,0.03,0.012,0.41,0.452,0.53,0.004,0.019,,10.1,,,,,,,,,,,,,,,,,,,,,,,,,,,,,,,,,,,,,,,,,,,,,,,,,,,,,,,,,,,,,,,,,,,,,,,,,,,,,,,,,,,,,,,,,
datasets/gov/aaa/ezeru_monitoringas/EzeruValstybinioMonitoringoDuomenys,e68a2601-60f9-4fcc-b0fb-92d99300c9fc,e520f275-d5a9-4c3b-a53f-a65240b15e91,,Vilniaus,Ilgas,LTL359,Ilgas,POINT (6095729 600167),2020-08-27,20.7,2,2.6,8.5,8.7,2.0,288.0,1,0.019,"<0,005",0.066,0.09,0.734,"<0,015","<0,015",,13.5,,,,,,,,,,,,,,,,,,,,,,,,,,,,,,,,,,,,,,,,,,,,,,,,,,,,,,,,,,,,,,,,,,,,,,,,,,,,,,,,,,,,,,,,,
datasets/gov/aaa/ezeru_monitoringas/EzeruValstybinioMonitoringoDuomenys,e6b77217-d262-4558-a6d2-f3e70a258553,34827bf6-daba-420c-bbcb-6047550f3fd2,,Utenos,Zaduojys,LTL295,Zaduojys,POINT (6185959 617222),2019-08-27,21.8,<2,4.1,8.8,8.5,3.6,368.0,1.1,"<0,014","<0,001",0.04,0.055,0.23,0.003,"<0,0081",,2.5,,,,,,,,,,,,,,,,,,,,,,,,,,,,,,,,,,,,,,,,,,,,,,,,,,,,,,,,,,,,,,,,,,,,,,,,,,,,,,,,,,,,,,,,,
datasets/gov/aaa/ezeru_monitoringas/EzeruValstybinioMonitoringoDuomenys,e6dbdb71-986e-4d38-8089-dd1dd7379635,8295200f-5886-4e50-bbfa-3986a10f3fcc,,Utenos RAAD,Avilys,LTL299,Avilys,,2022-10-18,10.4,4.3,2.6,10.6,8.3,4.1,255.0,1.3,"<0,014",0.001,0.04,0.055,0.28,0.003,0.013,,5.9,,,,,,,,,,,,,,,,,,,,,,,,,,,,,,,,,,,,,,,,,,,,,,,,,,,,,,,,,,,,,,,,,,,,,,,,,,,,,,,,,,,,,,,,,
datasets/gov/aaa/ezeru_monitoringas/EzeruValstybinioMonitoringoDuomenys,e6fa02a5-7a25-4296-80e2-64d4a510c831,5271bfd5-78d7-4224-aa7f-1f81052883b1,,Utenos,Imbradas,LTL441,Imbradas,POINT (6183472 633197),2020-05-11,15.0,2.9,3.7,10.6,8.4,2.1,422.0,3,0.03,0.007,0.1,0.137,0.63,0.003,0.02,,3.8,,,,,,,,,,,,,,,,,,,,,,,,,,,,,,,,,,,,,,,,,,,,,,,,,,,,,,,,,,,,,,,,,,,,,,,,,,,,,,,,,,,,,,,,,
datasets/gov/aaa/ezeru_monitoringas/EzeruValstybinioMonitoringoDuomenys,e73bb306-03f6-49b0-bc4b-356a3d276d10,26ccb5e5-4b12-40be-8643-f0abf60e16ee,,Vilniaus,Kampuolis,LTL526,Kampuolis,POINT (6118311 623246),2019-08-19,21.2,6.4,2.4,11.3,8.78,0.9,232.0,3.5,"<0,015","<0,005",0.033,0.053,0.313,"<0,015",0.055,,16.2,,,,,,,,,,,,,,,,,,,,,,,,,,,,,,,,,,,,,,,,,,,,,,,,,,,,,,,,,,,,,,,,,,,,,,,,,,,,,,,,,,,,,,,,,
datasets/gov/aaa/ezeru_monitoringas/EzeruValstybinioMonitoringoDuomenys,e73c82a0-1489-4094-9e74-59e8640d89ed,9bb1a37f-75b6-40df-a77a-39182ba5f2aa,,Šiaulių,Petraičių tvenkinys,LTL545,Petraičių tvenkinys,POINT (6198329 474729),2017-07-26,20.0,2.6,5.3,5.6,8.9,1.2,888.0,5.2,"<0,008",0.003,"<0,003",0.014,1.4,0.13,0.21,,21.8,,,,,,,,,,,,,,,,,,,,,,,,,,,,,,,,,,,,,,,,,,,,,,,,,,,,,,,,,,,,,,,,,,,,,,,,,,,,,,,,,,,,,,,,,
datasets/gov/aaa/ezeru_monitoringas/EzeruValstybinioMonitoringoDuomenys,e749a73c-6772-4c86-9495-efcc4a61afd8,5b11656f-2c6e-42cf-b956-d30b07c9819c,,Vilniaus,Ilgas,LTL359,Ilgas,POINT (6095729 600167),2017-10-04,12.7,3,2.2,8.0,7.88,2.3,250.0,2.4,0.031,"<0,004",0.093,0.128,0.824,"<0,014",0.038,,11.1,,,,,,,,,,,,,,,,,,,,,,,,,,,,,,,,,,,,,,,,,,,,,,,,,,,,,,,,,,,,,,,,,,,,,,,,,,,,,,,,,,,,,,,,,
datasets/gov/aaa/ezeru_monitoringas/EzeruValstybinioMonitoringoDuomenys,e756d37c-c544-4771-b4e3-b3e12a2cefc0,1de38bb0-040c-4ab8-bc50-ac2a06bbc49c,,Alytaus,Didžiulis,LTL197,Didžiulis,POINT (6022712 523178),2021-08-25,19.1,4,3.0,8.9,8.6,4.1,331.0,2,0.04,0.002,0.03,0.072,0.42,"<0,007",0.046,,5.92,,,,,,,,,,,,,,,,,,,,,,,,,,,,,,,,,,,,,,,,,,,,,,,,,,,,,,,,,,,,,,,,,,,,,,,,,,,,,,,,,,,,,,,,,
datasets/gov/aaa/ezeru_monitoringas/EzeruValstybinioMonitoringoDuomenys,e781bdf9-6c15-41f2-a2f4-7927628a35f1,94b3c5e2-8b09-4b92-9c70-1caf2d5300d0,,Alytaus RAAD,Latežeris,LTL513,Latežeris,,2022-08-22,25.0,3.5,3.6,12.3,9.0,0.55,209.0,5.7,0.09,0.018,0.08,0.188,0.64,0.007,0.062,,77.6,,,,,,,,,,,,,,,,,,,,,,,,,,,,,,,,,,,,,,,,,,,,,,,,,,,,,,,,,,,,,,,,,,,,,,,,,,,,,,,,,,,,,,,,,
datasets/gov/aaa/ezeru_monitoringas/EzeruValstybinioMonitoringoDuomenys,e79bfc57-6a75-4632-a3f7-78221be47c23,6bb3ee01-8520-49ec-84eb-15a72e8f1b6e,,Alytaus,Krūminių tvenkinys,LTL184,Krūminių tvenkinys,POINT (6016830 553517),2021-08-18,20.3,4.5,3.3,13.3,8.6,1.3,387.0,3.1,0.04,0.002,1,1.042,1.8,0.016,0.077,,41.65,,,,,,,,,,,,,,,,,,,,,,,,,,,,,,,,,,,,,,,,,,,,,,,,,,,,,,,,,,,,,,,,,,,,,,,,,,,,,,,,,,,,,,,,,
datasets/gov/aaa/ezeru_monitoringas/EzeruValstybinioMonitoringoDuomenys,e7c85ede-8d53-4b17-befa-fb9693f34933,abe6a30d-ca98-4521-a7bb-bca7b8960baf,,Alytaus RAAD,Giluitis,LTL500,Giluitis,,2022-05-16,12.9,2,3.7,10.3,8.5,4.1,532.0,3.1,0.02,0.012,1.6,1.632,1.8,"<0,007",0.022,,3.3,,,,,,,,,,,,,,,,,,,,,,,,,,,,,,,,,,,,,,,,,,,,,,,,,,,,,,,,,,,,,,,,,,,,,,,,,,,,,,,,,,,,,,,,,
datasets/gov/aaa/ezeru_monitoringas/EzeruValstybinioMonitoringoDuomenys,e7c883b5-921e-4241-9fb7-78ad70d0e428,c7f58d56-3324-44c9-ad4c-f351487ff429,,Šiaulių,Ilgis,LTL204,Ilgis,POINT (6210196 364291),2017-04-20,7.0,<2,1.5,7.0,8.4,,169.0,4.8,0.008,0.003,0.07,0.081,0.46,0.005,0.014,,7.58,,,,,,,,,,,,,,,,,,,,,,,,,,,,,,,,,,,,,,,,,,,,,,,,,,,,,,,,,,,,,,,,,,,,,,,,,,,,,,,,,,,,,,,,,
datasets/gov/aaa/ezeru_monitoringas/EzeruValstybinioMonitoringoDuomenys,e7dcdff1-5264-43ca-9143-a6f34b5826b3,6ff184b2-97c4-4247-9925-26633ea24cb9,,Klaipėdos,Mosėdžio I tvenkinys,LTL262,Mosėdžio I tvenkinys,POINT (6227142 350031),2018-07-16,24.0,<2,3.3,,8.4,2,426.0,3.4,0.02,"<0,001","<0,003",0.024,0.57,"<0,005",0.036,,0.85,,,,,,,,,,,,,,,,,,,,,,,,,,,,,,,,,,,,,,,,,,,,,,,,,,,,,,,,,,,,,,,,,,,,,,,,,,,,,,,,,,,,,,,,,
datasets/gov/aaa/ezeru_monitoringas/EzeruValstybinioMonitoringoDuomenys,e83b4df9-9a95-401c-99f9-909668baf0ab,da9ccb54-9b65-4322-9dc7-7b66a265758a,,Kauno,KAUNO MARIOS,LTL71,Kauno marios,POINT (6084954 505731),2020-07-16,22.7,9.1,3.5,13.3,8.89,1.3,392.0,7.3,"<0,015","<0,015",0.057,0.087,0.583,0.038,0.165,,83.4,,,,,,,,,,,,,,,,,,,,,,,,,,,,,,,,,,,,,,,,,,,,,,,,,,,,,,,,,,,,,,,,,,,,,,,,,,,,,,,,,,,,,,,,,
datasets/gov/aaa/ezeru_monitoringas/EzeruValstybinioMonitoringoDuomenys,e85f07a9-b597-4d06-9a57-bbb824b60cae,0b827690-c4e3-442e-9e8a-5dc138b5a7e1,,Utenos,Alnis,LTL65,Alnis,POINT (6127535 606156),2017-05-02,7.6,"<1,7",1.9,12.4,8.3,5.5,177.0,3.1,0.08,0.002,0.05,0.132,1.7,"<0,002",0.01,,,,,,,,,,,,,,,,,,,,,,,,,,,,,,,,,,,,,,,,,,,,,,,,,,,,,,,,,,,,,,,,,,,,,,,,,,,,,,,,,,,,,,,,,,,
datasets/gov/aaa/ezeru_monitoringas/EzeruValstybinioMonitoringoDuomenys,e861963d-1a28-4d18-a5c8-f6e892a31f9b,6527a01b-b642-4317-9ff2-88cb22a54f3b,,Vilniaus,Pikeliškių ežeras(ež.Žalesas),LTL364,Pikeliškių ežeras (ež.Žalesas),POINT (6082605 581424),2017-05-10,11.0,3.3,3.2,10.43,8.22,1.1,356.0,4.7,0.031,0.008,1.2,1.239,1.65,"<0,014",0.035,,6.2,,,,,,,,,,,,,,,,,,,,,,,,,,,,,,,,,,,,,,,,,,,,,,,,,,,,,,,,,,,,,,,,,,,,,,,,,,,,,,,,,,,,,,,,,
datasets/gov/aaa/ezeru_monitoringas/EzeruValstybinioMonitoringoDuomenys,e8837722-7f65-4948-9c07-2cb09e3f3dcb,1506c9f1-65d6-4490-8efd-fa1e9c65d20a,,Utenos,Šiurpys,LTL311,Šiurpys,POINT (6169946 635569),2021-09-14,17.0,<2,1.1,9.0,8.2,6.9,85.0,1.2,0.04,0.002,0.03,0.072,0.49,0.002,"<0,0081",,1.97,,,,,,,,,,,,,,,,,,,,,,,,,,,,,,,,,,,,,,,,,,,,,,,,,,,,,,,,,,,,,,,,,,,,,,,,,,,,,,,,,,,,,,,,,
datasets/gov/aaa/ezeru_monitoringas/EzeruValstybinioMonitoringoDuomenys,e897c424-d57f-4d4c-bead-f876ede407ff,385e7083-0520-4228-b2e3-3f0850c99f80,,Šiaulių,Ilgis,LTL204,Ilgis,POINT (6210196 364291),2019-06-19,23.0,<2,1.8,6.7,7.1,2.2,157.0,1.9,"<0,005","<0,001",0.008,0.014,1.0,"<0,005",0.024,,3.81,,,,,,,,,,,,,,,,,,,,,,,,,,,,,,,,,,,,,,,,,,,,,,,,,,,,,,,,,,,,,,,,,,,,,,,,,,,,,,,,,,,,,,,,,
datasets/gov/aaa/ezeru_monitoringas/EzeruValstybinioMonitoringoDuomenys,e8e6d36e-b30d-46cb-b773-5c329f960b80,cd77b135-3459-4858-af04-72d25e782c36,,Šiaulių,Paežerių ežeras,LTL461,Paežerių,POINT (6202156 424935),2021-08-24,18.0,8.4,4.0,8.0,8.2,0.9,394.0,4.2,0.024,0.002,0.011,0.037,1.4,"<0,006",0.044,,36.51,,,,,,,,,,,,,,,,,,,,,,,,,,,,,,,,,,,,,,,,,,,,,,,,,,,,,,,,,,,,,,,,,,,,,,,,,,,,,,,,,,,,,,,,,
datasets/gov/aaa/ezeru_monitoringas/EzeruValstybinioMonitoringoDuomenys,e92b5135-74d9-448e-8620-927d5fc49801,51e3e4cf-f049-4088-93d7-9cf55cb009a1,,Šiaulių,Talkša,LTL267,Talkša,POINT (6200045 458364),2017-08-31,18.0,9.5,3.8,6.0,9.2,1.1,696.0,5.5,"<0,008",0.003,"<0,003",0.014,1.4,"<0,005",0.077,,9.17,,,,,,,,,,,,,,,,,,,,,,,,,,,,,,,,,,,,,,,,,,,,,,,,,,,,,,,,,,,,,,,,,,,,,,,,,,,,,,,,,,,,,,,,,
datasets/gov/aaa/ezeru_monitoringas/EzeruValstybinioMonitoringoDuomenys,e9676ced-6a86-4bd3-93d2-4fdcae43d759,36b184e6-3392-4103-a955-62b19661a0b0,,Utenos,Zaduojys,LTL295,Zaduojys,POINT (6185959 617222),2019-05-20,16.0,<2,4.5,11.8,8.9,3.4,408.0,1.8,"<0,014","<0,001",0.07,0.085,0.2,0.004,0.012,,19.8,,,,,,,,,,,,,,,,,,,,,,,,,,,,,,,,,,,,,,,,,,,,,,,,,,,,,,,,,,,,,,,,,,,,,,,,,,,,,,,,,,,,,,,,,
datasets/gov/aaa/ezeru_monitoringas/EzeruValstybinioMonitoringoDuomenys,e96d9861-d519-49ef-839d-8aa02178de0c,bcbbb3c1-2f98-40d2-b9ec-fd7fffbe18fe,,Alytaus,Dusia,LTL43,Dusia,POINT (6017007 479686),2017-08-29,19.0,3.5,1.6,8.0,8.5,4.6,312.0,2.5,0.02,0.002,0.02,0.042,0.5,0.007,0.025,,15.8,,,,,,,,,,,,,,,,,,,,,,,,,,,,,,,,,,,,,,,,,,,,,,,,,,,,,,,,,,,,,,,,,,,,,,,,,,,,,,,,,,,,,,,,,
datasets/gov/aaa/ezeru_monitoringas/EzeruValstybinioMonitoringoDuomenys,e9706816-00d4-4632-b903-218e347e12e0,b2da6396-4ed9-410f-9b65-a2eefb02d83c,,Alytaus,Luksnėnų ežeras,LTL466,Luksnėnų ežeras,POINT (6028420 494673),2020-09-17,17.8,4,3.1,9.0,8.3,1.8,396.0,3.5,0.03,0.005,0.1,0.7,0.135,0.024,0.086,,17.2,,,,,,,,,,,,,,,,,,,,,,,,,,,,,,,,,,,,,,,,,,,,,,,,,,,,,,,,,,,,,,,,,,,,,,,,,,,,,,,,,,,,,,,,,
datasets/gov/aaa/ezeru_monitoringas/EzeruValstybinioMonitoringoDuomenys,e9af8555-2120-42ad-b675-6e97b12a48d7,a91b738f-598c-48f1-9cea-c550eee7ead8,,Utenos,Lamėstas,LTL444,Lamėstas,POINT (6136908 616272),2017-05-08,12.4,6.4,3.7,13.0,8.7,1.5,366.0,4.2,0.02,0.017,1.1,1.137,1.5,0.003,0.02,,48.2,,,,,,,,,,,,,,,,,,,,,,,,,,,,,,,,,,,,,,,,,,,,,,,,,,,,,,,,,,,,,,,,,,,,,,,,,,,,,,,,,,,,,,,,,
datasets/gov/aaa/ezeru_monitoringas/EzeruValstybinioMonitoringoDuomenys,e9df7de6-a4f8-4190-9dd8-c6e1874df1a5,b1dc2624-6eeb-4d89-9e14-6ce77a29cda6,,Vilniaus,Drabužis,LTL116,Drabužis,POINT (6048718 541867),2021-09-02,17.5,<2,3.6,8.1,8.47,4.7,398.0,1.9,0.027,"<0,005",0.046,0.078,0.32,"<0,015","<0,015",,12.43,,,,,,,,,,,,,,,,,,,,,,,,,,,,,,,,,,,,,,,,,,,,,,,,,,,,,,,,,,,,,,,,,,,,,,,,,,,,,,,,,,,,,,,,,
datasets/gov/aaa/ezeru_monitoringas/EzeruValstybinioMonitoringoDuomenys,e9e9a731-31f0-4f5b-aa61-1426bf5b3112,ee0f67d7-085d-4a55-847a-dd4d3c420527,,Šiaulių,Platelių ežeras,LTL34,Plateliai,POINT (6214390 366955),2017-08-16,20.0,<2,1.8,6.2,9.1,6.0,194.0,2.6,"<0,008",0.002,0.028,0.038,0.38,"<0,005",0.022,,3.6,,,,,,,,,,,,,,,,,,,,,,,,,,,,,,,,,,,,,,,,,,,,,,,,,,,,,,,,,,,,,,,,,,,,,,,,,,,,,,,,,,,,,,,,,
datasets/gov/aaa/ezeru_monitoringas/EzeruValstybinioMonitoringoDuomenys,ea01ff94-1653-4583-bf20-03ff82d5a108,091c851d-4cae-4adb-a670-d7dab4d25b4d,,Alytaus,Veisiejis,LTL237,Veisiejis,POINT (5992922 473385),2020-08-17,24.2,4.5,2.2,11.1,8.4,2.6,355.0,3.4,0.08,0.004,0.03,0.6,0.114,0.007,0.035,,8.3,,,,,,,,,,,,,,,,,,,,,,,,,,,,,,,,,,,,,,,,,,,,,,,,,,,,,,,,,,,,,,,,,,,,,,,,,,,,,,,,,,,,,,,,,
datasets/gov/aaa/ezeru_monitoringas/EzeruValstybinioMonitoringoDuomenys,ea0abad4-7f0b-473d-a21d-b0553b9a092b,74c13665-2ab6-4f75-a32f-aa565d6ef8b6,,Utenos,Šiurpys,LTL311,Šiurpys,POINT (6169946 635569),2019-08-07,20.6,<2,1.0,9.2,8.9,6.1,94.0,0.71,"<0,014","<0,001",0.02,0.035,0.53,"<0,002","<0,0081",,3.6,,,,,,,,,,,,,,,,,,,,,,,,,,,,,,,,,,,,,,,,,,,,,,,,,,,,,,,,,,,,,,,,,,,,,,,,,,,,,,,,,,,,,,,,,
datasets/gov/aaa/ezeru_monitoringas/EzeruValstybinioMonitoringoDuomenys,ea273bc8-a253-493f-8197-b028d9aa8422,19e18477-fa36-426e-b7bf-a4c261e6a20f,,Šiaulių,Ilgis,LTL204,Ilgis,POINT (6210196 364291),2017-09-20,15.0,2.3,1.7,6.1,8.9,1.6,161.0,1.0,0.011,0.003,0.003,0.017,0.51,0.005,0.018,,6.76,,,,,,,,,,,,,,,,,,,,,,,,,,,,,,,,,,,,,,,,,,,,,,,,,,,,,,,,,,,,,,,,,,,,,,,,,,,,,,,,,,,,,,,,,
datasets/gov/aaa/ezeru_monitoringas/EzeruValstybinioMonitoringoDuomenys,ea5714a5-c529-426f-8aa8-d2cc91353508,c10e8ed9-f35d-4a2a-b041-bdc4acccb454,,Panevėžio RAAD,Dviragis,LTL148,Dviragis,,2022-07-20,19.7,8,3.7,8.7,8.2,1.2,410.0,3.5,0.08,0.025,0.04,0.145,1.0,0.004,0.037,,25.5,,,,,,,,,,,,,,,,,,,,,,,,,,,,,,,,,,,,,,,,,,,,,,,,,,,,,,,,,,,,,,,,,,,,,,,,,,,,,,,,,,,,,,,,,
datasets/gov/aaa/ezeru_monitoringas/EzeruValstybinioMonitoringoDuomenys,ea60acb6-90f2-4d5b-9c04-f0d035b3ff1b,6cf096a8-1a71-46b2-8f73-91fb83a4d5c8,,Alytaus,Obelija,LTL247,Obelija,POINT (6017997 489174),2021-08-17,21.8,4.5,3.3,9.1,8.6,2.9,296.0,1.5,0.02,0.002,0.06,0.082,0.8,0.007,0.04,,5.77,,,,,,,,,,,,,,,,,,,,,,,,,,,,,,,,,,,,,,,,,,,,,,,,,,,,,,,,,,,,,,,,,,,,,,,,,,,,,,,,,,,,,,,,,
datasets/gov/aaa/ezeru_monitoringas/EzeruValstybinioMonitoringoDuomenys,ea85c0f4-e8f6-49d4-9218-8e3e767421bb,7b6899a2-161a-440e-9538-919eac3c647e,,Alytaus,Balandis,LTL546,Balandis,POINT (5995701 468082),2021-08-26,19.1,4,2.6,9.1,8.5,6.2,292.0,1.1,0.02,0.002,0.02,0.042,0.49,0.007,0.048,,10.52,,,,,,,,,,,,,,,,,,,,,,,,,,,,,,,,,,,,,,,,,,,,,,,,,,,,,,,,,,,,,,,,,,,,,,,,,,,,,,,,,,,,,,,,,
datasets/gov/aaa/ezeru_monitoringas/EzeruValstybinioMonitoringoDuomenys,ea876f59-e10e-431a-8750-dc5e64811029,3db2078e-3c85-4f37-ad89-5097153b9e90,,Šiaulių,Tausalas,LTL206,Tausalas,POINT (6213325 393517),2017-09-28,14.0,6.8,2.8,6.8,8.6,1.4,313.0,1.4,0.008,0.003,0.014,0.025,0.74,0.005,0.036,,4.6,,,,,,,,,,,,,,,,,,,,,,,,,,,,,,,,,,,,,,,,,,,,,,,,,,,,,,,,,,,,,,,,,,,,,,,,,,,,,,,,,,,,,,,,,
datasets/gov/aaa/ezeru_monitoringas/EzeruValstybinioMonitoringoDuomenys,eb392db4-7adf-4549-a31e-02c1409affdb,32e93a6f-f634-41e0-b4f0-2cb5a174e7da,,Alytaus,Glūkas,LTL234,Glūkas,POINT (6016677 537137),2021-09-21,14.5,4,2.2,8.7,8.4,7.2,338.0,2,0.03,0.002,0.06,0.092,0.61,0.011,0.07,,4.59,,,,,,,,,,,,,,,,,,,,,,,,,,,,,,,,,,,,,,,,,,,,,,,,,,,,,,,,,,,,,,,,,,,,,,,,,,,,,,,,,,,,,,,,,
datasets/gov/aaa/ezeru_monitoringas/EzeruValstybinioMonitoringoDuomenys,eb42c69f-4051-4b75-a478-3892bfc68fa3,2b949e89-9ec6-4c74-b1ef-5f7656da4460,,Vilniaus,Baluošai,LTL358,Baluošai,POINT (6102150 599957),2021-08-31,18.3,<2,2.8,9.2,8.5,4.4,313.0,2.2,"<0,02","<0,005",0.034,0.059,0.349,"<0,015","<0,015",,4.88,,,,,,,,,,,,,,,,,,,,,,,,,,,,,,,,,,,,,,,,,,,,,,,,,,,,,,,,,,,,,,,,,,,,,,,,,,,,,,,,,,,,,,,,,
datasets/gov/aaa/ezeru_monitoringas/EzeruValstybinioMonitoringoDuomenys,eb5c231b-ab8f-4ec4-b177-4c8b5febe2ee,d14cb56d-45aa-4667-99f5-954ca3ea1f5f,,Alytaus,Lavysas,LTL276,Lavysas,POINT (6003702 527390),2019-09-30,13.7,4,2.8,9.4,8.3,5.1,148.0,3.2,0.05,0.005,0.04,0.095,1.0,0.009,0.041,,5.1,,,,,,,,,,,,,,,,,,,,,,,,,,,,,,,,,,,,,,,,,,,,,,,,,,,,,,,,,,,,,,,,,,,,,,,,,,,,,,,,,,,,,,,,,
datasets/gov/aaa/ezeru_monitoringas/EzeruValstybinioMonitoringoDuomenys,ebb8a029-d69c-4b7d-87aa-65d7d5c0767b,a0113f2f-9504-459d-bed9-350413efb59e,,Utenos,Čičirys,LTL222,Čičirys,POINT (6187704 628556),2021-10-13,10.2,<2,3.1,10.1,8.4,7.0,288.0,0.69,0.014,0.002,0.05,0.066,0.42,"<0,002",0.009,,3.4,,,,,,,,,,,,,,,,,,,,,,,,,,,,,,,,,,,,,,,,,,,,,,,,,,,,,,,,,,,,,,,,,,,,,,,,,,,,,,,,,,,,,,,,,
datasets/gov/aaa/ezeru_monitoringas/EzeruValstybinioMonitoringoDuomenys,ebbf98a0-d0a4-426c-9492-0428a442603f,fbec1408-f90d-4a58-b996-da87700e4885,,Alytaus,Luksnėnų ežeras,LTL466,Luksnėnų ežeras,POINT (6028420 494673),2020-07-16,21.6,5,3.3,12.1,8.8,2.0,397.0,3.3,0.03,0.007,0.11,0.6,0.147,0.045,0.14,,15.6,,,,,,,,,,,,,,,,,,,,,,,,,,,,,,,,,,,,,,,,,,,,,,,,,,,,,,,,,,,,,,,,,,,,,,,,,,,,,,,,,,,,,,,,,
datasets/gov/aaa/ezeru_monitoringas/EzeruValstybinioMonitoringoDuomenys,ebc1c5ea-4db8-4cdc-ba38-8e7de7b27f39,940b0247-2648-4618-816f-2093d2dadf68,,Vilniaus,Gaveikių ežeras,LTL525,Gaveikių,POINT (6100859 589613),2018-09-19,18.1,2.6,3.6,75.693,7.98,1.3,352.0,2.5,0.044,"<0,004",0.042,0.09,0.637,"<0,014","<0,014",,19.4,,,,,,,,,,,,,,,,,,,,,,,,,,,,,,,,,,,,,,,,,,,,,,,,,,,,,,,,,,,,,,,,,,,,,,,,,,,,,,,,,,,,,,,,,
datasets/gov/aaa/ezeru_monitoringas/EzeruValstybinioMonitoringoDuomenys,ebcc886b-39df-4f36-b054-1e15fd708cb2,276cd5ac-37c3-487f-ba40-d62b88ff11dd,,Alytaus,Pluvija,LTL512,Pluvija,POINT (6030583 493559),2020-09-15,17.6,12,3.2,10.5,8.5,1.3,440.0,5.7,0.05,0.004,0.06,1.5,0.114,0.009,0.068,,19.4,,,,,,,,,,,,,,,,,,,,,,,,,,,,,,,,,,,,,,,,,,,,,,,,,,,,,,,,,,,,,,,,,,,,,,,,,,,,,,,,,,,,,,,,,
datasets/gov/aaa/ezeru_monitoringas/EzeruValstybinioMonitoringoDuomenys,ebd1dc42-9a62-4e80-b6d5-8abe45df32ce,04925344-048e-4b5e-a0f3-7686d9c66299,,Vilniaus,Eišiškių HE tvenkinys,LTL426,Eišiškių HE,POINT (6009672 559398),2021-10-06,11.5,5.5,3.9,9.09,8.18,1.3,497.0,4.3,0.081,0.026,1.49,1.597,1.85,"<0,015",0.032,,37.0,,,,,,,,,,,,,,,,,,,,,,,,,,,,,,,,,,,,,,,,,,,,,,,,,,,,,,,,,,,,,,,,,,,,,,,,,,,,,,,,,,,,,,,,,
datasets/gov/aaa/ezeru_monitoringas/EzeruValstybinioMonitoringoDuomenys,ebfc9575-0808-4c35-b17d-2fb38f344adc,51d1ca1d-1952-40dc-9851-be12138f9b6e,,Vilniaus,Šiemetis,LTL155,Šiemetis,POINT (6066270 556021),2018-07-17,22.1,<2,2.7,107.514,8.57,3.8,330.0,1.4,0.012,"<0,004","<0,016",0.032,0.104,"<0,014",0.014,,3.9,,,,,,,,,,,,,,,,,,,,,,,,,,,,,,,,,,,,,,,,,,,,,,,,,,,,,,,,,,,,,,,,,,,,,,,,,,,,,,,,,,,,,,,,,
datasets/gov/aaa/ezeru_monitoringas/EzeruValstybinioMonitoringoDuomenys,ebfdedc9-bee8-496d-87f1-f0b80e5a2587,862bbca1-7c68-492f-a345-89dfed9cc233,,Utenos,Žiegas,LTL296,Žiegas,POINT (6179486 611700),2020-08-19,22.3,2.3,2.5,10.2,8.9,2.8,219.0,1.4,0.03,0.001,0.03,0.061,0.8,0.002,0.021,,7.9,,,,,,,,,,,,,,,,,,,,,,,,,,,,,,,,,,,,,,,,,,,,,,,,,,,,,,,,,,,,,,,,,,,,,,,,,,,,,,,,,,,,,,,,,
datasets/gov/aaa/ezeru_monitoringas/EzeruValstybinioMonitoringoDuomenys,ec0fcb0c-691c-40e8-ab57-9ce791bf88a8,42c6b334-f409-46b8-8f76-d3e06d4b33d1,,Utenos,Čičirys,LTL222,Čičirys,POINT (6187704 628556),2020-10-21,10.7,<2,3.1,9.5,8.3,5.3,298.0,1.3,0.02,0.003,0.05,0.073,0.72,0.005,0.011,,3.3,,,,,,,,,,,,,,,,,,,,,,,,,,,,,,,,,,,,,,,,,,,,,,,,,,,,,,,,,,,,,,,,,,,,,,,,,,,,,,,,,,,,,,,,,
datasets/gov/aaa/ezeru_monitoringas/EzeruValstybinioMonitoringoDuomenys,ec668788-3470-4199-b763-e66ae3f8c940,3a229df7-7a9b-40c6-85fe-e6a68ab6c26f,,Alytaus,Krokialaukio tvenkinys,LTL188,Krokialaukio tvenkinys,POINT (6033768 482752),2020-08-25,22.8,5.5,2.9,7.3,8.2,1.0,499.0,4.4,0.05,0.006,0.09,1.7,0.146,0.009,0.053,,38.7,,,,,,,,,,,,,,,,,,,,,,,,,,,,,,,,,,,,,,,,,,,,,,,,,,,,,,,,,,,,,,,,,,,,,,,,,,,,,,,,,,,,,,,,,
datasets/gov/aaa/ezeru_monitoringas/EzeruValstybinioMonitoringoDuomenys,ecb1f685-1384-4a78-9206-18877833bd7c,6879e930-5f9e-439b-ab20-ba169ff239cc,,Utenos,Tauragnas,LTL442,Tauragnas,POINT (6147505 619651),2020-05-05,8.5,<2,2.6,14.2,8.6,5.3,307.0,2.4,0.03,0.002,0.18,0.212,0.44,0.002,"<0,0081",,0.7,,,,,,,,,,,,,,,,,,,,,,,,,,,,,,,,,,,,,,,,,,,,,,,,,,,,,,,,,,,,,,,,,,,,,,,,,,,,,,,,,,,,,,,,,
datasets/gov/aaa/ezeru_monitoringas/EzeruValstybinioMonitoringoDuomenys,ecbcc46c-5a5c-4175-b006-924810e26b56,ca111ca0-046f-495b-91fd-fc10b722d939,,Panevėžio,Notigalė,LTL147,Notigalė,POINT (6201907 581493),2017-08-31,17.6,"<1,7",0.052,7.9,6.5,0.8,29.0,5.9,0.02,0.006,0.18,0.206,0.83,0.006,0.05,,87.0,,,,,,,,,,,,,,,,,,,,,,,,,,,,,,,,,,,,,,,,,,,,,,,,,,,,,,,,,,,,,,,,,,,,,,,,,,,,,,,,,,,,,,,,,
datasets/gov/aaa/ezeru_monitoringas/EzeruValstybinioMonitoringoDuomenys,ece06ba9-4347-45e7-872e-725b16181a53,258ead62-bbfc-4895-93ea-dcd413bf2bd1,,Utenos RAAD,Rūžas,LTL399,Rūžas,,2022-07-26,23.1,2.4,2,8.9,8.3,3.3,283.0,1.2,0.02,"<0,001",0.04,0.061,0.65,0.004,0.01,,2.6,,,,,,,,,,,,,,,,,,,,,,,,,,,,,,,,,,,,,,,,,,,,,,,,,,,,,,,,,,,,,,,,,,,,,,,,,,,,,,,,,,,,,,,,,
datasets/gov/aaa/ezeru_monitoringas/EzeruValstybinioMonitoringoDuomenys,ed0d4e55-7dc0-4be9-9a3c-3065d2d95d99,e6c879ed-d1af-4c7d-9ad2-706a11a2ac46,,Utenos,Juodieji Lakajai,LTL347,Juodieji Lakajai,POINT (6119121 604788),2019-07-22,20.8,"<1,9",2.9,9.8,8.79,4.3,310.0,1.3,0.019,"<0,005",0.024,0.048,0.068,"<0,015","<0,015",,3.1,,,,,,,,,,,,,,,,,,,,,,,,,,,,,,,,,,,,,,,,,,,,,,,,,,,,,,,,,,,,,,,,,,,,,,,,,,,,,,,,,,,,,,,,,
datasets/gov/aaa/ezeru_monitoringas/EzeruValstybinioMonitoringoDuomenys,ed0f22af-b1f3-41d3-b6cf-4f8d40f09718,f47768c5-421f-4d2d-af1f-8767f3d8287c,,Utenos,Karališkių ežeras,LTL282,Karališkių ež.,POINT (6131847 569674),2020-10-06,14.9,4.3,2.7,8.9,8.38,1.2,326.0,3.2,0.05,"<0,005",0.028,0.083,0.569,"<0,015","<0,015",,39.3,,,,,,,,,,,,,,,,,,,,,,,,,,,,,,,,,,,,,,,,,,,,,,,,,,,,,,,,,,,,,,,,,,,,,,,,,,,,,,,,,,,,,,,,,
datasets/gov/aaa/ezeru_monitoringas/EzeruValstybinioMonitoringoDuomenys,ed1a6ba7-c4e5-46d1-b48b-73a08b35b2dd,ecd02fbd-05cb-4c93-a78a-bee50e919878,,Alytaus,Veisiejis,LTL237,Veisiejis,POINT (5992922 473385),2020-05-19,12.9,2,2.3,10.5,8.4,2.4,422.0,3.3,0.09,0.002,0.06,0.3,0.152,0.007,0.031,,9.9,,,,,,,,,,,,,,,,,,,,,,,,,,,,,,,,,,,,,,,,,,,,,,,,,,,,,,,,,,,,,,,,,,,,,,,,,,,,,,,,,,,,,,,,,
datasets/gov/aaa/ezeru_monitoringas/EzeruValstybinioMonitoringoDuomenys,ed4a6817-1d51-4c9b-8b98-49458ceded8d,f1dc4eae-db27-4757-bf06-328c740331dc,,Utenos,Šiurpys,LTL311,Šiurpys,POINT (6169946 635569),2017-06-20,20.2,"<1,7",1,10.0,8.7,7.5,95.0,0.9,0.06,0.001,0.04,0.101,0.5,"<0,002",0.02,,1.5,,,,,,,,,,,,,,,,,,,,,,,,,,,,,,,,,,,,,,,,,,,,,,,,,,,,,,,,,,,,,,,,,,,,,,,,,,,,,,,,,,,,,,,,,
datasets/gov/aaa/ezeru_monitoringas/EzeruValstybinioMonitoringoDuomenys,edf49862-8253-4cff-af78-dd402414c1f3,3d6b201c-8041-4adc-b772-001df4fa4dfe,,Utenos,Visaginas,LTL314,Visaginas,POINT (6164202 653012),2020-08-18,23.0,5.3,2.4,9.6,8.7,2.0,220.0,2.4,0.014,0.001,0.06,0.075,0.96,"<0,002",0.019,,8.8,,,,,,,,,,,,,,,,,,,,,,,,,,,,,,,,,,,,,,,,,,,,,,,,,,,,,,,,,,,,,,,,,,,,,,,,,,,,,,,,,,,,,,,,,
datasets/gov/aaa/ezeru_monitoringas/EzeruValstybinioMonitoringoDuomenys,ee19da55-0430-4f0a-b86f-2370e18ef49e,af08de1d-6cac-4420-b6d9-d55cc8ff3612,,Vilniaus RAAD,Žeimenys,LTL445,Žeimenys,,2022-07-20,20.8,<2,2.9,9.4,8.44,3.7,318.0,1.3,"<0,020","<0,005",0.05,0.072,0.374,"<0,015",0.021,,6.1,,,,,,,,,,,,,,,,,,,,,,,,,,,,,,,,,,,,,,,,,,,,,,,,,,,,,,,,,,,,,,,,,,,,,,,,,,,,,,,,,,,,,,,,,
datasets/gov/aaa/ezeru_monitoringas/EzeruValstybinioMonitoringoDuomenys,ee1f9f6d-6236-4a93-9e76-b885ed093ca6,9d9dd1bd-f157-40b6-ac80-0295bca91299,,Alytaus RAAD,Giluitis,LTL500,Giluitis,,2022-09-21,15.3,1.5,3.8,7.9,8.4,3.4,516.0,2.5,0.08,0.049,1.1,1.229,1.3,0.009,0.022,,9.3,,,,,,,,,,,,,,,,,,,,,,,,,,,,,,,,,,,,,,,,,,,,,,,,,,,,,,,,,,,,,,,,,,,,,,,,,,,,,,,,,,,,,,,,,
datasets/gov/aaa/ezeru_monitoringas/EzeruValstybinioMonitoringoDuomenys,ee202955-8c58-4ee0-a4a7-d1a882a3c29f,527eac6d-e050-4254-8e18-59f649ef9ef9,,Utenos,Samavas,LTL309,Samavas,POINT (6170134 639523),2018-07-24,23.5,<2,3.1,114.014,9.1,4.2,289.0,1.6,0.02,0.001,0.04,0.061,0.73,"<0,002",0.012,,3.8,,,,,,,,,,,,,,,,,,,,,,,,,,,,,,,,,,,,,,,,,,,,,,,,,,,,,,,,,,,,,,,,,,,,,,,,,,,,,,,,,,,,,,,,,
datasets/gov/aaa/ezeru_monitoringas/EzeruValstybinioMonitoringoDuomenys,ee230da2-1be8-431b-8f2a-8a4c3b67766f,9b4b7cfc-09ae-4610-a1b9-cb90eb7e6306,,Utenos,Alksnas,LTL331,Alksnas,POINT (6137078 626267),2019-05-09,12.6,<2,3.8,13.3,8.9,3.2,366.0,3.4,0.02,0.011,0.09,0.121,0.76,0.005,0.009,,11.0,,,,,,,,,,,,,,,,,,,,,,,,,,,,,,,,,,,,,,,,,,,,,,,,,,,,,,,,,,,,,,,,,,,,,,,,,,,,,,,,,,,,,,,,,
datasets/gov/aaa/ezeru_monitoringas/EzeruValstybinioMonitoringoDuomenys,ee57cd10-88b3-459b-b153-f67cd611ae74,8bdc30f2-8ba0-40c9-b363-a3cce9afcae0,,Kauno,KAUNO MARIOS,LTL71,Kauno marios,POINT (6084954 505731),2018-06-06,20.7,3.2,4.0,,8.0,1.9,419.0,2,0.008,0.009,0.1,0.125,0.19,0.045,0.076,26.0,3.1,257,"<0,01","<0,1",<1,<1,"<0,8","<0,5","<0,1",<30,"<0,1",<2,<30,0.005,0.099,0.032,"<0,004",0.001,"<0,001","<0,004","<0,003","<0,05","<0,05","<0,05","<0,05","<0,05","<0,05",,,,,,,,,,,"<0,005","<0,005","<0,005","<0,005","<0,005","<0,005","<0,005","<0,005","<0,005","<0,004","<0,004","<0,005","<0,005","<0,005","<0,005","<0,025","<0,04","<0,04","<0,04","<0,05","<0,04","<0,004","<0,003","<0,5","<0,5","<0,5","<0,005","<0,005",,0.56,"<0,005","<0,005","<0,005","<0,005","<0,005","<0,005","<0,005",,,,,,,,"<0,005","<0,034","<0,0023","<0,0003","<0,0002","<0,013",,,
datasets/gov/aaa/ezeru_monitoringas/EzeruValstybinioMonitoringoDuomenys,ee5e6124-d297-4c30-ba71-eb84317fa46f,2d89d808-5444-45ed-bdcc-26f0b78e31c3,,Vilniaus,Eišiškių HE tvenkinys,LTL426,Eišiškių HE,POINT (6009672 559398),2021-05-13,14.2,6.3,3.9,12.3,8.64,1.6,539.0,4.6,0.022,0.015,1.83,1.867,2.01,"<0,015",0.071,,24.2,,,,,,,,,,,,,,,,,,,,,,,,,,,,,,,,,,,,,,,,,,,,,,,,,,,,,,,,,,,,,,,,,,,,,,,,,,,,,,,,,,,,,,,,,
datasets/gov/aaa/ezeru_monitoringas/EzeruValstybinioMonitoringoDuomenys,ee89577a-a9f9-4950-9dbc-f9f4e10c22fa,fd7d8875-fade-4337-a0b7-f03775e962a9,,Marijampolės,Paežerių ežeras,LTL246,Paežerių ež.,POINT (6057176 434711),2020-08-24,22.5,8,3.5,8.1,8.3,1.5,446.0,2,0.04,0.005,0.2,0.245,1.4,0.02,0.049,,7.9,,,,,,,,,,,,,,,,,,,,,,,,,,,,,,,,,,,,,,,,,,,,,,,,,,,,,,,,,,,,,,,,,,,,,,,,,,,,,,,,,,,,,,,,,
datasets/gov/aaa/ezeru_monitoringas/EzeruValstybinioMonitoringoDuomenys,ee8e7524-2f24-4631-9a29-c2ed7b92fcc2,3a26bc8d-ba86-4735-96ee-ea2592a44fab,,Aplinkos apsaugos departamento Šiaulių valdyba,Gudelių ežeras,LTL264,Gudelių ež.,,2022-07-21,21.0,1.9,3.9,6.7,8.1,2.6,379.0,2.9,0.028,"<0,001",0.016,0.045,0.99,"<0,006",0.03,,5.33,,,,,,,,,,,,,,,,,,,,,,,,,,,,,,,,,,,,,,,,,,,,,,,,,,,,,,,,,,,,,,,,,,,,,,,,,,,,,,,,,,,,,,,,,
datasets/gov/aaa/ezeru_monitoringas/EzeruValstybinioMonitoringoDuomenys,ee9abd0e-2f97-4598-aa6d-d4be60850bc4,1a701406-95a5-4447-b126-73e0c8fa2d95,,Alytaus,Netečius,LTL464,Netečius,POINT (6024890 541136),2019-08-23,21.1,7.5,3.2,7.9,6.4,0.9,33.0,3,0.04,0.009,0.1,0.149,1.4,0.009,0.049,,10.6,,,,,,,,,,,,,,,,,,,,,,,,,,,,,,,,,,,,,,,,,,,,,,,,,,,,,,,,,,,,,,,,,,,,,,,,,,,,,,,,,,,,,,,,,
datasets/gov/aaa/ezeru_monitoringas/EzeruValstybinioMonitoringoDuomenys,ee9c1323-5995-432a-adc4-4d0d1602336f,3fe9514a-d618-4e0b-8908-10d2fe4a527d,,Alytaus RAAD,Giluitis,LTL500,Giluitis,,2022-08-18,24.8,2.5,3.7,8.3,8.5,3.1,495.0,3.5,0.04,0.029,0.94,1.009,1.8,"<0,007",0.026,,5.3,,,,,,,,,,,,,,,,,,,,,,,,,,,,,,,,,,,,,,,,,,,,,,,,,,,,,,,,,,,,,,,,,,,,,,,,,,,,,,,,,,,,,,,,,
datasets/gov/aaa/ezeru_monitoringas/EzeruValstybinioMonitoringoDuomenys,eeb78021-b907-4cbe-9fa0-57d458abff88,3776ab98-7143-4481-89fd-dafd1d8a5f8e,,Utenos,Stirniai,LTL343,Stirniai,POINT (6124518 605749),2018-07-11,21.2,<2,2.6,94.211,8.6,5.3,235.0,0.84,"<0,014","<0,001",0.03,0.045,0.48,0.002,0.01,,3.3,,,,,,,,,,,,,,,,,,,,,,,,,,,,,,,,,,,,,,,,,,,,,,,,,,,,,,,,,,,,,,,,,,,,,,,,,,,,,,,,,,,,,,,,,
datasets/gov/aaa/ezeru_monitoringas/EzeruValstybinioMonitoringoDuomenys,eedf71bf-bc3a-45c9-a682-dcb7f555d4ac,887e9544-063b-47e7-b527-f2d53e1378f8,,Alytaus,Baltosios Ančios HE tvenkinys,LTL189,Baltosios Ančios HE tvenkinys,POINT (5981346 485415),2017-10-05,12.5,5.5,2.4,8.2,8.1,2.2,370.0,2.7,0.09,0.004,0.06,0.154,0.5,0.007,0.091,,13.8,,,,,,,,,,,,,,,,,,,,,,,,,,,,,,,,,,,,,,,,,,,,,,,,,,,,,,,,,,,,,,,,,,,,,,,,,,,,,,,,,,,,,,,,,
datasets/gov/aaa/ezeru_monitoringas/EzeruValstybinioMonitoringoDuomenys,eeee3811-ea81-4930-ac18-41628b476fd1,a970c98d-10dc-4898-b201-d3864395c2da,,Utenos,Kirneilis,LTL349,Kirneilis,POINT (6119944 592256),2020-07-27,21.8,2.5,2.9,9.7,8.75,2.8,365.0,1.7,"<0,015","<0,005",0.033,0.053,0.626,"<0,015",0.027,,6.2,,,,,,,,,,,,,,,,,,,,,,,,,,,,,,,,,,,,,,,,,,,,,,,,,,,,,,,,,,,,,,,,,,,,,,,,,,,,,,,,,,,,,,,,,
datasets/gov/aaa/ezeru_monitoringas/EzeruValstybinioMonitoringoDuomenys,ef072a24-67c9-4bfc-8a30-1ad671b5907c,84f6060e-1e24-46a9-b9fa-8642977f45e8,,Vilniaus,Gelvanės ežeras,LTL520,Gelvanės ežeras,POINT (6101212 550083),2020-09-16,16.9,6.5,3.0,9.4,8.43,0.9,358.0,4.4,0.085,"<0,005",0.068,0.158,0.695,"<0,015",0.02,,28.2,,,,,,,,,,,,,,,,,,,,,,,,,,,,,,,,,,,,,,,,,,,,,,,,,,,,,,,,,,,,,,,,,,,,,,,,,,,,,,,,,,,,,,,,,
datasets/gov/aaa/ezeru_monitoringas/EzeruValstybinioMonitoringoDuomenys,ef28b0f3-3229-41bb-9689-cb7fa7720a15,7e51bfaf-6cf0-4b39-ae4c-d0901be7be4c,,Šiaulių,Ilgis,LTL204,Ilgis,POINT (6210196 364291),2020-02-04,3.0,"<1,6",1.3,8.2,8.6,2.1,167.0,1.9,0.042,"<0,001",0.21,0.253,0.78,"<0,005",0.011,,,,,,,,,,,,,,,,,,,,,,,,,,,,,,,,,,,,,,,,,,,,,,,,,,,,,,,,,,,,,,,,,,,,,,,,,,,,,,,,,,,,,,,,,,,
datasets/gov/aaa/ezeru_monitoringas/EzeruValstybinioMonitoringoDuomenys,ef63a42c-5844-4fe9-a0ef-c54d1334eaed,4d304d60-1aa6-4de0-ad51-6eb2051863d7,,Alytaus,Šlavantas,LTL177,Šlavantas,POINT (6000220 476800),2018-09-18,19.7,4.5,3.3,96.916,8.4,3.9,349.0,2.4,0.04,0.003,0.11,0.153,0.7,0.014,0.068,,2.9,,,,,,,,,,,,,,,,,,,,,,,,,,,,,,,,,,,,,,,,,,,,,,,,,,,,,,,,,,,,,,,,,,,,,,,,,,,,,,,,,,,,,,,,,
datasets/gov/aaa/ezeru_monitoringas/EzeruValstybinioMonitoringoDuomenys,ef8539e0-9f1e-432c-aca7-f2ae9bc755f7,d7e9b9bd-dbd2-4045-a8cb-5699f914af08,,Utenos,Dūburaitis,LTL528,Dūburaitis,POINT (6187179 624173),2020-10-15,13.1,3.1,4.2,7.3,8.1,2.6,411.0,,0.11,0.003,0.05,0.163,0.66,"<0,002",0.015,,7.0,,,,,,,,,,,,,,,,,,,,,,,,,,,,,,,,,,,,,,,,,,,,,,,,,,,,,,,,,,,,,,,,,,,,,,,,,,,,,,,,,,,,,,,,,
datasets/gov/aaa/ezeru_monitoringas/EzeruValstybinioMonitoringoDuomenys,efbd9cef-365c-4c8b-838c-e189175abe41,9d1ff7de-4fc8-45f2-9930-d8c15c22025b,,Alytaus,Glėbas,LTL377,Glėbas,POINT (6012629 533160),2019-08-26,22.2,6.5,2.4,10.7,8.7,4.2,184.0,4.4,0.06,0.004,0.12,0.184,0.8,0.011,0.041,,3.8,,,,,,,,,,,,,,,,,,,,,,,,,,,,,,,,,,,,,,,,,,,,,,,,,,,,,,,,,,,,,,,,,,,,,,,,,,,,,,,,,,,,,,,,,
datasets/gov/aaa/ezeru_monitoringas/EzeruValstybinioMonitoringoDuomenys,f0074643-90ea-4486-8522-ffd0d7fc3ed8,e2bbbf79-ba22-4fc4-8727-36c39920f1a4,,Vilniaus RAAD,Vilnoja,LTL365,Vilnoja,,2022-07-21,20.9,<2,2.4,10.5,8.67,4.3,269.0,1.0,"<0,02","<0,005",0.026,0.051,0.497,"<0,015",0.035,,1.4,,,,,,,,,,,,,,,,,,,,,,,,,,,,,,,,,,,,,,,,,,,,,,,,,,,,,,,,,,,,,,,,,,,,,,,,,,,,,,,,,,,,,,,,,
datasets/gov/aaa/ezeru_monitoringas/EzeruValstybinioMonitoringoDuomenys,f015d44e-6fd4-422a-9afc-b4004ead4e94,3cbcda37-e38c-446a-bed6-8a3d413f205a,,Utenos RAAD,Alnis,LTL65,Alnis,,2022-10-20,10.5,<2,1.7,9.6,8.1,7.0,182.0,0.89,0.05,"<0,001",0.02,0.071,0.27,"<0,002","<0,0081",,1.7,,,,,,,,,,,,,,,,,,,,,,,,,,,,,,,,,,,,,,,,,,,,,,,,,,,,,,,,,,,,,,,,,,,,,,,,,,,,,,,,,,,,,,,,,
datasets/gov/aaa/ezeru_monitoringas/EzeruValstybinioMonitoringoDuomenys,f06816db-ebe0-4de7-b535-0b6229b4a340,5ef051c7-2707-4cf7-8b4e-60ff630a8602,,Vilniaus,Riešė,LTL165,Riešė,POINT (6072871 571379),2021-08-16,20.7,10,3.2,10.4,8.67,0.9,388.0,5.1,0.069,"<0,005",0.156,0.23,0.594,"<0,015","<0,015",,30.59,,,,,,,,,,,,,,,,,,,,,,,,,,,,,,,,,,,,,,,,,,,,,,,,,,,,,,,,,,,,,,,,,,,,,,,,,,,,,,,,,,,,,,,,,
datasets/gov/aaa/ezeru_monitoringas/EzeruValstybinioMonitoringoDuomenys,f10d3ea8-06de-4234-86bc-c4421db2c5b9,ad892988-a0eb-4702-bd31-ad1f71c4b795,,Utenos,Nemeikščių tvenkinys,LTL432,Nemeikščių tvenkinys,POINT (6149167 604368),2018-04-25,11.6,4.1,4.5,84.793,8.6,1.4,435.0,2.1,0.014,0.016,1.1,1.13,1.3,"<0,002",0.018,,12.78,,,,,,,,,,,,,,,,,,,,,,,,,,,,,,,,,,,,,,,,,,,,,,,,,,,,,,,,,,,,,,,,,,,,,,,,,,,,,,,,,,,,,,,,,
datasets/gov/aaa/ezeru_monitoringas/EzeruValstybinioMonitoringoDuomenys,f12e126f-ef74-4a60-b550-2c9044986fb9,07c67204-46d3-4d40-9708-be099b9e9bfc,,Utenos,Šiurpys,LTL311,Šiurpys,POINT (6169946 635569),2020-06-17,20.6,<2,1.0,10.3,8.4,8.7,86.0,1.2,0.02,"<0,001",0.04,0.061,0.35,"<0,002","<0,0081",,1.8,,,,,,,,,,,,,,,,,,,,,,,,,,,,,,,,,,,,,,,,,,,,,,,,,,,,,,,,,,,,,,,,,,,,,,,,,,,,,,,,,,,,,,,,,
datasets/gov/aaa/ezeru_monitoringas/EzeruValstybinioMonitoringoDuomenys,f1536ff1-3ea4-4537-954f-e9f47239f3cd,5beacce9-43df-4486-88f5-b6e7b6a844e8,,Utenos,Asavas,LTL310,Asavas,POINT (6167521 638935),2017-06-20,20.1,1.9,2.9,9.1,8.5,5.0,277.0,2.1,"<0,014",0.001,0.04,0.055,0.56,"<0,002",0.034,,2.2,,,,,,,,,,,,,,,,,,,,,,,,,,,,,,,,,,,,,,,,,,,,,,,,,,,,,,,,,,,,,,,,,,,,,,,,,,,,,,,,,,,,,,,,,
datasets/gov/aaa/ezeru_monitoringas/EzeruValstybinioMonitoringoDuomenys,f16127a1-8b30-4057-a41c-f14b52069fb4,738d2848-a6b3-480d-ac8f-404d799b1330,,Vilniaus,Spindžius,LTL106,Spindžius,POINT (6048288 544856),2021-10-12,10.4,<2,3.1,9.06,7.96,4.2,360.0,1,"<0,02","<0,005",0.022,0.047,0.479,"<0,015",0.112,,3.26,,,,,,,,,,,,,,,,,,,,,,,,,,,,,,,,,,,,,,,,,,,,,,,,,,,,,,,,,,,,,,,,,,,,,,,,,,,,,,,,,,,,,,,,,
datasets/gov/aaa/ezeru_monitoringas/EzeruValstybinioMonitoringoDuomenys,f19a2b5d-3049-4612-90d1-e67339f3dad4,f691d706-37b8-4df1-95cb-8b21e0bc3147,,Šiaulių,Rėkyvos ežeras,LTL64,Rėkyvos,POINT (6192439 456065),2021-07-27,22.0,13,2.1,6.3,8.7,0.8,232.0,9.3,0.017,"<0,001",0.018,0.036,1.9,"<0,006",0.044,,52.54,,,,,,,,,,,,,,,,,,,,,,,,,,,,,,,,,,,,,,,,,,,,,,,,,,,,,,,,,,,,,,,,,,,,,,,,,,,,,,,,,,,,,,,,,
datasets/gov/aaa/ezeru_monitoringas/EzeruValstybinioMonitoringoDuomenys,f1c57b63-301f-414c-9beb-6dba9bad5618,8a04c54b-99c1-452f-b190-2559d8937406,,Utenos,Zalvas,LTL523,Zalvas,POINT (6169360 632093),2020-05-18,10.7,<2,2.7,11.1,8.5,7.7,292.0,2,"<0,014",0.002,0.07,0.086,0.39,"<0,002","<0,0081",,3.3,,,,,,,,,,,,,,,,,,,,,,,,,,,,,,,,,,,,,,,,,,,,,,,,,,,,,,,,,,,,,,,,,,,,,,,,,,,,,,,,,,,,,,,,,
datasets/gov/aaa/ezeru_monitoringas/EzeruValstybinioMonitoringoDuomenys,f1e3cddf-3d36-42b1-9b0f-068a9787ba92,801485c3-08f6-478b-a222-979ad38b8afb,,Vilniaus,Nikajis,LTL355,Nikajis,POINT (6103950 603917),2021-08-31,17.8,<2,2.9,7.5,8.05,2.6,318.0,2.3,0.05,"<0,005",0.063,0.118,0.493,0.053,0.054,,22.5,,,,,,,,,,,,,,,,,,,,,,,,,,,,,,,,,,,,,,,,,,,,,,,,,,,,,,,,,,,,,,,,,,,,,,,,,,,,,,,,,,,,,,,,,
datasets/gov/aaa/ezeru_monitoringas/EzeruValstybinioMonitoringoDuomenys,f1f3784c-7d36-4ff5-a248-4e3b757bac14,b84b736f-4630-4e15-bee5-bb7871966c8d,,Utenos,Almajas,LTL322,Almajas,POINT (6141249 625462),2020-05-06,10.7,<2,2.7,11.7,8.5,3.0,296.0,3.3,0.02,0.001,0.05,0.071,0.23,"<0,002",0.012,,6.8,,,,,,,,,,,,,,,,,,,,,,,,,,,,,,,,,,,,,,,,,,,,,,,,,,,,,,,,,,,,,,,,,,,,,,,,,,,,,,,,,,,,,,,,,
datasets/gov/aaa/ezeru_monitoringas/EzeruValstybinioMonitoringoDuomenys,f2560584-3cd8-4a7a-99e7-f26f081c5c26,de7e5de4-6e7c-4ce0-b835-b47e7b062f5f,,Utenos,Laukesas,LTL527,Laukesas,POINT (6181714 644152),2020-07-28,22.3,2.5,4.4,10.4,8.6,2.8,340.0,2.2,"<0,014",0.002,0.06,0.076,0.74,0.004,0.02,,11.0,,,,,,,,,,,,,,,,,,,,,,,,,,,,,,,,,,,,,,,,,,,,,,,,,,,,,,,,,,,,,,,,,,,,,,,,,,,,,,,,,,,,,,,,,
datasets/gov/aaa/ezeru_monitoringas/EzeruValstybinioMonitoringoDuomenys,f25d462b-dd90-4a82-a223-3567598e3796,1b33f262-b2fa-4160-a532-ad58d4ee5dbb,,Šiaulių,Tausalas,LTL206,Tausalas,POINT (6213325 393517),2020-08-17,25.0,3.2,3.0,8.4,8.3,1.7,289.0,5.3,0.035,0.001,0.013,0.049,2.0,"<0,005",0.051,,6.66,,,,,,,,,,,,,,,,,,,,,,,,,,,,,,,,,,,,,,,,,,,,,,,,,,,,,,,,,,,,,,,,,,,,,,,,,,,,,,,,,,,,,,,,,
datasets/gov/aaa/ezeru_monitoringas/EzeruValstybinioMonitoringoDuomenys,f273d106-fbb1-4dfe-8878-3417046452e1,ff73bcd4-dabb-4d55-8857-6b8d3c994157,,Kauno,Sujainių tvenkinys,LTL420,Sujainių tvenkinys,POINT (6139208 434911),2018-09-18,18.2,6.4,3.5,,8.4,0.8,376.0,5.6,0.09,0.005,0.08,0.175,0.85,0.014,0.084,,66.8,,,,,,,,,,,,,,,,,,,,,,,,,,,,,,,,,,,,,,,,,,,,,,,,,,,,,,,,,,,,,,,,,,,,,,,,,,,,,,,,,,,,,,,,,
datasets/gov/aaa/ezeru_monitoringas/EzeruValstybinioMonitoringoDuomenys,f294632f-236b-4927-8a2d-7c20ee06c5a5,7e026a8b-aa99-4a1f-a1c0-b063393f805c,,Utenos,Kavarsko tvenkinys,LTL416,Kavarsko,POINT (6145097 560110),2019-07-22,20.4,<2,5.1,10.2,8.4,2.7,492.0,1.1,0.02,"<0,001",0.04,0.061,0.53,0.01,0.034,,17.6,,,,,,,,,,,,,,,,,,,,,,,,,,,,,,,,,,,,,,,,,,,,,,,,,,,,,,,,,,,,,,,,,,,,,,,,,,,,,,,,,,,,,,,,,
datasets/gov/aaa/ezeru_monitoringas/EzeruValstybinioMonitoringoDuomenys,f29d032a-288a-4ebc-b988-6bfe661939e0,7f0247c4-e4a0-47ed-a408-d02a9eb593a8,,Marijampolės RAAD,Voverių tvenkinys,LTL519,Voverių tvenkinys,,2022-07-28,20.9,8,3.9,5.1,8.2,1.3,552.0,3.4,0.04,0.019,0.67,0.729,2.0,0.007,0.066,,33.1,,,,,,,,,,,,,,,,,,,,,,,,,,,,,,,,,,,,,,,,,,,,,,,,,,,,,,,,,,,,,,,,,,,,,,,,,,,,,,,,,,,,,,,,,
datasets/gov/aaa/ezeru_monitoringas/EzeruValstybinioMonitoringoDuomenys,f2a089a2-0b25-40d5-ad0e-5d9b453c7de3,7aa1460b-353d-4f72-81d5-6dd8bd0a26ad,,Vilniaus RAAD,Vajuonis,LTL325,Vajuonis,,2022-05-10,11.3,2.1,3.3,12.1,8.68,2.7,254.0,1.9,"<0,02",0.005,0.21,0.235,0.598,"<0,015","<0,015",,9.5,,,,,,,,,,,,,,,,,,,,,,,,,,,,,,,,,,,,,,,,,,,,,,,,,,,,,,,,,,,,,,,,,,,,,,,,,,,,,,,,,,,,,,,,,
datasets/gov/aaa/ezeru_monitoringas/EzeruValstybinioMonitoringoDuomenys,f2b5279f-667a-45a2-a3c0-c92a9de0debe,4953610a-5aa2-45b9-b930-69ffe98e681c,,Utenos,Alaušas,LTL231,Alaušas,POINT (6165828 607108),2021-07-19,26.6,<2,2.5,8.9,8.6,6.9,237.0,0.91,0.02,0.008,0.07,0.098,1.0,"<0,002","<0,0081",,2.1,,,,,,,,,,,,,,,,,,,,,,,,,,,,,,,,,,,,,,,,,,,,,,,,,,,,,,,,,,,,,,,,,,,,,,,,,,,,,,,,,,,,,,,,,
datasets/gov/aaa/ezeru_monitoringas/EzeruValstybinioMonitoringoDuomenys,f30597ca-0574-4aa6-97fc-960a226b9437,d3c4a1ff-2015-482f-8810-3555c0b0b063,,Vilniaus,Verniejus,LTL117,Verniejus,POINT (6046107 538059),2018-08-30,21.0,<2,1.7,101.81,8.42,4.9,201.0,1.2,"<0,01","<0,004","<0,016",0.03,0.338,"<0,014",0.014,,5.7,,,,,,,,,,,,,,,,,,,,,,,,,,,,,,,,,,,,,,,,,,,,,,,,,,,,,,,,,,,,,,,,,,,,,,,,,,,,,,,,,,,,,,,,,
datasets/gov/aaa/ezeru_monitoringas/EzeruValstybinioMonitoringoDuomenys,f34c2771-77ae-4e41-b2e3-031212602620,918cd807-5cad-451d-9232-849eca682968,,Vilniaus,Drabužis,LTL116,Drabužis,POINT (6048718 541867),2021-10-12,10.2,<2,3.8,9.28,8.27,4.3,408.0,2.4,"<0,02","<0,005",0.026,0.051,0.371,"<0,015",0.054,,9.47,,,,,,,,,,,,,,,,,,,,,,,,,,,,,,,,,,,,,,,,,,,,,,,,,,,,,,,,,,,,,,,,,,,,,,,,,,,,,,,,,,,,,,,,,
datasets/gov/aaa/ezeru_monitoringas/EzeruValstybinioMonitoringoDuomenys,f3e0ac86-168d-49ed-a039-7c49ff48ae1d,3a4358eb-2cd3-4545-ad44-27a5a3e1e8b6,,Utenos,Stirniai,LTL343,Stirniai,POINT (6124518 605749),2018-10-16,11.8,<2,2.5,99.074,8.4,5.8,245.0,2,0.05,0.002,0.04,0.092,0.42,0.002,0.011,,2.7,,,,,,,,,,,,,,,,,,,,,,,,,,,,,,,,,,,,,,,,,,,,,,,,,,,,,,,,,,,,,,,,,,,,,,,,,,,,,,,,,,,,,,,,,
datasets/gov/aaa/ezeru_monitoringas/EzeruValstybinioMonitoringoDuomenys,f3f71e99-5863-4325-8a98-151a52256081,2553457c-6dcc-4197-bf65-624b5df8dddd,,Vilniaus,Lazdinių ežeras,LTL389,Lazdinių ežeras,POINT (6121375 667846),2019-07-23,20.4,3.6,5.1,8.4,8.65,2.1,474.0,1.8,0.018,"<0,005",0.432,0.455,0.493,"<0,015",0.015,,7.3,,,,,,,,,,,,,,,,,,,,,,,,,,,,,,,,,,,,,,,,,,,,,,,,,,,,,,,,,,,,,,,,,,,,,,,,,,,,,,,,,,,,,,,,,
datasets/gov/aaa/ezeru_monitoringas/EzeruValstybinioMonitoringoDuomenys,f40420eb-d1ff-4842-8da0-ef86a4829f76,4b09c285-0b79-4044-b6b1-c045757c7f16,,Utenos,Šventas,LTL39,Šventas,POINT (6166706 644760),2018-09-18,18.0,<2,1.1,98.936,8.4,6.7,92.0,0.9,0.02,"<0,001",0.01,0.031,0.6,"<0,002","<0,0083",,2.5,,,,,,,,,,,,,,,,,,,,,,,,,,,,,,,,,,,,,,,,,,,,,,,,,,,,,,,,,,,,,,,,,,,,,,,,,,,,,,,,,,,,,,,,,
datasets/gov/aaa/ezeru_monitoringas/EzeruValstybinioMonitoringoDuomenys,f4671234-7fd5-4f27-a56a-8677ad7482aa,0f95dccd-3ea0-4de1-8ff8-9d4828368507,,Vilniaus,Eišiškių HE tvenkinys,LTL426,Eišiškių HE,POINT (6009672 559398),2021-07-26,25.7,13,3.7,11.0,8.6,1.1,488.0,5.8,"<0,02","<0,005",0.059,0.084,0.22,"<0,015",0.018,,23.2,,,,,,,,,,,,,,,,,,,,,,,,,,,,,,,,,,,,,,,,,,,,,,,,,,,,,,,,,,,,,,,,,,,,,,,,,,,,,,,,,,,,,,,,,
datasets/gov/aaa/ezeru_monitoringas/EzeruValstybinioMonitoringoDuomenys,f469e5ce-d599-4502-a10a-ed3d46801b2c,feff84f7-d2c0-48ea-a77c-4abaa6bfbd56,,Utenos,Žilmas,LTL398,Žilmas,POINT (6154895 657251),2021-08-30,18.4,<2,2.7,8.6,8.3,6.2,250.0,0.85,0.02,0.001,0.05,0.071,0.46,0.003,0.012,,2.07,,,,,,,,,,,,,,,,,,,,,,,,,,,,,,,,,,,,,,,,,,,,,,,,,,,,,,,,,,,,,,,,,,,,,,,,,,,,,,,,,,,,,,,,,
datasets/gov/aaa/ezeru_monitoringas/EzeruValstybinioMonitoringoDuomenys,f4d4b850-342f-427e-a049-76cfbf8d1a4c,64f260c4-2180-4344-a116-68c18ca51734,,Šiaulių,Dvariukų tvenkinys,LTL403,Dvariukų tvenkinys,POINT (6215124 503814),2019-04-29,14.0,<2,5.4,8.4,8.5,2.7,851.0,3.7,0.016,0.035,7,7.051,7.9,"<0,005",0.05,,4.86,,,,,,,,,,,,,,,,,,,,,,,,,,,,,,,,,,,,,,,,,,,,,,,,,,,,,,,,,,,,,,,,,,,,,,,,,,,,,,,,,,,,,,,,,
datasets/gov/aaa/ezeru_monitoringas/EzeruValstybinioMonitoringoDuomenys,f512695e-51a9-4a10-99a8-86fc20e96728,67244348-d3b9-41c5-bb07-e04e8c55fa11,,Alytaus,Pluvija,LTL512,Pluvija,POINT (6030583 493559),2017-05-16,14.4,8,4,11.2,8.6,1.4,447.0,5.9,0.05,0.004,0.08,0.134,1.2,0.021,0.081,,17.1,,,,,,,,,,,,,,,,,,,,,,,,,,,,,,,,,,,,,,,,,,,,,,,,,,,,,,,,,,,,,,,,,,,,,,,,,,,,,,,,,,,,,,,,,
datasets/gov/aaa/ezeru_monitoringas/EzeruValstybinioMonitoringoDuomenys,f53df1af-d0a0-4cf6-8efb-f1d0b1717117,01f33d37-fb47-4475-acfb-96d42b324c8c,,Alytaus,Latežeris,LTL513,Latežeris,POINT (5982569 506877),2019-07-16,20.2,8,2.8,16.9,9.1,0.55,202.0,5.1,0.03,0.005,0.09,0.122,1.5,0.009,0.058,,118.4,,,,,,,,,,,,,,,,,,,,,,,,,,,,,,,,,,,,,,,,,,,,,,,,,,,,,,,,,,,,,,,,,,,,,,,,,,,,,,,,,,,,,,,,,
datasets/gov/aaa/ezeru_monitoringas/EzeruValstybinioMonitoringoDuomenys,f5543f2e-5bfa-480c-8460-5b8f928fdb18,464fcf3e-ea86-4957-a835-e0f71f2d9688,,Utenos,Juodieji Lakajai,LTL347,Juodieji Lakajai,POINT (6119121 604788),2019-08-21,21.3,"<1,9",2.7,9.3,8.76,3.4,299.0,0.6,"<0,015","<0,005",0.024,0.044,0.313,"<0,015","<0,015",,2.4,,,,,,,,,,,,,,,,,,,,,,,,,,,,,,,,,,,,,,,,,,,,,,,,,,,,,,,,,,,,,,,,,,,,,,,,,,,,,,,,,,,,,,,,,
datasets/gov/aaa/ezeru_monitoringas/EzeruValstybinioMonitoringoDuomenys,f5568254-9df0-4d9d-b151-48d5cc2d2fc7,d12dff09-e0c3-4128-81da-f573675518e1,,Vilniaus,Vilkokšnis,LTL373,Vilkokšnis,POINT (6041527 543621),2021-07-20,25.5,2.7,2.6,8.2,8.13,2.2,328.0,1.5,"<0,02","<0,005","<0,015",0.04,0.5,"<0,015",0.018,,6.81,,,,,,,,,,,,,,,,,,,,,,,,,,,,,,,,,,,,,,,,,,,,,,,,,,,,,,,,,,,,,,,,,,,,,,,,,,,,,,,,,,,,,,,,,
datasets/gov/aaa/ezeru_monitoringas/EzeruValstybinioMonitoringoDuomenys,f5acff3f-dfec-438c-8377-7848855687f8,b8bf3468-af36-4c6c-a2c0-8d479016a7e9,,Utenos,Drūkšiai,LTL52,Drūkšiai,POINT (6169167 664078),2020-05-26,12.1,,,10.3,7.7,6.8,296.0,,,,,,,,,,,,,,,,,,,,,,,,,,,,,,,,,,,,,,,,,,,,,,,,,,,,,,,,,,,,,,,,,,,,,,,,,,,,,,,,,,,,,,,,,,,,,,,,,,,
datasets/gov/aaa/ezeru_monitoringas/EzeruValstybinioMonitoringoDuomenys,f5b06784-827c-4d01-a830-8146ce2a3e80,057df92c-3952-4865-872b-43cf4b484a96,,Utenos,Pienionių tvenkinys,LTL430,Pienionių tvenkinys,POINT (6146819 555740),2019-09-02,20.2,11,4.8,7.5,8.1,0.8,495.0,6,0.02,"<0,001",0.05,0.071,0.57,0.004,0.072,,60.5,,,,,,,,,,,,,,,,,,,,,,,,,,,,,,,,,,,,,,,,,,,,,,,,,,,,,,,,,,,,,,,,,,,,,,,,,,,,,,,,,,,,,,,,,
datasets/gov/aaa/ezeru_monitoringas/EzeruValstybinioMonitoringoDuomenys,f64275fe-19dc-4a15-8b92-034baf178449,68cec598-98c0-4d0b-b056-1921548aa572,,Panevėžio RAAD,Skaistė,LTL385,Skaistė,,2022-08-22,23.6,<2,3.5,8.1,8.2,3.6,359.0,1.3,0.02,0.001,0.11,0.131,0.5,0.003,0.013,,16.7,,,,,,,,,,,,,,,,,,,,,,,,,,,,,,,,,,,,,,,,,,,,,,,,,,,,,,,,,,,,,,,,,,,,,,,,,,,,,,,,,,,,,,,,,
datasets/gov/aaa/ezeru_monitoringas/EzeruValstybinioMonitoringoDuomenys,f6582799-9baa-45fe-ad4f-5988324ee132,305de61a-2b6d-46b4-9d0d-cce7a85b7ff8,,Alytaus,Vabalių ežeras,LTL379,Vabalių,POINT (6016717 507296),2021-05-25,16.1,2,1.0,10.2,8.6,2.6,101.0,2.7,0.05,0.004,0.1,0.154,0.71,"<0,007",0.053,,4.7,,,,,,,,,,,,,,,,,,,,,,,,,,,,,,,,,,,,,,,,,,,,,,,,,,,,,,,,,,,,,,,,,,,,,,,,,,,,,,,,,,,,,,,,,
datasets/gov/aaa/ezeru_monitoringas/EzeruValstybinioMonitoringoDuomenys,f686281f-554d-46b1-9c13-80284b62a515,2c16083f-88dc-4bd9-a27b-977ec76045c5,,Alytaus,Latežeris,LTL513,Latežeris,POINT (5982569 506877),2019-09-30,13.1,7.5,2.7,10.2,8.5,1.1,250.0,5.2,0.06,0.007,0.07,0.137,1.4,0.013,0.056,,57.6,,,,,,,,,,,,,,,,,,,,,,,,,,,,,,,,,,,,,,,,,,,,,,,,,,,,,,,,,,,,,,,,,,,,,,,,,,,,,,,,,,,,,,,,,
datasets/gov/aaa/ezeru_monitoringas/EzeruValstybinioMonitoringoDuomenys,f6c3b1b4-0235-4b56-9c75-5b5e8da62f37,22aad976-1790-4b7c-b655-e1775228ee0c,,Vilniaus,Nestrėvantys,LTL535,Nestrėvantys,POINT (6057805 543596),2020-05-07,12.7,4.3,3.4,10.9,8.65,1.3,416.0,2.7,"<0,015","<0,005",0.027,0.047,0.31,"<0,015",0.017,,11.6,,,,,,,,,,,,,,,,,,,,,,,,,,,,,,,,,,,,,,,,,,,,,,,,,,,,,,,,,,,,,,,,,,,,,,,,,,,,,,,,,,,,,,,,,
datasets/gov/aaa/ezeru_monitoringas/EzeruValstybinioMonitoringoDuomenys,f6d2e912-0adb-4ef0-afdd-8743be0cab91,f841ba99-088e-4ac5-8094-40d1bc12e263,,Šiaulių,Gauštvinis,LTL518,Gauštvinis,POINT (6168601 449429),2020-08-19,22.0,20,4.3,8.1,8.2,1.0,492.0,5.5,0.035,"<0,001",0.016,0.052,2.5,"<0,005",0.048,,62.61,,,,,,,,,,,,,,,,,,,,,,,,,,,,,,,,,,,,,,,,,,,,,,,,,,,,,,,,,,,,,,,,,,,,,,,,,,,,,,,,,,,,,,,,,
datasets/gov/aaa/ezeru_monitoringas/EzeruValstybinioMonitoringoDuomenys,f6fe550c-2295-4566-b7d6-25b2414e0f18,2c27f2b1-9b00-4c9b-ae07-e84049924b28,,Šiaulių,Biržulis,LTL208,Biržulis,POINT (6182662 402309),2017-07-27,22.0,5.1,3.6,4.9,8.5,,365.0,3.3,"<0,008",0.003,"<0,003",0.014,1.4,"<0,005",0.04,,2.0,,,,,,,,,,,,,,,,,,,,,,,,,,,,,,,,,,,,,,,,,,,,,,,,,,,,,,,,,,,,,,,,,,,,,,,,,,,,,,,,,,,,,,,,,
datasets/gov/aaa/ezeru_monitoringas/EzeruValstybinioMonitoringoDuomenys,f700174d-0f8d-4105-a996-487dd0723f9a,0223a4a2-b352-4e59-9ef6-1903a812cdf2,,Utenos,Asavas,LTL310,Asavas,POINT (6167521 638935),2017-07-13,20.1,2.6,1,9.4,8.7,3.6,267.0,1.3,"<0,014",0.002,0.04,0.056,0.49,"<0,002",0.012,,3.3,,,,,,,,,,,,,,,,,,,,,,,,,,,,,,,,,,,,,,,,,,,,,,,,,,,,,,,,,,,,,,,,,,,,,,,,,,,,,,,,,,,,,,,,,
datasets/gov/aaa/ezeru_monitoringas/EzeruValstybinioMonitoringoDuomenys,f71db6e3-f17d-4af8-b04d-318572803729,37722e97-96b8-4e38-9a8b-d04fa88dc28a,,Utenos RAAD,Šventas,LTL39,Šventas,,2022-01-24,0.2,<2,1,14.6,8.3,8.8,117.0,1.4,0.06,0.003,0.11,0.173,0.59,0.005,"<0,0081",,,,,,,,,,,,,,,,,,,,,,,,,,,,,,,,,,,,,,,,,,,,,,,,,,,,,,,,,,,,,,,,,,,,,,,,,,,,,,,,,,,,,,,,,,,
datasets/gov/aaa/ezeru_monitoringas/EzeruValstybinioMonitoringoDuomenys,f750a065-bf91-4f71-85ab-62ff329ecbb7,e7aa4529-debb-4a70-a135-e56806a54e91,,Vilniaus,Širvio ežeras,LTL451,Širvio ežeras,POINT (6095301 577823),2019-04-17,8.5,4.1,4.1,13.6,8.3,1.4,458.0,4.7,0.03,0.021,0.864,0.915,2.15,"<0,015",0.029,,16.6,,,,,,,,,,,,,,,,,,,,,,,,,,,,,,,,,,,,,,,,,,,,,,,,,,,,,,,,,,,,,,,,,,,,,,,,,,,,,,,,,,,,,,,,,
datasets/gov/aaa/ezeru_monitoringas/EzeruValstybinioMonitoringoDuomenys,f761c072-1637-4252-be7e-eb619813aa6e,f3b79d47-0186-4c1c-aac6-7ee69dfe6f25,,Šiaulių,Mastis,LTL435,Mastis,POINT (6205996 390736),2020-04-27,12.0,11,2.8,9.2,8.7,1.2,350.0,6,0.029,0.005,0.14,0.174,1.2,"<0,005",0.058,,40.85,,,,,,,,,,,,,,,,,,,,,,,,,,,,,,,,,,,,,,,,,,,,,,,,,,,,,,,,,,,,,,,,,,,,,,,,,,,,,,,,,,,,,,,,,
datasets/gov/aaa/ezeru_monitoringas/EzeruValstybinioMonitoringoDuomenys,f778eeba-7756-4167-93b2-9adb824ffd58,23de5132-b369-4920-9758-63c968052a2e,,Alytaus,Baltosios Ančios HE tvenkinys,LTL189,Baltosios Ančios HE tvenkinys,POINT (5981346 485415),2020-09-14,17.6,4.5,3.2,9.6,8.4,2.1,329.0,3.2,0.02,0.004,0.03,0.7,0.054,0.007,0.041,,21.1,,,,,,,,,,,,,,,,,,,,,,,,,,,,,,,,,,,,,,,,,,,,,,,,,,,,,,,,,,,,,,,,,,,,,,,,,,,,,,,,,,,,,,,,,
datasets/gov/aaa/ezeru_monitoringas/EzeruValstybinioMonitoringoDuomenys,f7d082c8-1aaa-439b-b5dc-6a130a127783,d28cd7cc-e2af-468c-9b73-47449c8cf924,,Šiaulių,Baltausių tvenkinys,LTL404,Baltausių tvenkinys,POINT (6240743 499049),2019-04-29,16.0,5.9,4.0,8.5,8.8,1.2,673.0,2.5,0.008,0.065,8.5,8.573,9.2,"<0,005",0.029,,32.86,,,,,,,,,,,,,,,,,,,,,,,,,,,,,,,,,,,,,,,,,,,,,,,,,,,,,,,,,,,,,,,,,,,,,,,,,,,,,,,,,,,,,,,,,
datasets/gov/aaa/ezeru_monitoringas/EzeruValstybinioMonitoringoDuomenys,f7e5a8c2-73e3-41c7-aff9-bbb6747f7c52,ffb617d0-de8f-4c6f-b3dc-88250adc3552,,Utenos,Šakių ežeras,LTL531,Šakių,POINT (6171379 658835),2018-05-07,16.8,2.4,1.5,103.627,8.7,1.3,135.0,3.2,"<0,014","<0,001",0.16,0.175,0.91,0.002,0.027,,24.71,,,,,,,,,,,,,,,,,,,,,,,,,,,,,,,,,,,,,,,,,,,,,,,,,,,,,,,,,,,,,,,,,,,,,,,,,,,,,,,,,,,,,,,,,
datasets/gov/aaa/ezeru_monitoringas/EzeruValstybinioMonitoringoDuomenys,f7fc283e-5e7b-4e47-bd2e-08294bbfc663,70048e1f-f657-4fa6-9ee6-316c45caf4e1,,Šiaulių,Ginkūnų tvenkinys,LTL272,Ginkūnų tvenkinys,POINT (6200978 460657),2019-07-24,23.0,3.3,3.5,8.2,7.2,1.8,558.0,4.6,0.036,0.001,0.009,0.046,0.91,"<0,005",0.027,,9.09,,,,,,,,,,,,,,,,,,,,,,,,,,,,,,,,,,,,,,,,,,,,,,,,,,,,,,,,,,,,,,,,,,,,,,,,,,,,,,,,,,,,,,,,,
datasets/gov/aaa/ezeru_monitoringas/EzeruValstybinioMonitoringoDuomenys,f8054f0c-398e-4e7d-8ed9-2fc82ccd9937,2cd8a6b2-5d49-41e4-8d3b-68ea070f082f,,Šiaulių,Kivylių tvenkinys,LTL270,Kivylių,POINT (6246663 419282),2020-04-20,8.0,4.6,5.5,9.6,8.3,1.2,719.0,3.8,0.025,0.019,5.9,5.944,6.1,"<0,005",0.033,,28.86,,,,,,,,,,,,,,,,,,,,,,,,,,,,,,,,,,,,,,,,,,,,,,,,,,,,,,,,,,,,,,,,,,,,,,,,,,,,,,,,,,,,,,,,,
datasets/gov/aaa/ezeru_monitoringas/EzeruValstybinioMonitoringoDuomenys,f8268514-4f6d-40db-99d4-df0a8c4b361d,0083dbda-312b-414e-a73f-41625e269193,,Utenos,Galuonis,LTL341,Galuonis,POINT (6133821 609874),2021-08-19,19.2,8.6,3.7,8.1,8.36,2.4,397.0,1.4,0.023,"<0,005",0.107,0.135,1.12,0.035,"<0,015",,9.47,,,,,,,,,,,,,,,,,,,,,,,,,,,,,,,,,,,,,,,,,,,,,,,,,,,,,,,,,,,,,,,,,,,,,,,,,,,,,,,,,,,,,,,,,
datasets/gov/aaa/ezeru_monitoringas/EzeruValstybinioMonitoringoDuomenys,f84090d7-e6d7-4cb4-9ada-da6a548a6250,0584430a-2cb8-4d9b-a6fa-54351efefe65,,Utenos,Kertuojai,LTL227,Kertuojai,POINT (6117291 603553),2019-05-09,11.8,3.9,2.9,11.3,8.85,1.4,324.0,2.1,"<0,015","<0,005",0.087,0.107,0.616,"<0,015","<0,015",,6.9,,,,,,,,,,,,,,,,,,,,,,,,,,,,,,,,,,,,,,,,,,,,,,,,,,,,,,,,,,,,,,,,,,,,,,,,,,,,,,,,,,,,,,,,,
datasets/gov/aaa/ezeru_monitoringas/EzeruValstybinioMonitoringoDuomenys,f85431be-0bd2-46bc-aca3-d4c11471af28,2ea2b673-a4c4-4d69-b94c-beca2a4b6b41,,Utenos,Galuonai,LTL224,Galuonai,POINT (6114776 596830),2020-05-18,10.9,4.2,3.0,12.4,8.71,2.6,327.0,1.8,0.022,"<0,005",0.222,0.249,0.63,"<0,015",0.018,,10.7,,,,,,,,,,,,,,,,,,,,,,,,,,,,,,,,,,,,,,,,,,,,,,,,,,,,,,,,,,,,,,,,,,,,,,,,,,,,,,,,,,,,,,,,,
datasets/gov/aaa/ezeru_monitoringas/EzeruValstybinioMonitoringoDuomenys,f888f7db-5f35-483c-ad82-dadf5d046324,2d084f12-0dbb-48be-ba9d-66c192e9f1c0,,Utenos,Suvieko ežeras,LTL304,Suvieko ežeras,POINT (6192624 632087),2020-05-11,14.3,3.3,3.2,11.9,8.6,4.0,349.0,2.3,0.03,"<0,001",0.06,0.091,0.49,0.003,0.011,,8.1,,,,,,,,,,,,,,,,,,,,,,,,,,,,,,,,,,,,,,,,,,,,,,,,,,,,,,,,,,,,,,,,,,,,,,,,,,,,,,,,,,,,,,,,,
datasets/gov/aaa/ezeru_monitoringas/EzeruValstybinioMonitoringoDuomenys,f89d91a3-f6e7-4e25-9c6e-9d2180b1605f,206dd93c-b1f6-46c1-8b7a-5147ce695ee5,,Utenos,Ilgis,LTL356,Ilgis,POINT (6106470 594887),2020-08-11,22.8,2.6,3.3,9.1,8.53,1.6,333.0,1.3,"<0,015","<0,005",0.033,0.053,0.421,"<0,015","<0,015",,3.3,,,,,,,,,,,,,,,,,,,,,,,,,,,,,,,,,,,,,,,,,,,,,,,,,,,,,,,,,,,,,,,,,,,,,,,,,,,,,,,,,,,,,,,,,
datasets/gov/aaa/ezeru_monitoringas/EzeruValstybinioMonitoringoDuomenys,f89e39a5-cce1-443c-ae3d-4b89dc4256d3,8bc69723-cbfb-417a-b44e-bda3c58a47ef,,Utenos,Žiegas,LTL296,Žiegas,POINT (6179486 611700),2020-05-07,10.9,<2,2.5,12.5,8.4,4.0,271.0,1.7,"<0,014",0.001,0.05,0.065,0.31,"<0,002",0.013,,3.8,,,,,,,,,,,,,,,,,,,,,,,,,,,,,,,,,,,,,,,,,,,,,,,,,,,,,,,,,,,,,,,,,,,,,,,,,,,,,,,,,,,,,,,,,
datasets/gov/aaa/ezeru_monitoringas/EzeruValstybinioMonitoringoDuomenys,f8bc5da2-bd10-46df-90b0-04fb2df8f75a,ead81c09-387f-4d2a-9991-a635ce4e9492,,Utenos,Almajas,LTL322,Almajas,POINT (6141249 625462),2020-10-07,14.9,<2,2.8,8.6,8.2,3.3,278.0,0.78,0.04,0.001,0.03,0.071,0.32,"<0,002",0.015,,6.4,,,,,,,,,,,,,,,,,,,,,,,,,,,,,,,,,,,,,,,,,,,,,,,,,,,,,,,,,,,,,,,,,,,,,,,,,,,,,,,,,,,,,,,,,
datasets/gov/aaa/ezeru_monitoringas/EzeruValstybinioMonitoringoDuomenys,f8be72cf-88f7-40ca-9f37-c4c2e93e9c3d,b78d08c1-1297-4b4e-a2a7-283e59ab0218,,Šiaulių,Viekšnalių ežeras,LTL505,Viekšnalių ež.,POINT (6191599 405717),2018-07-17,24.0,10,3.4,,7.9,   Nematuota,324.0,5.3,0.026,0.001,"<0,003",0.03,0.97,0.005,0.029,,2.99,,,,,,,,,,,,,,,,,,,,,,,,,,,,,,,,,,,,,,,,,,,,,,,,,,,,,,,,,,,,,,,,,,,,,,,,,,,,,,,,,,,,,,,,,
datasets/gov/aaa/ezeru_monitoringas/EzeruValstybinioMonitoringoDuomenys,f8f307fe-0dab-4a8d-961e-3a36ab1e38aa,6b502d90-e3e9-4f78-8894-8b2221f908de,,Vilniaus,Balsys(Žalieji ežerai),LTL509,Balsys (Žalieji ežerai),POINT (6073599 585625),2021-08-16,21.5,<2,2.6,10.7,8.5,3.4,320.0,2.3,"<0,02","<0,005",0.069,0.094,0.256,"<0,015","<0,015",,5.33,,,,,,,,,,,,,,,,,,,,,,,,,,,,,,,,,,,,,,,,,,,,,,,,,,,,,,,,,,,,,,,,,,,,,,,,,,,,,,,,,,,,,,,,,
datasets/gov/aaa/ezeru_monitoringas/EzeruValstybinioMonitoringoDuomenys,f90a922a-bc23-4a05-bb8d-182e905f5618,082c17f9-27a7-4f10-8601-e094e3bafb91,,Vilniaus,Musia,LTL508,Musia,POINT (6093530 577027),2019-08-13,21.1,11,4.7,10.3,8.5,0.9,471.0,4.2,0.026,"<0,005",0.054,0.085,0.688,"<0,015",0.071,,56.8,,,,,,,,,,,,,,,,,,,,,,,,,,,,,,,,,,,,,,,,,,,,,,,,,,,,,,,,,,,,,,,,,,,,,,,,,,,,,,,,,,,,,,,,,
datasets/gov/aaa/ezeru_monitoringas/EzeruValstybinioMonitoringoDuomenys,f90eebaa-3839-4dfd-9aa9-c73b2443b150,b745e8c5-c992-4454-b609-709a3e91f550,,Utenos,Laukesas,LTL527,Laukesas,POINT (6181714 644152),2020-10-19,10.9,2.4,3.5,7.7,8.0,2.7,366.0,1.4,0.17,0.008,0.14,0.318,0.77,0.024,0.046,,3.6,,,,,,,,,,,,,,,,,,,,,,,,,,,,,,,,,,,,,,,,,,,,,,,,,,,,,,,,,,,,,,,,,,,,,,,,,,,,,,,,,,,,,,,,,
datasets/gov/aaa/ezeru_monitoringas/EzeruValstybinioMonitoringoDuomenys,f91ae85c-3c5c-41d5-92c6-d46cd7631401,bf89b05b-e207-43f7-9e5a-54de4f30390e,,Vilniaus,Skaistis,LTL136,Skaistis,POINT (6059182 562859),2018-07-23,23.5,<2,2.0,108.076,8.73,5.4,323.0,0.9,0.015,"<0,004",0.039,0.058,0.248,"<0,014","<0,014",,1,,,,,,,,,,,,,,,,,,,,,,,,,,,,,,,,,,,,,,,,,,,,,,,,,,,,,,,,,,,,,,,,,,,,,,,,,,,,,,,,,,,,,,,,,
datasets/gov/aaa/ezeru_monitoringas/EzeruValstybinioMonitoringoDuomenys,f927bd49-be9c-499a-9602-8b9fcbaf9532,62d59e6d-b0a1-4c04-b21b-17fc810f9778,,Utenos,Alnis,LTL65,Alnis,POINT (6127535 606156),2019-01-28,1.3,<2,1.9,9.6,8.3,7.4,211.0,3.7,0.24,0.002,0.04,0.282,0.63,0.004,0.009,,,,,,,,,,,,,,,,,,,,,,,,,,,,,,,,,,,,,,,,,,,,,,,,,,,,,,,,,,,,,,,,,,,,,,,,,,,,,,,,,,,,,,,,,,,
datasets/gov/aaa/ezeru_monitoringas/EzeruValstybinioMonitoringoDuomenys,f9951166-28cf-437b-8d90-03873c70e50c,ff8f72f9-ef36-47ac-aa47-6bd6fc759668,,Alytaus,Šlavantas,LTL177,Šlavantas,POINT (6000220 476800),2018-05-30,23.0,4.5,3.8,112.941,8.5,2.8,379.0,3.2,0.06,0.003,0.04,0.103,0.8,0.028,0.079,,1.8,,,,,,,,,,,,,,,,,,,,,,,,,,,,,,,,,,,,,,,,,,,,,,,,,,,,,,,,,,,,,,,,,,,,,,,,,,,,,,,,,,,,,,,,,
datasets/gov/aaa/ezeru_monitoringas/EzeruValstybinioMonitoringoDuomenys,f9a752bd-bea5-434f-9a0f-b7d3fd4f449a,85a3c488-d2f1-4a30-ba55-8ed0d197e678,,Vilniaus,Baluošai,LTL358,Baluošai,POINT (6102150 599957),2021-05-17,13.9,<2,3.0,11.8,8.68,4.4,343.0,2.3,0.021,"<0,005",0.074,0.1,0.457,"<0,015",0.019,,5.0,,,,,,,,,,,,,,,,,,,,,,,,,,,,,,,,,,,,,,,,,,,,,,,,,,,,,,,,,,,,,,,,,,,,,,,,,,,,,,,,,,,,,,,,,
datasets/gov/aaa/ezeru_monitoringas/EzeruValstybinioMonitoringoDuomenys,fa106bc0-af7a-4179-90ec-4c96f62a8508,ff319cee-9d9d-4327-9529-19c83888c8da,,Alytaus,Glūkas,LTL234,Glūkas,POINT (6016677 537137),2021-05-12,11.2,2.5,2.3,11.7,8.7,3.3,364.0,3.9,0.03,0.002,0.11,0.142,0.34,0.009,0.059,,9.0,,,,,,,,,,,,,,,,,,,,,,,,,,,,,,,,,,,,,,,,,,,,,,,,,,,,,,,,,,,,,,,,,,,,,,,,,,,,,,,,,,,,,,,,,
datasets/gov/aaa/ezeru_monitoringas/EzeruValstybinioMonitoringoDuomenys,fa19249f-56da-43b8-8cc7-f2341666c2fb,fb896fbd-7739-423b-8f01-b5b78502e8d7,,Šiaulių,Platelių ežeras,LTL34,Plateliai,POINT (6214390 366955),2019-07-29,25.0,8.6,3.7,6.9,8.4,6.3,186.0,5.8,0.027,0.002,0.022,0.051,0.76,"<0,005",0.032,,2.07,,,,,,,,,,,,,,,,,,,,,,,,,,,,,,,,,,,,,,,,,,,,,,,,,,,,,,,,,,,,,,,,,,,,,,,,,,,,,,,,,,,,,,,,,
datasets/gov/aaa/ezeru_monitoringas/EzeruValstybinioMonitoringoDuomenys,fa1bf2d2-e59b-4dc2-b1c6-a026e0828107,f1a7c98e-4c69-404b-843c-f9d414fc27c4,,Vilniaus RAAD,Didžiulis,LTL134,Didžiulis,,2022-08-25,24.6,25,2.3,12.84,9.23,0.6,322.0,5.7,0.04,0.013,0.063,0.116,0.184,0.057,0.057,,179.9,,,,,,,,,,,,,,,,,,,,,,,,,,,,,,,,,,,,,,,,,,,,,,,,,,,,,,,,,,,,,,,,,,,,,,,,,,,,,,,,,,,,,,,,,
datasets/gov/aaa/ezeru_monitoringas/EzeruValstybinioMonitoringoDuomenys,fa4083ef-3de2-4f91-881a-90fcdf968d73,dc86641e-3056-44f6-b456-a85b58d597f3,,Šiaulių,Kivylių tvenkinys,LTL270,Kivylių,POINT (6246663 419282),2020-07-21,20.0,6.9,5.6,9.3,8.2,1.3,763.0,3.6,0.038,0.003,0.048,0.089,1.0,0.011,0.085,,24.27,,,,,,,,,,,,,,,,,,,,,,,,,,,,,,,,,,,,,,,,,,,,,,,,,,,,,,,,,,,,,,,,,,,,,,,,,,,,,,,,,,,,,,,,,
datasets/gov/aaa/ezeru_monitoringas/EzeruValstybinioMonitoringoDuomenys,fa76a519-5713-4947-b49a-77b186589767,9c8c78a9-698c-450f-b05f-64c2b13fe79c,,Šiaulių,Paežerių ežeras,LTL461,Paežerių,POINT (6202156 424935),2018-05-02,15.0,5.1,3.9,,8.6,1.2,430.0,1.2,0.01,0.014,0.52,0.544,1.4,"<0,005",0.037,,7.81,,,,,,,,,,,,,,,,,,,,,,,,,,,,,,,,,,,,,,,,,,,,,,,,,,,,,,,,,,,,,,,,,,,,,,,,,,,,,,,,,,,,,,,,,
datasets/gov/aaa/ezeru_monitoringas/EzeruValstybinioMonitoringoDuomenys,faa39fb7-5ce2-48c2-876c-be4748e87460,547623b4-afdb-4139-b2bb-9e70b1829d80,,Utenos,Linkmenas,LTL330,Linkmenas,POINT (6138980 626413),2021-08-24,19.8,<2,3.0,8.9,8.3,3.4,253.0,1.5,"<0,014","<0,001",0.02,0.035,0.17,"<0,002",0.027,,7.25,,,,,,,,,,,,,,,,,,,,,,,,,,,,,,,,,,,,,,,,,,,,,,,,,,,,,,,,,,,,,,,,,,,,,,,,,,,,,,,,,,,,,,,,,
datasets/gov/aaa/ezeru_monitoringas/EzeruValstybinioMonitoringoDuomenys,faee87cd-d9f6-4666-93d6-8be092f0b555,fff10a4c-7264-473b-8f81-1773f9454e17,,Utenos,Šventas,LTL39,Šventas,POINT (6166706 644760),2020-09-16,16.8,<2,0.92,9.0,8.0,6.4,89.0,0.81,0.04,0.001,0.04,0.081,0.32,"<0,002","<0,0081",,1.9,,,,,,,,,,,,,,,,,,,,,,,,,,,,,,,,,,,,,,,,,,,,,,,,,,,,,,,,,,,,,,,,,,,,,,,,,,,,,,,,,,,,,,,,,
datasets/gov/aaa/ezeru_monitoringas/EzeruValstybinioMonitoringoDuomenys,fb231196-cf1b-4ad7-9ecc-924f87c84410,23e1a373-ad47-480e-9360-b2621320ec5a,,Kauno,Jurbarkų tvenkinys,LTL423,Jurbarkų tvenkinys,POINT (6107219 418720),2021-07-19,27.8,4,2.8,10.4,8.7,1.6,512.0,3.5,0.03,0.087,0.22,0.337,3.3,0.034,0.13,,15.54,,,,,,,,,,,,,,,,,,,,,,,,,,,,,,,,,,,,,,,,,,,,,,,,,,,,,,,,,,,,,,,,,,,,,,,,,,,,,,,,,,,,,,,,,
datasets/gov/aaa/ezeru_monitoringas/EzeruValstybinioMonitoringoDuomenys,fb32dc70-012e-4303-aedc-0fd37ccd1718,ad569e1b-b0f8-45a8-be44-7592605ba7c7,,Marijampolės,Orija,LTL202,Orija,POINT (6027652 449130),2020-09-24,16.9,5,3.0,9.8,8.6,1.6,452.0,3,0.02,0.002,0.03,0.052,0.5,0.007,0.058,,24.2,,,,,,,,,,,,,,,,,,,,,,,,,,,,,,,,,,,,,,,,,,,,,,,,,,,,,,,,,,,,,,,,,,,,,,,,,,,,,,,,,,,,,,,,,
datasets/gov/aaa/ezeru_monitoringas/EzeruValstybinioMonitoringoDuomenys,fb4927fc-a110-4d81-be79-ea9d7097bc13,c4158921-0eb8-4523-a49b-29a16e4f8d7a,,Kauno,Angirių tvenkinys,LTL410,Angirių tvenkinys,POINT (6128127 482763),2018-07-25,25.7,2.7,4.7,117.72,8.75,2,531.0,2,0.02,0.031,1.7,1.751,2.5,0.004,0.04,,7.6,,,,,,,,,,,,,,,,,,,,,,,,,,,,,,,,,,,,,,,,,,,,,,,,,,,,,,,,,,,,,,,,,,,,,,,,,,,,,,,,,,,,,,,,,
datasets/gov/aaa/ezeru_monitoringas/EzeruValstybinioMonitoringoDuomenys,fbd1b1c6-efd8-4004-8097-ee4664db051c,18911b04-7eff-45f8-8f49-cff39d7d0593,,Šiaulių,Tausalas,LTL206,Tausalas,POINT (6213325 393517),2017-07-26,20.0,10,3.3,5.4,7.6,1.4,332.0,4.7,0.008,0.002,0.008,0.018,1.0,0.005,0.07,,6.51,,,,,,,,,,,,,,,,,,,,,,,,,,,,,,,,,,,,,,,,,,,,,,,,,,,,,,,,,,,,,,,,,,,,,,,,,,,,,,,,,,,,,,,,,
datasets/gov/aaa/ezeru_monitoringas/EzeruValstybinioMonitoringoDuomenys,fbd46ffd-67e8-432a-bdf5-514d3648c274,fd5f700c-8bb3-42bd-89e1-27956b870328,,Alytaus,Vilkinys,LTL239,Vilkinys,POINT (5989902 486068),2019-05-21,17.8,5,2.4,10.2,8.5,3.1,381.0,2.8,0.09,0.003,0.12,0.213,0.4,0.02,0.046,,8.7,,,,,,,,,,,,,,,,,,,,,,,,,,,,,,,,,,,,,,,,,,,,,,,,,,,,,,,,,,,,,,,,,,,,,,,,,,,,,,,,,,,,,,,,,
datasets/gov/aaa/ezeru_monitoringas/EzeruValstybinioMonitoringoDuomenys,fbf5d5cf-1ae7-446e-9f96-69422932762a,92abe44c-c129-44eb-843f-5ac91ceb4bea,,Marijampolės,Stebuliškių tvenkinys,LTL542,Stebuliškių tvenkinys,POINT (6038735 456571),2017-05-30,19.8,7.2,6.2,10.1,8.34,1.2,730.0,5.3,0.06,0.08,0.3,0.44,1.0,"<0,004",0.051,,11.25,,,,,,,,,,,,,,,,,,,,,,,,,,,,,,,,,,,,,,,,,,,,,,,,,,,,,,,,,,,,,,,,,,,,,,,,,,,,,,,,,,,,,,,,,
datasets/gov/aaa/ezeru_monitoringas/EzeruValstybinioMonitoringoDuomenys,fc298a46-9da6-4de1-804a-4a550eb05a93,3ffbbb9e-eb31-43d7-bf46-293b6b5e6dac,,Panevėžio,Sartai,LTL169,Sartai,POINT (6188825 615033),2018-04-23,8.9,2.7,4.4,94.128,8.4,2,421.0,2.7,"<0,014",0.004,0.65,0.668,1.4,"<0,002",0.029,,27.43,,,,,,,,,,,,,,,,,,,,,,,,,,,,,,,,,,,,,,,,,,,,,,,,,,,,,,,,,,,,,,,,,,,,,,,,,,,,,,,,,,,,,,,,,
datasets/gov/aaa/ezeru_monitoringas/EzeruValstybinioMonitoringoDuomenys,fcc84b7a-8623-4570-a2b1-ba3913e8d2bf,235c9061-1d2b-416e-acda-7130c2ea1c96,,Vilniaus RAAD,Lakajas,LTL353,Lakajas,,2022-08-31,21.7,<2,2.7,7.1,7.74,2.8,304.0,1.4,"<0,02","<0,005",0.016,0.041,0.119,"<0,015",0.015,,50.6,,,,,,,,,,,,,,,,,,,,,,,,,,,,,,,,,,,,,,,,,,,,,,,,,,,,,,,,,,,,,,,,,,,,,,,,,,,,,,,,,,,,,,,,,
datasets/gov/aaa/ezeru_monitoringas/EzeruValstybinioMonitoringoDuomenys,fccdbe84-0b5a-43cb-a682-081609b81d89,89a94b92-7267-4022-98c5-9f539c77a70c,,Utenos,Paštys,LTL293,Paštys,POINT (6176255 606702),2017-07-24,19.6,"<1,7",4,5.5,8.1,1.3,374.0,2.1,0.05,0.008,0.09,0.148,0.52,0.007,0.023,,4.0,,,,,,,,,,,,,,,,,,,,,,,,,,,,,,,,,,,,,,,,,,,,,,,,,,,,,,,,,,,,,,,,,,,,,,,,,,,,,,,,,,,,,,,,,
datasets/gov/aaa/ezeru_monitoringas/EzeruValstybinioMonitoringoDuomenys,fd37c613-d8c3-4095-832f-675bea3279cd,16dc962e-f383-4239-ad2c-30f19409a10b,,Šiaulių,Platelių ežeras,LTL34,Plateliai,POINT (6214390 366955),2018-04-24,7.0,<2,1.6,,8.7,6.5,200.0,1.8,0.027,"<0,001",0.05,0.078,0.68,"<0,005",0.01,,9.05,,,,,,,,,,,,,,,,,,,,,,,,,,,,,,,,,,,,,,,,,,,,,,,,,,,,,,,,,,,,,,,,,,,,,,,,,,,,,,,,,,,,,,,,,
datasets/gov/aaa/ezeru_monitoringas/EzeruValstybinioMonitoringoDuomenys,fd636b15-a981-4f76-9513-b5abb43ae854,4bac5f05-9bb2-4827-a63e-b0585fe9564e,,Utenos,Bebrusai,LTL345,Bebrusai,POINT (6118115 593491),2020-09-24,15.8,"<1,9",3.0,9.7,8.5,3.6,364.0,1.9,0.031,0.008,0.094,0.133,0.623,"<0,015",0.02,,7.6,,,,,,,,,,,,,,,,,,,,,,,,,,,,,,,,,,,,,,,,,,,,,,,,,,,,,,,,,,,,,,,,,,,,,,,,,,,,,,,,,,,,,,,,,
datasets/gov/aaa/ezeru_monitoringas/EzeruValstybinioMonitoringoDuomenys,fda13957-5ff0-4a2f-97b7-50a88def09f3,ca435935-68f3-44f8-bc33-b3f4d005c719,,Kauno,Mantviliškio tvenkinys,LTL409,Mantviliškio,POINT (6147383 487438),2018-05-15,18.5,7.2,5.1,135.484,8.49,1.1,613.0,4,0.021,0.032,4.3,4.353,4.7,0.006,0.058,,2.56,,,,,,,,,,,,,,,,,,,,,,,,,,,,,,,,,,,,,,,,,,,,,,,,,,,,,,,,,,,,,,,,,,,,,,,,,,,,,,,,,,,,,,,,,
datasets/gov/aaa/ezeru_monitoringas/EzeruValstybinioMonitoringoDuomenys,fdd68e53-c4f8-4bb8-a980-55eede69ac08,a4e9c93d-0b58-4ff4-84d4-5a8bd5bd9761,,Marijampolės,Žaltytis,LTL245,Žaltytis,POINT (6029692 462819),2020-07-29,23.5,5,2.7,10.0,8.8,2.4,488.0,3.3,0.03,0.009,0.12,0.159,1.8,0.007,0.074,,5.6,,,,,,,,,,,,,,,,,,,,,,,,,,,,,,,,,,,,,,,,,,,,,,,,,,,,,,,,,,,,,,,,,,,,,,,,,,,,,,,,,,,,,,,,,
datasets/gov/aaa/ezeru_monitoringas/EzeruValstybinioMonitoringoDuomenys,fddb71ef-ffdd-486a-8432-c7b8113cfca9,a9c05133-147f-4728-8a6e-53beebf52843,,Šiaulių,Gondingos HE tvenkinys,LTL401,Gondingos HE tvenkinys,POINT (6199101 362292),2018-08-20,22.0,<2,3.5,,7.8,3,344.0,1.5,0.022,0.002,"<0,003",0.027,0.061,"<0,005",0.029,,35.6,,,,,,,,,,,,,,,,,,,,,,,,,,,,,,,,,,,,,,,,,,,,,,,,,,,,,,,,,,,,,,,,,,,,,,,,,,,,,,,,,,,,,,,,,
datasets/gov/aaa/ezeru_monitoringas/EzeruValstybinioMonitoringoDuomenys,fe0e1188-6bcc-453a-ad78-f7e82d03efb3,8064e6d7-b1a6-4fef-b533-878ffe0bb2d8,,Vilniaus RAAD,Vilnoja,LTL365,Vilnoja,,2022-10-05,11.8,2.3,2.6,9.1,8.2,3.2,287.0,2.5,"<0,02","<0,005",0.022,0.047,0.752,"<0,015",0.017,,6.3,,,,,,,,,,,,,,,,,,,,,,,,,,,,,,,,,,,,,,,,,,,,,,,,,,,,,,,,,,,,,,,,,,,,,,,,,,,,,,,,,,,,,,,,,
datasets/gov/aaa/ezeru_monitoringas/EzeruValstybinioMonitoringoDuomenys,fe19c7fd-b145-42ac-b1d5-55eb9df7d5dc,1bb91825-1ffb-451e-b3b7-89ee721413db,,Utenos,Nevėža,LTL285,Nevėža,POINT (6146804 575316),2020-07-22,21.7,5.3,4.1,7.0,8.6,1.4,493.0,2.3,0.05,0.025,1.1,1.175,1.4,0.007,0.016,,8.2,,,,,,,,,,,,,,,,,,,,,,,,,,,,,,,,,,,,,,,,,,,,,,,,,,,,,,,,,,,,,,,,,,,,,,,,,,,,,,,,,,,,,,,,,
datasets/gov/aaa/ezeru_monitoringas/EzeruValstybinioMonitoringoDuomenys,fe2e3eb7-039a-4b0e-b56d-aea79b72f038,63a64ab1-3432-4331-bc83-4ee55519efd9,,Šiaulių,Kivylių tvenkinys,LTL270,Kivylių,POINT (6246663 419282),2020-09-17,16.0,12,5.6,8.8,8.3,0.95,795.0,2.7,0.064,0.002,"<0,002",0.068,0.92,0.051,0.14,,22.94,,,,,,,,,,,,,,,,,,,,,,,,,,,,,,,,,,,,,,,,,,,,,,,,,,,,,,,,,,,,,,,,,,,,,,,,,,,,,,,,,,,,,,,,,
datasets/gov/aaa/ezeru_monitoringas/EzeruValstybinioMonitoringoDuomenys,fe40097c-4523-46a7-9dc7-d50bb262f9ef,26c5530b-7b6d-4c31-9796-c386c5623830,,Vilniaus,Riešė,LTL165,Riešė,POINT (6072871 571379),2021-09-28,11.5,9.8,3.5,9.9,8.52,0.9,391.0,4.8,0.03,0.007,0.067,0.104,0.529,"<0,015",0.027,,59.94,,,,,,,,,,,,,,,,,,,,,,,,,,,,,,,,,,,,,,,,,,,,,,,,,,,,,,,,,,,,,,,,,,,,,,,,,,,,,,,,,,,,,,,,,
datasets/gov/aaa/ezeru_monitoringas/EzeruValstybinioMonitoringoDuomenys,fe526ea9-5583-480b-928a-b7d001bf590a,27ce07e2-867e-493b-b9f3-aa82aab0439d,,Utenos,Alnis,LTL65,Alnis,POINT (6127535 606156),2018-06-18,22.0,<2,1.8,111.88,9.3,6.4,160.0,2,0.014,"<0,001",0.02,0.035,0.29,0.004,0.0083,,1.3,,,,,,,,,,,,,,,,,,,,,,,,,,,,,,,,,,,,,,,,,,,,,,,,,,,,,,,,,,,,,,,,,,,,,,,,,,,,,,,,,,,,,,,,,
datasets/gov/aaa/ezeru_monitoringas/EzeruValstybinioMonitoringoDuomenys,fe8f8ba6-af9c-4e46-b459-1e8bc2d6690e,19a075a3-05d8-432a-9bde-6fda769715f0,,Utenos,Čičirys,LTL222,Čičirys,POINT (6187704 628556),2019-08-19,21.0,<2,3.1,3.5,8.6,6.0,294.0,1.5,"<0,014","<0,001",0.05,0.065,0.73,0.002,0.018,,1.9,,,,,,,,,,,,,,,,,,,,,,,,,,,,,,,,,,,,,,,,,,,,,,,,,,,,,,,,,,,,,,,,,,,,,,,,,,,,,,,,,,,,,,,,,
datasets/gov/aaa/ezeru_monitoringas/EzeruValstybinioMonitoringoDuomenys,fea7de2c-787d-4a30-a4df-95cbc612f190,92d474f1-55d7-4660-8e0f-10a6c31347cf,,Utenos RAAD,Lamėstas,LTL444,Lamėstas,,2022-10-06,10.5,<2,3.5,7.8,8.15,1.8,400.0,2.2,0.066,"<0,005",0.071,0.142,1.03,"<0,015",0.021,,6.6,,,,,,,,,,,,,,,,,,,,,,,,,,,,,,,,,,,,,,,,,,,,,,,,,,,,,,,,,,,,,,,,,,,,,,,,,,,,,,,,,,,,,,,,,
datasets/gov/aaa/ezeru_monitoringas/EzeruValstybinioMonitoringoDuomenys,fed5f2fa-c82e-4734-afd3-4cc6eb078fa6,5ea893d7-a6a9-45f7-8b62-10c986ec13f8,,Vilniaus,Žirnajai,LTL154,Žirnajai,POINT (6109520 547965),2019-10-03,12.9,"<1,9",3.0,8.9,8.34,4.1,345.0,0.9,0.025,0.008,0.033,0.066,0.306,"<0,015","<0,015",,6.3,,,,,,,,,,,,,,,,,,,,,,,,,,,,,,,,,,,,,,,,,,,,,,,,,,,,,,,,,,,,,,,,,,,,,,,,,,,,,,,,,,,,,,,,,
datasets/gov/aaa/ezeru_monitoringas/EzeruValstybinioMonitoringoDuomenys,fedfbd96-1dbb-4306-9cea-197ff59332f3,5b0f058c-0dac-48f4-a8be-21d7f0b8194e,,Utenos RAAD,Viešintas,LTL383,Viešintas,,2022-10-03,11.9,<2,3.5,9.1,8.2,3.4,415.0,1.5,0.08,0.004,0.05,0.134,0.55,"<0,002",0.016,,8.2,,,,,,,,,,,,,,,,,,,,,,,,,,,,,,,,,,,,,,,,,,,,,,,,,,,,,,,,,,,,,,,,,,,,,,,,,,,,,,,,,,,,,,,,,
datasets/gov/aaa/ezeru_monitoringas/EzeruValstybinioMonitoringoDuomenys,ff38cb71-da3d-4469-900d-83e1e85695cf,93c29433-c018-4953-b3c1-768e619f5151,,Utenos,Šiurpys,LTL311,Šiurpys,POINT (6169946 635569),2021-04-22,9.0,<2,1.0,12.2,7.8,7.4,95.0,1.4,0.19,0.002,0.04,0.232,0.55,"<0,002","<0,0081",,2.7,,,,,,,,,,,,,,,,,,,,,,,,,,,,,,,,,,,,,,,,,,,,,,,,,,,,,,,,,,,,,,,,,,,,,,,,,,,,,,,,,,,,,,,,,
datasets/gov/aaa/ezeru_monitoringas/EzeruValstybinioMonitoringoDuomenys,ff460e6f-3bbc-4d59-87d0-c6857414b319,ba421108-7a1e-4970-bbe9-f2e7eb40d201,,Utenos,Asavas,LTL310,Asavas,POINT (6167521 638935),2019-07-11,18.3,<2,1.0,9.8,8.6,2.8,282.0,0.96,0.04,"<0,001",0.03,0.071,0.42,0.002,0.017,,1.2,,,,,,,,,,,,,,,,,,,,,,,,,,,,,,,,,,,,,,,,,,,,,,,,,,,,,,,,,,,,,,,,,,,,,,,,,,,,,,,,,,,,,,,,,
datasets/gov/aaa/ezeru_monitoringas/EzeruValstybinioMonitoringoDuomenys,ff47cf5a-1b6e-4919-9b08-0a7e15fe1e3e,55659ea1-d6f2-4e41-9729-bb3cb220952c,,Alytaus RAAD,Aviris,LTL181,Aviris,,2022-07-18,20.7,1.5,2.2,9.9,8.6,3.9,303.0,2.5,0.05,0.003,0.11,0.163,0.51,"<0,007",0.02,,3.0,,,,,,,,,,,,,,,,,,,,,,,,,,,,,,,,,,,,,,,,,,,,,,,,,,,,,,,,,,,,,,,,,,,,,,,,,,,,,,,,,,,,,,,,,
datasets/gov/aaa/ezeru_monitoringas/EzeruValstybinioMonitoringoDuomenys,ff4a19ce-7bcc-4f33-ab95-473232ca7ba9,1883122b-fc8f-46af-8c50-bad9d3de9207,,Vilniaus,Totoriškių ežeras,LTL467,Totoriškių ež.,POINT (6056190 559974),2020-05-05,11.4,3.3,2.8,12.71,8.57,3.3,513.0,2.1,"<0,015","<0,005",0.027,0.047,0.13,"<0,015",0.021,,4.5,,,,,,,,,,,,,,,,,,,,,,,,,,,,,,,,,,,,,,,,,,,,,,,,,,,,,,,,,,,,,,,,,,,,,,,,,,,,,,,,,,,,,,,,,
datasets/gov/aaa/ezeru_monitoringas/EzeruValstybinioMonitoringoDuomenys,ff4f1168-9af0-49b4-b25f-8c75ab2e1324,13a74626-6dcd-4374-812c-45d0e58d3a53,,Utenos,Mūšėjus,LTL288,Mušėjus,POINT (6149216 582296),2020-07-22,21.9,6.6,3.6,6.6,8.7,1.1,373.0,4.8,0.02,0.001,0.09,0.111,1.0,0.003,0.039,,27.2,,,,,,,,,,,,,,,,,,,,,,,,,,,,,,,,,,,,,,,,,,,,,,,,,,,,,,,,,,,,,,,,,,,,,,,,,,,,,,,,,,,,,,,,,
datasets/gov/aaa/ezeru_monitoringas/EzeruValstybinioMonitoringoDuomenys,ff5b4329-2ae7-4ba2-8409-c46dd34a60f8,75c555ba-1c01-4518-b3ca-d41f35add9cf,,Klaipėdos,Draudenių ežeras,LTL205,Draudenių ežeras,POINT (6132497 371778),2020-04-21,10.0,2.9,3.5,9.3,8.7,1.6,349.0,3.3,0.056,0.004,1.3,1.36,1.6,"<0,005",0.021,,18.94,,,,,,,,,,,,,,,,,,,,,,,,,,,,,,,,,,,,,,,,,,,,,,,,,,,,,,,,,,,,,,,,,,,,,,,,,,,,,,,,,,,,,,,,,
datasets/gov/aaa/ezeru_monitoringas/EzeruValstybinioMonitoringoDuomenys,ff6eb3e7-4c7d-4173-b2ae-8a4bddc96793,6030d47d-1abe-4b81-8389-0a46a04fd836,,Alytaus RAAD,Giluitis,LTL500,Giluitis,,2022-07-21,21.9,2,3.9,11.4,8.6,2.4,513.0,3.7,0.03,0.031,1,1.061,1.7,"<0,007",0.024,,9.9,,,,,,,,,,,,,,,,,,,,,,,,,,,,,,,,,,,,,,,,,,,,,,,,,,,,,,,,,,,,,,,,,,,,,,,,,,,,,,,,,,,,,,,,,
datasets/gov/aaa/ezeru_monitoringas/EzeruValstybinioMonitoringoDuomenys,ff79df59-e040-4ddf-aa22-ec7094d6ade6,ec619866-b818-43a5-ae05-3a66f4016898,,Kauno,KAUNO MARIOS,LTL71,Kauno marios,POINT (6084954 505731),2019-08-12,20.8,3.1,3.4,7.9,8.39,1.7,415.0,1.8,0.055,0.008,0.081,0.144,0.36,0.163,0.235,,13.5,,,,,,,,,,,,,,,,,,,,,,,,,,,,,,,,,,,,,,,,,,,,,,,,,,,,,,,,,,,,,,,,,,,,,,,,,,,,,,,,,,,,,,,,,
datasets/gov/aaa/ezeru_monitoringas/EzeruValstybinioMonitoringoDuomenys,ffa76e62-0c75-4c95-aa67-b05c40aa1153,4a5511c1-31bf-4c4f-af49-7ad2ba25a2c7,,Utenos,Asveja(Dubingių ežeras),LTL449,Asveja,POINT (6101954 596299),2019-07-18,19.5,2.6,4.4,9.5,8.67,2.5,367.0,0.9,0.062,"<0,005",0.039,0.106,0.288,"<0,015","<0,015",,1.75,,,,,,,,,,,,,,,,,,,,,,,,,,,,,,,,,,,,,,,,,,,,,,,,,,,,,,,,,,,,,,,,,,,,,,,,,,,,,,,,,,,,,,,,,
datasets/gov/aaa/ezeru_monitoringas/EzeruValstybinioMonitoringoDuomenys,ffc857ca-8728-45c8-9a14-c8c71e4b31c6,95156088-ca46-4bf6-a97c-b3605710e327,,Utenos,Stirniai,LTL343,Stirniai,POINT (6124518 605749),2018-06-18,22.3,<2,2.5,107.889,9.2,4.4,235.0,1.1,"<0,014","<0,001",0.04,0.055,0.22,"<0,002","<0,0083",,3.8,,,,,,,,,,,,,,,,,,,,,,,,,,,,,,,,,,,,,,,,,,,,,,,,,,,,,,,,,,,,,,,,,,,,,,,,,,,,,,,,,,,,,,,,,
datasets/gov/aaa/ezeru_monitoringas/EzeruValstybinioMonitoringoDuomenys,ffe0265a-c06b-4f0d-ad6f-35139063c04e,ab621c22-dda9-46f9-9386-22ad473bb48d,,Kauno,KAUNO MARIOS,LTL71,Kauno marios,POINT (6084954 505731),2020-06-03,14.7,4.1,2.9,12.2,8.47,1.6,397.0,2.7,0.026,"<0,005",0.033,0.064,5.65,"<0,015",0.032,,16.3,,,,,,,,,,,,,,,,,,,,,,,,,,,,,,,,,,,,,,,,,,,,,,,,,,,,,,,,,,,,,,,,,,,,,,,,,,,,,,,,,,,,,,,,,
datasets/gov/aaa/ezeru_monitoringas/EzeruValstybinioMonitoringoDuomenys,ffeae067-dc23-484f-9d34-6a63f967f862,d0939d6e-9e93-48d7-b44a-f36820816a57,,Klaipėdos,Mosėdžio I tvenkinys,LTL262,Mosėdžio I tvenkinys,POINT (6227142 350031),2021-08-25,18.0,3.1,3.7,7.2,8.3,1.7,372.0,2.4,0.02,0.003,0.022,0.045,0.68,"<0,006",0.039,,16.65,,,,,,,,,,,,,,,,,,,,,,,,,,,,,,,,,,,,,,,,,,,,,,,,,,,,,,,,,,,,,,,,,,,,,,,,,,,,,,,,,,,,,,,,,
datasets/gov/aaa/ezeru_monitoringas/EzeruValstybinioMonitoringoDuomenys,ffefddb7-685d-4f02-8a74-b9a34f5fd873,115188a4-79f7-432e-8049-cac790b65c49,,Alytaus,Didžiulis,LTL197,Didžiulis,POINT (6022712 523178),2021-07-22,24.3,5,3.1,8.9,8.6,1.9,331.0,1.8,0.04,0.002,0.03,0.072,0.28,0.011,0.048,,2.8,,,,,,,,,,,,,,,,,,,,,,,,,,,,,,,,,,,,,,,,,,,,,,,,,,,,,,,,,,,,,,,,,,,,,,,,,,,,,,,,,,,,,,,,,
datasets/gov/aaa/ezeru_monitoringas/EzeruValstybinioMonitoringoDuomenys,fffdccab-dd46-4b40-89f0-443a50e8c040,e417121e-3218-44c8-9913-0c065069c32f,WyJmZmZkY2NhYi1kZDQ2LTRiNDAtODlmMC00NDNhNTBlOGMwNDAiXQ==,Alytaus RAAD,Prapuntas,LTL391,Prapuntas,,2022-09-28,14.1,4.5,3.3,8.8,8.5,4.4,371.0,2.0,0.05,0.003,0.1,0.153,0.44,"<0,007",0.02,,6.1,,,,,,,,,,,,,,,,,,,,,,,,,,,,,,,,,,,,,,,,,,,,,,,,,,,,,,,,,,,,,,,,,,,,,,,,,,,,,,,,,,,,,,,,,
